task,scenario,seed,model,domain,shifted,true_acc,acc_val,true_accuracy_drop,est_naive,est_AC,est_AC_TS,est_DoC,est_ATC,est_AGREE,est_AGREE_DoC,conf_drop,agree_drop,shift_auc,auc_valid,prev_shift,fit_s
ACSEmployment,geo,0,CatBoost,ID,0,0.8246,0.817667,-0.006933,0.817667,0.833856,0.813851,0.812076,0.8028,0.947,0.815333,0.005591,0.002333,0.5,True,0.0,3.542176
ACSEmployment,geo,0,CatBoost,FL-2018,1,0.8096,0.817667,0.008067,0.817667,0.824205,0.803483,0.802424,0.789,0.948,0.816333,0.015242,0.001333,0.70578,True,-0.0328,3.542176
ACSEmployment,geo,0,CatBoost,IL-2018,1,0.8376,0.817667,-0.019933,0.817667,0.833204,0.812913,0.811424,0.81,0.9546,0.822933,0.006243,-0.005267,0.67929,True,0.0064,3.542176
ACSEmployment,geo,0,CatBoost,MS-2018,1,0.8134,0.817667,0.004267,0.817667,0.830058,0.810189,0.808278,0.7994,0.9498,0.818133,0.009389,-0.000467,0.827258,True,-0.073,3.542176
ACSEmployment,geo,0,CatBoost,NY-2018,1,0.8094,0.817667,0.008267,0.817667,0.831025,0.810508,0.809245,0.8044,0.95,0.818333,0.008422,-0.000667,0.636201,True,-0.0038,3.542176
ACSEmployment,geo,0,CatBoost,OH-2018,1,0.829,0.817667,-0.011333,0.817667,0.830742,0.810711,0.808962,0.7942,0.9486,0.816933,0.008705,0.000733,0.753575,True,-0.0094,3.542176
ACSEmployment,geo,0,CatBoost,PA-2018,1,0.8238,0.817667,-0.006133,0.817667,0.830613,0.810088,0.808833,0.805,0.9512,0.819533,0.008834,-0.001867,0.75448,True,-0.0108,3.542176
ACSEmployment,geo,0,CatBoost,TX-2018,1,0.8232,0.817667,-0.005533,0.817667,0.832299,0.812247,0.810519,0.8006,0.9484,0.816733,0.007148,0.000933,0.659769,True,-0.0154,3.542176
ACSEmployment,geo,0,CatBoost,WA-2018,1,0.8216,0.817667,-0.003933,0.817667,0.83108,0.810979,0.8093,0.8026,0.951,0.819333,0.008367,-0.001667,0.657556,True,-0.0104,3.542176
ACSEmployment,geo,0,LightGBM,ID,0,0.823,0.815667,-0.007333,0.815667,0.833818,0.809391,0.810734,0.8,0.94,0.805667,0.004932,0.01,0.5,True,0.0,0.839213
ACSEmployment,geo,0,LightGBM,FL-2018,1,0.8094,0.815667,0.006267,0.815667,0.825442,0.800099,0.802358,0.7824,0.9442,0.809867,0.013308,0.0058,0.70578,True,-0.0328,0.839213
ACSEmployment,geo,0,LightGBM,IL-2018,1,0.8354,0.815667,-0.019733,0.815667,0.833307,0.808503,0.810223,0.7986,0.9482,0.813867,0.005443,0.0018,0.67929,True,0.0064,0.839213
ACSEmployment,geo,0,LightGBM,MS-2018,1,0.8162,0.815667,-0.000533,0.815667,0.833083,0.808685,0.809999,0.8014,0.9428,0.808467,0.005667,0.0072,0.827258,True,-0.073,0.839213
ACSEmployment,geo,0,LightGBM,NY-2018,1,0.8116,0.815667,0.004067,0.815667,0.830299,0.805245,0.807215,0.7976,0.9508,0.816467,0.008451,-0.0008,0.636201,True,-0.0038,0.839213
ACSEmployment,geo,0,LightGBM,OH-2018,1,0.8254,0.815667,-0.009733,0.815667,0.831595,0.807139,0.808512,0.794,0.942,0.807667,0.007155,0.008,0.753575,True,-0.0094,0.839213
ACSEmployment,geo,0,LightGBM,PA-2018,1,0.8202,0.815667,-0.004533,0.815667,0.830878,0.805836,0.807794,0.7978,0.9496,0.815267,0.007873,0.0004,0.75448,True,-0.0108,0.839213
ACSEmployment,geo,0,LightGBM,TX-2018,1,0.8258,0.815667,-0.010133,0.815667,0.832585,0.808223,0.809501,0.7948,0.9438,0.809467,0.006165,0.0062,0.659769,True,-0.0154,0.839213
ACSEmployment,geo,0,LightGBM,WA-2018,1,0.8186,0.815667,-0.002933,0.815667,0.83259,0.807877,0.809506,0.8028,0.9472,0.812867,0.006161,0.0028,0.657556,True,-0.0104,0.839213
ACSEmployment,geo,0,LogReg,ID,0,0.7748,0.769333,-0.005467,0.769333,0.775588,0.765347,0.770991,0.7688,0.9926,0.7716,-0.001658,-0.002267,0.5,True,0.0,0.241886
ACSEmployment,geo,0,LogReg,FL-2018,1,0.7618,0.769333,0.007533,0.769333,0.759697,0.749437,0.7551,0.7414,0.9932,0.7722,0.014233,-0.002867,0.70578,True,-0.0328,0.241886
ACSEmployment,geo,0,LogReg,IL-2018,1,0.7974,0.769333,-0.028067,0.769333,0.76896,0.758686,0.764363,0.7528,0.9924,0.7714,0.00497,-0.002067,0.67929,True,0.0064,0.241886
ACSEmployment,geo,0,LogReg,MS-2018,1,0.7668,0.769333,0.002533,0.769333,0.769594,0.759724,0.764998,0.7432,0.9922,0.7712,0.004336,-0.001867,0.827258,True,-0.073,0.241886
ACSEmployment,geo,0,LogReg,NY-2018,1,0.7706,0.769333,-0.001267,0.769333,0.76581,0.755638,0.761213,0.7448,0.9902,0.7692,0.008121,0.000133,0.636201,True,-0.0038,0.241886
ACSEmployment,geo,0,LogReg,OH-2018,1,0.785,0.769333,-0.015667,0.769333,0.769615,0.759435,0.765018,0.7462,0.9928,0.7718,0.004316,-0.002467,0.753575,True,-0.0094,0.241886
ACSEmployment,geo,0,LogReg,PA-2018,1,0.7816,0.769333,-0.012267,0.769333,0.764165,0.754092,0.759569,0.7306,0.991,0.77,0.009765,-0.000667,0.75448,True,-0.0108,0.241886
ACSEmployment,geo,0,LogReg,TX-2018,1,0.78,0.769333,-0.010667,0.769333,0.773849,0.763633,0.769252,0.763,0.9916,0.7706,8.2e-05,-0.001267,0.659769,True,-0.0154,0.241886
ACSEmployment,geo,0,LogReg,WA-2018,1,0.7756,0.769333,-0.006267,0.769333,0.774567,0.764449,0.76997,0.7628,0.9928,0.7718,-0.000637,-0.002467,0.657556,True,-0.0104,0.241886
ACSEmployment,geo,0,MLP,ID,0,0.8166,0.81,-0.0066,0.81,0.808683,0.80416,0.807845,0.808,0.9092,0.8132,0.002155,-0.0032,0.5,True,0.0,13.191065
ACSEmployment,geo,0,MLP,FL-2018,1,0.8026,0.81,0.0074,0.81,0.801379,0.796612,0.80054,0.8028,0.9054,0.8094,0.00946,0.0006,0.70578,True,-0.0328,13.191065
ACSEmployment,geo,0,MLP,IL-2018,1,0.832,0.81,-0.022,0.81,0.812678,0.808003,0.811839,0.8162,0.9194,0.8234,-0.001839,-0.0134,0.67929,True,0.0064,13.191065
ACSEmployment,geo,0,MLP,MS-2018,1,0.8066,0.81,0.0034,0.81,0.813953,0.809287,0.813115,0.827,0.9172,0.8212,-0.003115,-0.0112,0.827258,True,-0.073,13.191065
ACSEmployment,geo,0,MLP,NY-2018,1,0.8046,0.81,0.0054,0.81,0.808897,0.804208,0.808058,0.8104,0.914,0.818,0.001942,-0.008,0.636201,True,-0.0038,13.191065
ACSEmployment,geo,0,MLP,OH-2018,1,0.826,0.81,-0.016,0.81,0.815035,0.810375,0.814196,0.8266,0.9204,0.8244,-0.004196,-0.0144,0.753575,True,-0.0094,13.191065
ACSEmployment,geo,0,MLP,PA-2018,1,0.8172,0.81,-0.0072,0.81,0.811483,0.806788,0.810644,0.821,0.9182,0.8222,-0.000644,-0.0122,0.75448,True,-0.0108,13.191065
ACSEmployment,geo,0,MLP,TX-2018,1,0.8116,0.81,-0.0016,0.81,0.810031,0.805421,0.809192,0.8146,0.911,0.815,0.000808,-0.005,0.659769,True,-0.0154,13.191065
ACSEmployment,geo,0,MLP,WA-2018,1,0.8158,0.81,-0.0058,0.81,0.809444,0.804867,0.808605,0.8128,0.9102,0.8142,0.001395,-0.0042,0.657556,True,-0.0104,13.191065
ACSEmployment,geo,0,RandForest,ID,0,0.8048,0.800667,-0.004133,0.800667,0.8393,0.777043,0.796558,0.79,0.926,0.791,0.004108,0.009667,0.5,True,0.0,4.266622
ACSEmployment,geo,0,RandForest,FL-2018,1,0.7886,0.800667,0.012067,0.800667,0.831161,0.766015,0.788418,0.785,0.9244,0.7894,0.012248,0.011267,0.70578,True,-0.0328,4.266622
ACSEmployment,geo,0,RandForest,IL-2018,1,0.8106,0.800667,-0.009933,0.800667,0.843301,0.781387,0.800559,0.7962,0.932,0.797,0.000108,0.003667,0.67929,True,0.0064,4.266622
ACSEmployment,geo,0,RandForest,MS-2018,1,0.8006,0.800667,6.7e-05,0.800667,0.834454,0.772458,0.791712,0.7818,0.9262,0.7912,0.008955,0.009467,0.827258,True,-0.073,4.266622
ACSEmployment,geo,0,RandForest,NY-2018,1,0.7882,0.800667,0.012467,0.800667,0.839367,0.776326,0.796624,0.7946,0.9302,0.7952,0.004042,0.005467,0.636201,True,-0.0038,4.266622
ACSEmployment,geo,0,RandForest,OH-2018,1,0.801,0.800667,-0.000333,0.800667,0.845678,0.783817,0.802935,0.8056,0.9272,0.7922,-0.002269,0.008467,0.753575,True,-0.0094,4.266622
ACSEmployment,geo,0,RandForest,PA-2018,1,0.8032,0.800667,-0.002533,0.800667,0.843314,0.780663,0.800572,0.7942,0.9288,0.7938,9.5e-05,0.006867,0.75448,True,-0.0108,4.266622
ACSEmployment,geo,0,RandForest,TX-2018,1,0.8072,0.800667,-0.006533,0.800667,0.839739,0.778455,0.796997,0.7858,0.9336,0.7986,0.00367,0.002067,0.659769,True,-0.0154,4.266622
ACSEmployment,geo,0,RandForest,WA-2018,1,0.7986,0.800667,0.002067,0.800667,0.83699,0.775326,0.794248,0.791,0.9286,0.7936,0.006419,0.007067,0.657556,True,-0.0104,4.266622
ACSEmployment,geo,0,XGBoost,ID,0,0.818,0.810333,-0.007667,0.810333,0.842514,0.802275,0.80429,0.796,0.9324,0.798733,0.006044,0.0116,0.5,True,0.0,0.900675
ACSEmployment,geo,0,XGBoost,FL-2018,1,0.7962,0.810333,0.014133,0.810333,0.832149,0.791001,0.793924,0.7706,0.9258,0.792133,0.016409,0.0182,0.70578,True,-0.0328,0.900675
ACSEmployment,geo,0,XGBoost,IL-2018,1,0.8358,0.810333,-0.025467,0.810333,0.839985,0.799322,0.80176,0.7926,0.9376,0.803933,0.008573,0.0064,0.67929,True,0.0064,0.900675
ACSEmployment,geo,0,XGBoost,MS-2018,1,0.8088,0.810333,0.001533,0.810333,0.839606,0.799887,0.801381,0.791,0.9342,0.800533,0.008952,0.0098,0.827258,True,-0.073,0.900675
ACSEmployment,geo,0,XGBoost,NY-2018,1,0.8092,0.810333,0.001133,0.810333,0.839053,0.797778,0.800829,0.7932,0.9368,0.803133,0.009505,0.0072,0.636201,True,-0.0038,0.900675
ACSEmployment,geo,0,XGBoost,OH-2018,1,0.8202,0.810333,-0.009867,0.810333,0.83776,0.797547,0.799536,0.7852,0.936,0.802333,0.010798,0.008,0.753575,True,-0.0094,0.900675
ACSEmployment,geo,0,XGBoost,PA-2018,1,0.8158,0.810333,-0.005467,0.810333,0.838302,0.797056,0.800078,0.7956,0.9416,0.807933,0.010256,0.0024,0.75448,True,-0.0108,0.900675
ACSEmployment,geo,0,XGBoost,TX-2018,1,0.8178,0.810333,-0.007467,0.810333,0.840062,0.799879,0.801837,0.7916,0.9316,0.797933,0.008496,0.0124,0.659769,True,-0.0154,0.900675
ACSEmployment,geo,0,XGBoost,WA-2018,1,0.8166,0.810333,-0.006267,0.810333,0.838916,0.798461,0.800691,0.7912,0.931,0.797333,0.009642,0.013,0.657556,True,-0.0104,0.900675
ACSEmployment,geo,1,CatBoost,ID,0,0.812,0.829667,0.017667,0.829667,0.829166,0.828042,0.828421,0.8266,0.9532,0.8332,0.001246,-0.003533,0.5,True,0.0,2.63996
ACSEmployment,geo,1,CatBoost,FL-2018,1,0.8158,0.829667,0.013867,0.829667,0.819013,0.817824,0.818267,0.8226,0.945,0.825,0.011399,0.004667,0.687636,True,-0.0129,2.63996
ACSEmployment,geo,1,CatBoost,IL-2018,1,0.8272,0.829667,0.002467,0.829667,0.825973,0.824811,0.825227,0.8302,0.9524,0.8324,0.00444,-0.002733,0.676616,True,0.0255,2.63996
ACSEmployment,geo,1,CatBoost,MS-2018,1,0.8234,0.829667,0.006267,0.829667,0.830147,0.829026,0.829401,0.8376,0.9492,0.8292,0.000266,0.000467,0.83483,True,-0.0635,2.63996
ACSEmployment,geo,1,CatBoost,NY-2018,1,0.8092,0.829667,0.020467,0.829667,0.823127,0.821955,0.822381,0.8306,0.9442,0.8242,0.007285,0.005467,0.639207,True,0.0143,2.63996
ACSEmployment,geo,1,CatBoost,OH-2018,1,0.8314,0.829667,-0.001733,0.829667,0.828028,0.826867,0.827282,0.8382,0.9526,0.8326,0.002384,-0.002933,0.747235,True,0.0043,2.63996
ACSEmployment,geo,1,CatBoost,PA-2018,1,0.825,0.829667,0.004667,0.829667,0.822553,0.821372,0.821808,0.8316,0.9492,0.8292,0.007859,0.000467,0.756334,True,0.0149,2.63996
ACSEmployment,geo,1,CatBoost,TX-2018,1,0.8196,0.829667,0.010067,0.829667,0.83035,0.829251,0.829605,0.822,0.9412,0.8212,6.2e-05,0.008467,0.650714,True,-0.0091,2.63996
ACSEmployment,geo,1,CatBoost,WA-2018,1,0.8158,0.829667,0.013867,0.829667,0.82711,0.825936,0.826364,0.8396,0.9502,0.8302,0.003302,-0.000533,0.650607,True,0.0121,2.63996
ACSEmployment,geo,1,LightGBM,ID,0,0.8162,0.836333,0.020133,0.836333,0.829693,0.825396,0.835523,0.8364,0.9496,0.8336,0.00081,0.002733,0.5,True,0.0,1.436919
ACSEmployment,geo,1,LightGBM,FL-2018,1,0.8142,0.836333,0.022133,0.836333,0.817905,0.813377,0.823736,0.8258,0.95,0.834,0.012598,0.002333,0.687636,True,-0.0129,1.436919
ACSEmployment,geo,1,LightGBM,IL-2018,1,0.8304,0.836333,0.005933,0.836333,0.824531,0.820073,0.830361,0.8406,0.9532,0.8372,0.005972,-0.000867,0.676616,True,0.0255,1.436919
ACSEmployment,geo,1,LightGBM,MS-2018,1,0.8224,0.836333,0.013933,0.836333,0.828232,0.823928,0.834063,0.8442,0.9538,0.8378,0.00227,-0.001467,0.83483,True,-0.0635,1.436919
ACSEmployment,geo,1,LightGBM,NY-2018,1,0.8062,0.836333,0.030133,0.836333,0.82159,0.817096,0.827421,0.8328,0.949,0.833,0.008913,0.003333,0.639207,True,0.0143,1.436919
ACSEmployment,geo,1,LightGBM,OH-2018,1,0.8332,0.836333,0.003133,0.836333,0.824886,0.820465,0.830717,0.8462,0.9566,0.8406,0.005617,-0.004267,0.747235,True,0.0043,1.436919
ACSEmployment,geo,1,LightGBM,PA-2018,1,0.8246,0.836333,0.011733,0.836333,0.816991,0.812514,0.822822,0.8314,0.9524,0.8364,0.013512,-6.7e-05,0.756334,True,0.0149,1.436919
ACSEmployment,geo,1,LightGBM,TX-2018,1,0.818,0.836333,0.018333,0.836333,0.829717,0.825522,0.835548,0.8342,0.9504,0.8344,0.000785,0.001933,0.650714,True,-0.0091,1.436919
ACSEmployment,geo,1,LightGBM,WA-2018,1,0.8144,0.836333,0.021933,0.836333,0.826019,0.821531,0.83185,0.8436,0.9508,0.8348,0.004484,0.001533,0.650607,True,0.0121,1.436919
ACSEmployment,geo,1,LogReg,ID,0,0.774,0.787,0.013,0.787,0.764648,0.777656,0.787021,0.7906,0.9882,0.7942,-2.1e-05,-0.0072,0.5,True,0.0,0.113486
ACSEmployment,geo,1,LogReg,FL-2018,1,0.765,0.787,0.022,0.787,0.749517,0.76252,0.77189,0.7578,0.9842,0.7902,0.01511,-0.0032,0.687636,True,-0.0129,0.113486
ACSEmployment,geo,1,LogReg,IL-2018,1,0.795,0.787,-0.008,0.787,0.758129,0.770922,0.780503,0.7742,0.9846,0.7906,0.006497,-0.0036,0.676616,True,0.0255,0.113486
ACSEmployment,geo,1,LogReg,MS-2018,1,0.7794,0.787,0.0076,0.787,0.761533,0.773843,0.783907,0.7642,0.9858,0.7918,0.003093,-0.0048,0.83483,True,-0.0635,0.113486
ACSEmployment,geo,1,LogReg,NY-2018,1,0.7638,0.787,0.0232,0.787,0.753083,0.765993,0.775456,0.7658,0.9856,0.7916,0.011544,-0.0046,0.639207,True,0.0143,0.113486
ACSEmployment,geo,1,LogReg,OH-2018,1,0.7848,0.787,0.0022,0.787,0.759818,0.772545,0.782191,0.7694,0.9846,0.7906,0.004809,-0.0036,0.747235,True,0.0043,0.113486
ACSEmployment,geo,1,LogReg,PA-2018,1,0.783,0.787,0.004,0.787,0.752068,0.764799,0.774442,0.7508,0.9846,0.7906,0.012558,-0.0036,0.756334,True,0.0149,0.113486
ACSEmployment,geo,1,LogReg,TX-2018,1,0.7722,0.787,0.0148,0.787,0.767137,0.779688,0.78951,0.7872,0.9872,0.7932,-0.00251,-0.0062,0.650714,True,-0.0091,0.113486
ACSEmployment,geo,1,LogReg,WA-2018,1,0.7664,0.787,0.0206,0.787,0.756333,0.769026,0.778706,0.7632,0.9844,0.7904,0.008294,-0.0034,0.650607,True,0.0121,0.113486
ACSEmployment,geo,1,MLP,ID,0,0.8116,0.82,0.0084,0.82,0.814682,0.821007,0.820205,0.8292,0.915,0.816667,-0.000205,0.003333,0.5,True,0.0,12.807976
ACSEmployment,geo,1,MLP,FL-2018,1,0.8108,0.82,0.0092,0.82,0.803461,0.810027,0.808984,0.8192,0.9112,0.812867,0.011016,0.007133,0.687636,True,-0.0129,12.807976
ACSEmployment,geo,1,MLP,IL-2018,1,0.8278,0.82,-0.0078,0.82,0.81074,0.817088,0.816263,0.8216,0.9158,0.817467,0.003737,0.002533,0.676616,True,0.0255,12.807976
ACSEmployment,geo,1,MLP,MS-2018,1,0.8184,0.82,0.0016,0.82,0.813275,0.819493,0.818798,0.8278,0.912,0.813667,0.001202,0.006333,0.83483,True,-0.0635,12.807976
ACSEmployment,geo,1,MLP,NY-2018,1,0.8034,0.82,0.0166,0.82,0.808671,0.815138,0.814194,0.8178,0.9104,0.812067,0.005806,0.007933,0.639207,True,0.0143,12.807976
ACSEmployment,geo,1,MLP,OH-2018,1,0.8272,0.82,-0.0072,0.82,0.811311,0.817628,0.816834,0.8202,0.9114,0.813067,0.003166,0.006933,0.747235,True,0.0043,12.807976
ACSEmployment,geo,1,MLP,PA-2018,1,0.8288,0.82,-0.0088,0.82,0.804836,0.811265,0.810359,0.8174,0.9036,0.805267,0.009641,0.014733,0.756334,True,0.0149,12.807976
ACSEmployment,geo,1,MLP,TX-2018,1,0.816,0.82,0.004,0.82,0.814866,0.821023,0.820389,0.8226,0.9114,0.813067,-0.000389,0.006933,0.650714,True,-0.0091,12.807976
ACSEmployment,geo,1,MLP,WA-2018,1,0.8144,0.82,0.0056,0.82,0.808118,0.814547,0.813641,0.822,0.911,0.812667,0.006359,0.007333,0.650607,True,0.0121,12.807976
ACSEmployment,geo,1,RandForest,ID,0,0.7932,0.809,0.0158,0.809,0.838673,0.794197,0.810731,0.8194,0.9386,0.813267,-0.001731,-0.004267,0.5,True,0.0,3.417685
ACSEmployment,geo,1,RandForest,FL-2018,1,0.7928,0.809,0.0162,0.809,0.827007,0.780848,0.799064,0.8042,0.9288,0.803467,0.009936,0.005533,0.687636,True,-0.0129,3.417685
ACSEmployment,geo,1,RandForest,IL-2018,1,0.8018,0.809,0.0072,0.809,0.838616,0.795269,0.810674,0.8122,0.9302,0.804867,-0.001674,0.004133,0.676616,True,0.0255,3.417685
ACSEmployment,geo,1,RandForest,MS-2018,1,0.8108,0.809,-0.0018,0.809,0.836161,0.791801,0.808219,0.8102,0.9336,0.808267,0.000781,0.000733,0.83483,True,-0.0635,3.417685
ACSEmployment,geo,1,RandForest,NY-2018,1,0.7866,0.809,0.0224,0.809,0.833078,0.787728,0.805136,0.812,0.9198,0.794467,0.003864,0.014533,0.639207,True,0.0143,3.417685
ACSEmployment,geo,1,RandForest,OH-2018,1,0.8034,0.809,0.0056,0.809,0.839748,0.795593,0.811806,0.8206,0.9286,0.803267,-0.002806,0.005733,0.747235,True,0.0043,3.417685
ACSEmployment,geo,1,RandForest,PA-2018,1,0.7936,0.809,0.0154,0.809,0.835463,0.790561,0.807521,0.8076,0.9172,0.791867,0.001479,0.017133,0.756334,True,0.0149,3.417685
ACSEmployment,geo,1,RandForest,TX-2018,1,0.7916,0.809,0.0174,0.809,0.842137,0.799192,0.814194,0.8204,0.9364,0.811067,-0.005194,-0.002067,0.650714,True,-0.0091,3.417685
ACSEmployment,geo,1,RandForest,WA-2018,1,0.793,0.809,0.016,0.809,0.837361,0.79234,0.809419,0.8218,0.9326,0.807267,-0.000419,0.001733,0.650607,True,0.0121,3.417685
ACSEmployment,geo,1,XGBoost,ID,0,0.8054,0.827333,0.021933,0.827333,0.837349,0.822111,0.825794,0.8276,0.935,0.825333,0.00154,0.002,0.5,True,0.0,0.798806
ACSEmployment,geo,1,XGBoost,FL-2018,1,0.8072,0.827333,0.020133,0.827333,0.827151,0.811249,0.815596,0.8166,0.9264,0.816733,0.011737,0.0106,0.687636,True,-0.0129,0.798806
ACSEmployment,geo,1,XGBoost,IL-2018,1,0.8244,0.827333,0.002933,0.827333,0.833432,0.817754,0.821877,0.8256,0.9388,0.829133,0.005456,-0.0018,0.676616,True,0.0255,0.798806
ACSEmployment,geo,1,XGBoost,MS-2018,1,0.8196,0.827333,0.007733,0.827333,0.836133,0.821127,0.824579,0.826,0.9416,0.831933,0.002755,-0.0046,0.83483,True,-0.0635,0.798806
ACSEmployment,geo,1,XGBoost,NY-2018,1,0.802,0.827333,0.025333,0.827333,0.829126,0.813242,0.817571,0.821,0.9304,0.820733,0.009762,0.0066,0.639207,True,0.0143,0.798806
ACSEmployment,geo,1,XGBoost,OH-2018,1,0.826,0.827333,0.001333,0.827333,0.834282,0.818712,0.822728,0.8316,0.9366,0.826933,0.004606,0.0004,0.747235,True,0.0043,0.798806
ACSEmployment,geo,1,XGBoost,PA-2018,1,0.8196,0.827333,0.007733,0.827333,0.827777,0.81202,0.816222,0.8218,0.932,0.822333,0.011111,0.005,0.756334,True,0.0149,0.798806
ACSEmployment,geo,1,XGBoost,TX-2018,1,0.8138,0.827333,0.013533,0.827333,0.839035,0.82414,0.82748,0.8252,0.9338,0.824133,-0.000147,0.0032,0.650714,True,-0.0091,0.798806
ACSEmployment,geo,1,XGBoost,WA-2018,1,0.8074,0.827333,0.019933,0.827333,0.833016,0.817278,0.821461,0.8288,0.9338,0.824133,0.005873,0.0032,0.650607,True,0.0121,0.798806
ACSEmployment,geo,2,CatBoost,ID,0,0.804,0.808667,0.004667,0.808667,0.836093,0.805732,0.805971,0.8016,0.9464,0.810733,0.002696,-0.002067,0.5,True,0.0,2.595937
ACSEmployment,geo,2,CatBoost,FL-2018,1,0.821,0.808667,-0.012333,0.808667,0.832496,0.800756,0.802374,0.797,0.9512,0.815533,0.006293,-0.006867,0.673364,True,-0.0212,2.595937
ACSEmployment,geo,2,CatBoost,IL-2018,1,0.8352,0.808667,-0.026533,0.808667,0.842173,0.811282,0.81205,0.8204,0.9554,0.819733,-0.003384,-0.011067,0.659647,True,0.013,2.595937
ACSEmployment,geo,2,CatBoost,MS-2018,1,0.8128,0.808667,-0.004133,0.808667,0.841075,0.810356,0.810953,0.816,0.9498,0.814133,-0.002287,-0.005467,0.810405,True,-0.0576,2.595937
ACSEmployment,geo,2,CatBoost,NY-2018,1,0.8208,0.808667,-0.012133,0.808667,0.840003,0.808578,0.809881,0.8188,0.9526,0.816933,-0.001214,-0.008267,0.645769,True,0.0118,2.595937
ACSEmployment,geo,2,CatBoost,OH-2018,1,0.825,0.808667,-0.016333,0.808667,0.842483,0.81079,0.81236,0.8264,0.9598,0.824133,-0.003694,-0.015467,0.728017,True,0.0026,2.595937
ACSEmployment,geo,2,CatBoost,PA-2018,1,0.8176,0.808667,-0.008933,0.808667,0.836642,0.805364,0.806519,0.8062,0.9566,0.820933,0.002147,-0.012267,0.73895,True,0.0004,2.595937
ACSEmployment,geo,2,CatBoost,TX-2018,1,0.8244,0.808667,-0.015733,0.808667,0.840655,0.81057,0.810532,0.8066,0.9556,0.819933,-0.001866,-0.011267,0.642139,True,0.0016,2.595937
ACSEmployment,geo,2,CatBoost,WA-2018,1,0.8162,0.808667,-0.007533,0.808667,0.83953,0.808001,0.809408,0.811,0.9526,0.816933,-0.000741,-0.008267,0.636704,True,0.001,2.595937
ACSEmployment,geo,2,LightGBM,ID,0,0.809,0.808667,-0.000333,0.808667,0.835547,0.804048,0.806728,0.8056,0.9482,0.806867,0.001939,0.0018,0.5,True,0.0,0.790528
ACSEmployment,geo,2,LightGBM,FL-2018,1,0.825,0.808667,-0.016333,0.808667,0.833779,0.801091,0.80496,0.8078,0.9416,0.800267,0.003707,0.0084,0.673364,True,-0.0212,0.790528
ACSEmployment,geo,2,LightGBM,IL-2018,1,0.8356,0.808667,-0.026933,0.808667,0.844203,0.812143,0.815384,0.8298,0.9576,0.816267,-0.006717,-0.0076,0.659647,True,0.013,0.790528
ACSEmployment,geo,2,LightGBM,MS-2018,1,0.8156,0.808667,-0.006933,0.808667,0.840667,0.809357,0.811847,0.8188,0.9526,0.811267,-0.003181,-0.0026,0.810405,True,-0.0576,0.790528
ACSEmployment,geo,2,LightGBM,NY-2018,1,0.8182,0.808667,-0.009533,0.808667,0.840509,0.808025,0.811689,0.8206,0.949,0.807667,-0.003022,0.001,0.645769,True,0.0118,0.790528
ACSEmployment,geo,2,LightGBM,OH-2018,1,0.825,0.808667,-0.016333,0.808667,0.843734,0.811137,0.814914,0.8304,0.9536,0.812267,-0.006247,-0.0036,0.728017,True,0.0026,0.790528
ACSEmployment,geo,2,LightGBM,PA-2018,1,0.812,0.808667,-0.003333,0.808667,0.836766,0.804732,0.807946,0.8074,0.951,0.809667,0.000721,-0.001,0.73895,True,0.0004,0.790528
ACSEmployment,geo,2,LightGBM,TX-2018,1,0.8234,0.808667,-0.014733,0.808667,0.842308,0.811354,0.813488,0.8168,0.9516,0.810267,-0.004822,-0.0016,0.642139,True,0.0016,0.790528
ACSEmployment,geo,2,LightGBM,WA-2018,1,0.813,0.808667,-0.004333,0.808667,0.84036,0.807605,0.811541,0.8176,0.9502,0.808867,-0.002874,-0.0002,0.636704,True,0.001,0.790528
ACSEmployment,geo,2,LogReg,ID,0,0.7688,0.765333,-0.003467,0.765333,0.773692,0.763503,0.76661,0.776,0.9862,0.768867,-0.001277,-0.003533,0.5,True,0.0,0.1003
ACSEmployment,geo,2,LogReg,FL-2018,1,0.7708,0.765333,-0.005467,0.765333,0.759252,0.749088,0.752171,0.7412,0.9832,0.765867,0.013162,-0.000533,0.673364,True,-0.0212,0.1003
ACSEmployment,geo,2,LogReg,IL-2018,1,0.7992,0.765333,-0.033867,0.765333,0.774186,0.763986,0.767105,0.7726,0.98,0.762667,-0.001771,0.002667,0.659647,True,0.013,0.1003
ACSEmployment,geo,2,LogReg,MS-2018,1,0.7716,0.765333,-0.006267,0.765333,0.768543,0.758803,0.761462,0.744,0.978,0.760667,0.003872,0.004667,0.810405,True,-0.0576,0.1003
ACSEmployment,geo,2,LogReg,NY-2018,1,0.7798,0.765333,-0.014467,0.765333,0.769722,0.759534,0.762641,0.7694,0.9868,0.769467,0.002692,-0.004133,0.645769,True,0.0118,0.1003
ACSEmployment,geo,2,LogReg,OH-2018,1,0.7858,0.765333,-0.020467,0.765333,0.766987,0.756954,0.759906,0.7586,0.9866,0.769267,0.005427,-0.003933,0.728017,True,0.0026,0.1003
ACSEmployment,geo,2,LogReg,PA-2018,1,0.7744,0.765333,-0.009067,0.765333,0.766132,0.755973,0.759051,0.7544,0.9886,0.771267,0.006283,-0.005933,0.73895,True,0.0004,0.1003
ACSEmployment,geo,2,LogReg,TX-2018,1,0.781,0.765333,-0.015667,0.765333,0.779897,0.769868,0.772816,0.7782,0.9814,0.764067,-0.007482,0.001267,0.642139,True,0.0016,0.1003
ACSEmployment,geo,2,LogReg,WA-2018,1,0.7702,0.765333,-0.004867,0.765333,0.769223,0.759104,0.762141,0.7558,0.983,0.765667,0.003192,-0.000333,0.636704,True,0.001,0.1003
ACSEmployment,geo,2,MLP,ID,0,0.8046,0.805333,0.000733,0.805333,0.827754,0.800394,0.803043,0.8032,0.9024,0.8034,0.00229,0.001933,0.5,True,0.0,12.77815
ACSEmployment,geo,2,MLP,FL-2018,1,0.8172,0.805333,-0.011867,0.805333,0.823986,0.795489,0.799275,0.8052,0.91,0.811,0.006058,-0.005667,0.673364,True,-0.0212,12.77815
ACSEmployment,geo,2,MLP,IL-2018,1,0.8326,0.805333,-0.027267,0.805333,0.837178,0.809338,0.812467,0.8308,0.9204,0.8214,-0.007133,-0.016067,0.659647,True,0.013,12.77815
ACSEmployment,geo,2,MLP,MS-2018,1,0.8002,0.805333,0.005133,0.805333,0.831202,0.8035,0.806491,0.8172,0.9052,0.8062,-0.001158,-0.000867,0.810405,True,-0.0576,12.77815
ACSEmployment,geo,2,MLP,NY-2018,1,0.8142,0.805333,-0.008867,0.805333,0.831643,0.803542,0.806932,0.8132,0.9036,0.8046,-0.001599,0.000733,0.645769,True,0.0118,12.77815
ACSEmployment,geo,2,MLP,OH-2018,1,0.8192,0.805333,-0.013867,0.805333,0.834078,0.805945,0.809367,0.821,0.9164,0.8174,-0.004033,-0.012067,0.728017,True,0.0026,12.77815
ACSEmployment,geo,2,MLP,PA-2018,1,0.8144,0.805333,-0.009067,0.805333,0.825036,0.797539,0.800325,0.7972,0.9022,0.8032,0.005008,0.002133,0.73895,True,0.0004,12.77815
ACSEmployment,geo,2,MLP,TX-2018,1,0.8158,0.805333,-0.010467,0.805333,0.832981,0.805958,0.80827,0.815,0.906,0.807,-0.002936,-0.001667,0.642139,True,0.0016,12.77815
ACSEmployment,geo,2,MLP,WA-2018,1,0.8116,0.805333,-0.006267,0.805333,0.832332,0.80448,0.807621,0.8182,0.9076,0.8086,-0.002288,-0.003267,0.636704,True,0.001,12.77815
ACSEmployment,geo,2,RandForest,ID,0,0.787,0.792667,0.005667,0.792667,0.844477,0.772988,0.791462,0.7978,0.929,0.795667,0.001205,-0.003,0.5,True,0.0,4.355331
ACSEmployment,geo,2,RandForest,FL-2018,1,0.802,0.792667,-0.009333,0.792667,0.838769,0.764303,0.785753,0.7892,0.9262,0.792867,0.006914,-0.0002,0.673364,True,-0.0212,4.355331
ACSEmployment,geo,2,RandForest,IL-2018,1,0.8154,0.792667,-0.022733,0.792667,0.856015,0.785078,0.802999,0.814,0.9376,0.804267,-0.010333,-0.0116,0.659647,True,0.013,4.355331
ACSEmployment,geo,2,RandForest,MS-2018,1,0.7974,0.792667,-0.004733,0.792667,0.847776,0.775842,0.794761,0.8006,0.935,0.801667,-0.002094,-0.009,0.810405,True,-0.0576,4.355331
ACSEmployment,geo,2,RandForest,NY-2018,1,0.794,0.792667,-0.001333,0.792667,0.845975,0.772943,0.792959,0.803,0.9332,0.799867,-0.000293,-0.0072,0.645769,True,0.0118,4.355331
ACSEmployment,geo,2,RandForest,OH-2018,1,0.8074,0.792667,-0.014733,0.792667,0.855491,0.782107,0.802476,0.8228,0.9374,0.804067,-0.009809,-0.0114,0.728017,True,0.0026,4.355331
ACSEmployment,geo,2,RandForest,PA-2018,1,0.7934,0.792667,-0.000733,0.792667,0.849579,0.777001,0.796564,0.8058,0.9328,0.799467,-0.003897,-0.0068,0.73895,True,0.0004,4.355331
ACSEmployment,geo,2,RandForest,TX-2018,1,0.8026,0.792667,-0.009933,0.792667,0.85049,0.780489,0.797475,0.8022,0.9312,0.797867,-0.004808,-0.0052,0.642139,True,0.0016,4.355331
ACSEmployment,geo,2,RandForest,WA-2018,1,0.7924,0.792667,0.000267,0.792667,0.847528,0.775425,0.794513,0.7996,0.9334,0.800067,-0.001846,-0.0074,0.636704,True,0.001,4.355331
ACSEmployment,geo,2,XGBoost,ID,0,0.801,0.807333,0.006333,0.807333,0.845236,0.800391,0.803654,0.795,0.9394,0.804067,0.00368,0.003267,0.5,True,0.0,0.808987
ACSEmployment,geo,2,XGBoost,FL-2018,1,0.8162,0.807333,-0.008867,0.807333,0.842061,0.795835,0.800479,0.7922,0.9368,0.801467,0.006854,0.005867,0.673364,True,-0.0212,0.808987
ACSEmployment,geo,2,XGBoost,IL-2018,1,0.8336,0.807333,-0.026267,0.807333,0.852813,0.807106,0.811231,0.8188,0.9456,0.810267,-0.003897,-0.002933,0.659647,True,0.013,0.808987
ACSEmployment,geo,2,XGBoost,MS-2018,1,0.807,0.807333,0.000333,0.807333,0.84865,0.803997,0.807068,0.8038,0.9414,0.806067,0.000266,0.001267,0.810405,True,-0.0576,0.808987
ACSEmployment,geo,2,XGBoost,NY-2018,1,0.8172,0.807333,-0.009867,0.807333,0.848249,0.802262,0.806667,0.8068,0.9382,0.802867,0.000666,0.004467,0.645769,True,0.0118,0.808987
ACSEmployment,geo,2,XGBoost,OH-2018,1,0.8198,0.807333,-0.012467,0.807333,0.85094,0.804824,0.809358,0.8152,0.946,0.810667,-0.002025,-0.003333,0.728017,True,0.0026,0.808987
ACSEmployment,geo,2,XGBoost,PA-2018,1,0.8132,0.807333,-0.005867,0.807333,0.844988,0.799449,0.803406,0.7958,0.9398,0.804467,0.003927,0.002867,0.73895,True,0.0004,0.808987
ACSEmployment,geo,2,XGBoost,TX-2018,1,0.8216,0.807333,-0.014267,0.807333,0.849638,0.80537,0.808056,0.8016,0.944,0.808667,-0.000722,-0.001333,0.642139,True,0.0016,0.808987
ACSEmployment,geo,2,XGBoost,WA-2018,1,0.8114,0.807333,-0.004067,0.807333,0.848091,0.801594,0.806509,0.8022,0.9374,0.802067,0.000824,0.005267,0.636704,True,0.001,0.808987
ACSEmployment,geo,3,CatBoost,ID,0,0.815,0.822333,0.007333,0.822333,0.827577,0.813111,0.821213,0.8272,0.9484,0.833733,0.00112,-0.0114,0.5,True,0.0,2.606588
ACSEmployment,geo,3,CatBoost,FL-2018,1,0.8128,0.822333,0.009533,0.822333,0.824606,0.80976,0.818242,0.8254,0.944,0.829333,0.004091,-0.007,0.68101,True,-0.017,2.606588
ACSEmployment,geo,3,CatBoost,IL-2018,1,0.8358,0.822333,-0.013467,0.822333,0.83301,0.818262,0.826645,0.8446,0.9536,0.838933,-0.004312,-0.0166,0.673046,True,0.0212,2.606588
ACSEmployment,geo,3,CatBoost,MS-2018,1,0.8174,0.822333,0.004933,0.822333,0.831305,0.817078,0.82494,0.8276,0.9496,0.834933,-0.002607,-0.0126,0.808983,True,-0.0424,2.606588
ACSEmployment,geo,3,CatBoost,NY-2018,1,0.8222,0.822333,0.000133,0.822333,0.83197,0.81708,0.825606,0.8368,0.9462,0.831533,-0.003273,-0.0092,0.623833,True,0.0054,2.606588
ACSEmployment,geo,3,CatBoost,OH-2018,1,0.8342,0.822333,-0.011867,0.822333,0.826016,0.81155,0.819652,0.8242,0.9458,0.831133,0.002681,-0.0088,0.749814,True,0.0224,2.606588
ACSEmployment,geo,3,CatBoost,PA-2018,1,0.8316,0.822333,-0.009267,0.822333,0.828135,0.813449,0.821771,0.8342,0.9504,0.835733,0.000563,-0.0134,0.741891,True,0.019,2.606588
ACSEmployment,geo,3,CatBoost,TX-2018,1,0.8154,0.822333,0.006933,0.822333,0.831214,0.817197,0.82485,0.8286,0.9406,0.825933,-0.002516,-0.0036,0.657513,True,-0.0066,2.606588
ACSEmployment,geo,3,CatBoost,WA-2018,1,0.8208,0.822333,0.001533,0.822333,0.82903,0.814363,0.822666,0.8314,0.9448,0.830133,-0.000332,-0.0078,0.623877,True,0.0004,2.606588
ACSEmployment,geo,3,LightGBM,ID,0,0.8114,0.822,0.0106,0.822,0.828526,0.808024,0.819786,0.8202,0.9442,0.8342,0.002214,-0.0122,0.5,True,0.0,0.794337
ACSEmployment,geo,3,LightGBM,FL-2018,1,0.8096,0.822,0.0124,0.822,0.828102,0.806963,0.819362,0.817,0.9434,0.8334,0.002638,-0.0114,0.68101,True,-0.017,0.794337
ACSEmployment,geo,3,LightGBM,IL-2018,1,0.8344,0.822,-0.0124,0.822,0.833153,0.812345,0.824413,0.8236,0.947,0.837,-0.002413,-0.015,0.673046,True,0.0212,0.794337
ACSEmployment,geo,3,LightGBM,MS-2018,1,0.8128,0.822,0.0092,0.822,0.834139,0.814047,0.825399,0.8202,0.9466,0.8366,-0.003399,-0.0146,0.808983,True,-0.0424,0.794337
ACSEmployment,geo,3,LightGBM,NY-2018,1,0.826,0.822,-0.004,0.822,0.834148,0.813005,0.825408,0.8284,0.9394,0.8294,-0.003408,-0.0074,0.623833,True,0.0054,0.794337
ACSEmployment,geo,3,LightGBM,OH-2018,1,0.8348,0.822,-0.0128,0.822,0.827276,0.806824,0.818536,0.8106,0.9482,0.8382,0.003464,-0.0162,0.749814,True,0.0224,0.794337
ACSEmployment,geo,3,LightGBM,PA-2018,1,0.8296,0.822,-0.0076,0.822,0.828668,0.807891,0.819928,0.8178,0.9436,0.8336,0.002072,-0.0116,0.741891,True,0.019,0.794337
ACSEmployment,geo,3,LightGBM,TX-2018,1,0.8146,0.822,0.0074,0.822,0.833363,0.813408,0.824623,0.8172,0.9402,0.8302,-0.002623,-0.0082,0.657513,True,-0.0066,0.794337
ACSEmployment,geo,3,LightGBM,WA-2018,1,0.8236,0.822,-0.0016,0.822,0.83186,0.81097,0.82312,0.8254,0.94,0.83,-0.00112,-0.008,0.623877,True,0.0004,0.794337
ACSEmployment,geo,3,LogReg,ID,0,0.774,0.768,-0.006,0.768,0.763114,0.766594,0.766561,0.7784,0.9838,0.769133,0.001439,-0.001133,0.5,True,0.0,0.266585
ACSEmployment,geo,3,LogReg,FL-2018,1,0.7646,0.768,0.0034,0.768,0.747734,0.751186,0.751181,0.7388,0.9758,0.761133,0.016819,0.006867,0.68101,True,-0.017,0.266585
ACSEmployment,geo,3,LogReg,IL-2018,1,0.7914,0.768,-0.0234,0.768,0.758131,0.761603,0.761579,0.7688,0.981,0.766333,0.006421,0.001667,0.673046,True,0.0212,0.266585
ACSEmployment,geo,3,LogReg,MS-2018,1,0.781,0.768,-0.013,0.768,0.758293,0.761671,0.76174,0.759,0.977,0.762333,0.00626,0.005667,0.808983,True,-0.0424,0.266585
ACSEmployment,geo,3,LogReg,NY-2018,1,0.776,0.768,-0.008,0.768,0.757709,0.761209,0.761156,0.7688,0.98,0.765333,0.006844,0.002667,0.623833,True,0.0054,0.266585
ACSEmployment,geo,3,LogReg,OH-2018,1,0.7838,0.768,-0.0158,0.768,0.753566,0.756929,0.757013,0.7464,0.9794,0.764733,0.010987,0.003267,0.749814,True,0.0224,0.266585
ACSEmployment,geo,3,LogReg,PA-2018,1,0.7768,0.768,-0.0088,0.768,0.751995,0.755438,0.755443,0.7544,0.9758,0.761133,0.012557,0.006867,0.741891,True,0.019,0.266585
ACSEmployment,geo,3,LogReg,TX-2018,1,0.7692,0.768,-0.0012,0.768,0.763774,0.767151,0.767222,0.7688,0.9822,0.767533,0.000778,0.000467,0.657513,True,-0.0066,0.266585
ACSEmployment,geo,3,LogReg,WA-2018,1,0.781,0.768,-0.013,0.768,0.759827,0.763272,0.763275,0.7688,0.9778,0.763133,0.004725,0.004867,0.623877,True,0.0004,0.266585
ACSEmployment,geo,3,MLP,ID,0,0.8032,0.811333,0.008133,0.811333,0.810828,0.804358,0.813261,0.819,0.9326,0.817267,-0.001928,-0.005933,0.5,True,0.0,9.925577
ACSEmployment,geo,3,MLP,FL-2018,1,0.7992,0.811333,0.012133,0.811333,0.806127,0.799412,0.808559,0.818,0.9344,0.819067,0.002774,-0.007733,0.68101,True,-0.017,9.925577
ACSEmployment,geo,3,MLP,IL-2018,1,0.8326,0.811333,-0.021267,0.811333,0.817423,0.810753,0.819855,0.841,0.9492,0.833867,-0.008522,-0.022533,0.673046,True,0.0212,9.925577
ACSEmployment,geo,3,MLP,MS-2018,1,0.8138,0.811333,-0.002467,0.811333,0.813618,0.807045,0.816051,0.8298,0.943,0.827667,-0.004718,-0.016333,0.808983,True,-0.0424,9.925577
ACSEmployment,geo,3,MLP,NY-2018,1,0.8136,0.811333,-0.002267,0.811333,0.813111,0.806482,0.815544,0.8272,0.9386,0.823267,-0.004211,-0.011933,0.623833,True,0.0054,9.925577
ACSEmployment,geo,3,MLP,OH-2018,1,0.8244,0.811333,-0.013067,0.811333,0.808327,0.801847,0.81076,0.8186,0.9412,0.825867,0.000574,-0.014533,0.749814,True,0.0224,9.925577
ACSEmployment,geo,3,MLP,PA-2018,1,0.8214,0.811333,-0.010067,0.811333,0.811587,0.804973,0.81402,0.8216,0.946,0.830667,-0.002687,-0.019333,0.741891,True,0.019,9.925577
ACSEmployment,geo,3,MLP,TX-2018,1,0.8092,0.811333,0.002133,0.811333,0.811316,0.804975,0.813749,0.8168,0.931,0.815667,-0.002416,-0.004333,0.657513,True,-0.0066,9.925577
ACSEmployment,geo,3,MLP,WA-2018,1,0.8096,0.811333,0.001733,0.811333,0.80997,0.803427,0.812403,0.8244,0.94,0.824667,-0.001069,-0.013333,0.623877,True,0.0004,9.925577
ACSEmployment,geo,3,RandForest,ID,0,0.7926,0.795667,0.003067,0.795667,0.839544,0.778664,0.798399,0.8112,0.9256,0.797933,-0.002733,-0.002267,0.5,True,0.0,3.662397
ACSEmployment,geo,3,RandForest,FL-2018,1,0.7918,0.795667,0.003867,0.795667,0.831588,0.768765,0.790444,0.792,0.928,0.800333,0.005222,-0.004667,0.68101,True,-0.017,3.662397
ACSEmployment,geo,3,RandForest,IL-2018,1,0.8094,0.795667,-0.013733,0.795667,0.846614,0.785937,0.80547,0.8126,0.9338,0.806133,-0.009804,-0.010467,0.673046,True,0.0212,3.662397
ACSEmployment,geo,3,RandForest,MS-2018,1,0.7878,0.795667,0.007867,0.795667,0.837462,0.776736,0.796318,0.799,0.9208,0.793133,-0.000651,0.002533,0.808983,True,-0.0424,3.662397
ACSEmployment,geo,3,RandForest,NY-2018,1,0.8062,0.795667,-0.010533,0.795667,0.843413,0.782318,0.802269,0.8092,0.9256,0.797933,-0.006602,-0.002267,0.623833,True,0.0054,3.662397
ACSEmployment,geo,3,RandForest,OH-2018,1,0.7976,0.795667,-0.001933,0.795667,0.842189,0.782379,0.801045,0.8066,0.9206,0.792933,-0.005378,0.002733,0.749814,True,0.0224,3.662397
ACSEmployment,geo,3,RandForest,PA-2018,1,0.8028,0.795667,-0.007133,0.795667,0.846134,0.78498,0.80499,0.8108,0.9242,0.796533,-0.009323,-0.000867,0.741891,True,0.019,3.662397
ACSEmployment,geo,3,RandForest,TX-2018,1,0.7958,0.795667,-0.000133,0.795667,0.842803,0.784672,0.801659,0.8006,0.9204,0.792733,-0.005992,0.002933,0.657513,True,-0.0066,3.662397
ACSEmployment,geo,3,RandForest,WA-2018,1,0.7974,0.795667,-0.001733,0.795667,0.840185,0.779907,0.799041,0.8012,0.9242,0.796533,-0.003374,-0.000867,0.623877,True,0.0004,3.662397
ACSEmployment,geo,3,XGBoost,ID,0,0.812,0.814333,0.002333,0.814333,0.838824,0.804217,0.814224,0.8178,0.9292,0.8162,0.000109,-0.001867,0.5,True,0.0,0.815584
ACSEmployment,geo,3,XGBoost,FL-2018,1,0.8076,0.814333,0.006733,0.814333,0.834505,0.799365,0.809906,0.805,0.9266,0.8136,0.004428,0.000733,0.68101,True,-0.017,0.815584
ACSEmployment,geo,3,XGBoost,IL-2018,1,0.833,0.814333,-0.018667,0.814333,0.841128,0.806398,0.816529,0.8188,0.9374,0.8244,-0.002195,-0.010067,0.673046,True,0.0212,0.815584
ACSEmployment,geo,3,XGBoost,MS-2018,1,0.8132,0.814333,0.001133,0.814333,0.84124,0.807914,0.816641,0.8118,0.932,0.819,-0.002308,-0.004667,0.808983,True,-0.0424,0.815584
ACSEmployment,geo,3,XGBoost,NY-2018,1,0.8182,0.814333,-0.003867,0.814333,0.842407,0.807113,0.817807,0.8138,0.9328,0.8198,-0.003474,-0.005467,0.623833,True,0.0054,0.815584
ACSEmployment,geo,3,XGBoost,OH-2018,1,0.8282,0.814333,-0.013867,0.814333,0.834848,0.800616,0.810249,0.8012,0.9348,0.8218,0.004084,-0.007467,0.749814,True,0.0224,0.815584
ACSEmployment,geo,3,XGBoost,PA-2018,1,0.8254,0.814333,-0.011067,0.814333,0.836777,0.802145,0.812178,0.8074,0.9314,0.8184,0.002156,-0.004067,0.741891,True,0.019,0.815584
ACSEmployment,geo,3,XGBoost,TX-2018,1,0.8152,0.814333,-0.000867,0.814333,0.839889,0.806764,0.81529,0.8046,0.9318,0.8188,-0.000956,-0.004467,0.657513,True,-0.0066,0.815584
ACSEmployment,geo,3,XGBoost,WA-2018,1,0.8196,0.814333,-0.005267,0.814333,0.83949,0.804799,0.81489,0.8158,0.9304,0.8174,-0.000557,-0.003067,0.623877,True,0.0004,0.815584
ACSEmployment,geo,4,CatBoost,ID,0,0.8046,0.806,0.0014,0.806,0.829069,0.807679,0.803841,0.8012,0.9522,0.8142,0.002159,-0.0082,0.5,True,0.0,2.673722
ACSEmployment,geo,4,CatBoost,FL-2018,1,0.8216,0.806,-0.0156,0.806,0.827105,0.804994,0.801877,0.805,0.9502,0.8122,0.004123,-0.0062,0.682424,True,-0.0169,2.673722
ACSEmployment,geo,4,CatBoost,IL-2018,1,0.8324,0.806,-0.0264,0.806,0.8353,0.813791,0.810072,0.8162,0.956,0.818,-0.004072,-0.012,0.64836,True,0.0123,2.673722
ACSEmployment,geo,4,CatBoost,MS-2018,1,0.8232,0.806,-0.0172,0.806,0.831791,0.810515,0.806563,0.809,0.9524,0.8144,-0.000563,-0.0084,0.811845,True,-0.0575,2.673722
ACSEmployment,geo,4,CatBoost,NY-2018,1,0.8122,0.806,-0.0062,0.806,0.832884,0.811104,0.807656,0.813,0.9524,0.8144,-0.001656,-0.0084,0.640148,True,0.0061,2.673722
ACSEmployment,geo,4,CatBoost,OH-2018,1,0.8266,0.806,-0.0206,0.806,0.838794,0.817301,0.813566,0.8238,0.9536,0.8156,-0.007566,-0.0096,0.744022,True,0.0007,2.673722
ACSEmployment,geo,4,CatBoost,PA-2018,1,0.83,0.806,-0.024,0.806,0.832932,0.810895,0.807704,0.8144,0.951,0.813,-0.001704,-0.007,0.732449,True,0.0117,2.673722
ACSEmployment,geo,4,CatBoost,TX-2018,1,0.8194,0.806,-0.0134,0.806,0.83997,0.819021,0.814742,0.8268,0.9544,0.8164,-0.008742,-0.0104,0.642566,True,-0.0135,2.673722
ACSEmployment,geo,4,CatBoost,WA-2018,1,0.8226,0.806,-0.0166,0.806,0.83287,0.811264,0.807642,0.8098,0.9552,0.8172,-0.001642,-0.0112,0.638584,True,-0.0051,2.673722
ACSEmployment,geo,4,LightGBM,ID,0,0.8038,0.807333,0.003533,0.807333,0.828609,0.804833,0.806974,0.8096,0.949,0.813667,0.000359,-0.006333,0.5,True,0.0,0.77388
ACSEmployment,geo,4,LightGBM,FL-2018,1,0.819,0.807333,-0.011667,0.807333,0.826814,0.802155,0.805179,0.8148,0.9522,0.816867,0.002154,-0.009533,0.682424,True,-0.0169,0.77388
ACSEmployment,geo,4,LightGBM,IL-2018,1,0.8262,0.807333,-0.018867,0.807333,0.835539,0.811404,0.813904,0.825,0.95,0.814667,-0.006571,-0.007333,0.64836,True,0.0123,0.77388
ACSEmployment,geo,4,LightGBM,MS-2018,1,0.8264,0.807333,-0.019067,0.807333,0.833908,0.810155,0.812273,0.8198,0.953,0.817667,-0.00494,-0.010333,0.811845,True,-0.0575,0.77388
ACSEmployment,geo,4,LightGBM,NY-2018,1,0.8112,0.807333,-0.003867,0.807333,0.831543,0.807236,0.809908,0.817,0.9512,0.815867,-0.002574,-0.008533,0.640148,True,0.0061,0.77388
ACSEmployment,geo,4,LightGBM,OH-2018,1,0.8208,0.807333,-0.013467,0.807333,0.837545,0.813503,0.81591,0.832,0.95,0.814667,-0.008577,-0.007333,0.744022,True,0.0007,0.77388
ACSEmployment,geo,4,LightGBM,PA-2018,1,0.8272,0.807333,-0.019867,0.807333,0.831657,0.80694,0.810022,0.8188,0.9454,0.810067,-0.002689,-0.002733,0.732449,True,0.0117,0.77388
ACSEmployment,geo,4,LightGBM,TX-2018,1,0.8198,0.807333,-0.012467,0.807333,0.839899,0.816588,0.818264,0.8292,0.953,0.817667,-0.010931,-0.010333,0.642566,True,-0.0135,0.77388
ACSEmployment,geo,4,LightGBM,WA-2018,1,0.824,0.807333,-0.016667,0.807333,0.832019,0.80819,0.810384,0.8102,0.949,0.813667,-0.00305,-0.006333,0.638584,True,-0.0051,0.77388
ACSEmployment,geo,4,LogReg,ID,0,0.763,0.761,-0.002,0.761,0.763656,0.755137,0.756312,0.7568,0.9878,0.758467,0.004688,0.002533,0.5,True,0.0,0.097455
ACSEmployment,geo,4,LogReg,FL-2018,1,0.7604,0.761,0.0006,0.761,0.752595,0.744184,0.745251,0.7262,0.9886,0.759267,0.015749,0.001733,0.682424,True,-0.0169,0.097455
ACSEmployment,geo,4,LogReg,IL-2018,1,0.7842,0.761,-0.0232,0.761,0.76581,0.75728,0.758466,0.759,0.9884,0.759067,0.002534,0.001933,0.64836,True,0.0123,0.097455
ACSEmployment,geo,4,LogReg,MS-2018,1,0.775,0.761,-0.014,0.761,0.763812,0.755581,0.756468,0.7366,0.989,0.759667,0.004532,0.001333,0.811845,True,-0.0575,0.097455
ACSEmployment,geo,4,LogReg,NY-2018,1,0.7726,0.761,-0.0116,0.761,0.763271,0.754837,0.755928,0.7466,0.989,0.759667,0.005072,0.001333,0.640148,True,0.0061,0.097455
ACSEmployment,geo,4,LogReg,OH-2018,1,0.7926,0.761,-0.0316,0.761,0.765929,0.757616,0.758586,0.7472,0.988,0.758667,0.002414,0.002333,0.744022,True,0.0007,0.097455
ACSEmployment,geo,4,LogReg,PA-2018,1,0.7774,0.761,-0.0164,0.761,0.758049,0.749555,0.750706,0.7344,0.9876,0.758267,0.010294,0.002733,0.732449,True,0.0117,0.097455
ACSEmployment,geo,4,LogReg,TX-2018,1,0.7786,0.761,-0.0176,0.761,0.772819,0.76451,0.765475,0.7626,0.9872,0.757867,-0.004475,0.003133,0.642566,True,-0.0135,0.097455
ACSEmployment,geo,4,LogReg,WA-2018,1,0.778,0.761,-0.017,0.761,0.763861,0.75548,0.756517,0.7428,0.9896,0.760267,0.004483,0.000733,0.638584,True,-0.0051,0.097455
ACSEmployment,geo,4,MLP,ID,0,0.7954,0.803,0.0076,0.803,0.805803,0.796771,0.800436,0.8092,0.9334,0.799733,0.002564,0.003267,0.5,True,0.0,8.0775
ACSEmployment,geo,4,MLP,FL-2018,1,0.8166,0.803,-0.0136,0.803,0.808822,0.799446,0.803455,0.8192,0.9364,0.802733,-0.000455,0.000267,0.682424,True,-0.0169,8.0775
ACSEmployment,geo,4,MLP,IL-2018,1,0.8208,0.803,-0.0178,0.803,0.817212,0.808013,0.811846,0.837,0.952,0.818333,-0.008846,-0.015333,0.64836,True,0.0123,8.0775
ACSEmployment,geo,4,MLP,MS-2018,1,0.8186,0.803,-0.0156,0.803,0.819078,0.809944,0.813712,0.835,0.949,0.815333,-0.010712,-0.012333,0.811845,True,-0.0575,8.0775
ACSEmployment,geo,4,MLP,NY-2018,1,0.8074,0.803,-0.0044,0.803,0.811364,0.80215,0.805998,0.8228,0.9416,0.807933,-0.002998,-0.004933,0.640148,True,0.0061,8.0775
ACSEmployment,geo,4,MLP,OH-2018,1,0.8166,0.803,-0.0136,0.803,0.819464,0.810377,0.814097,0.8412,0.9512,0.817533,-0.011097,-0.014533,0.744022,True,0.0007,8.0775
ACSEmployment,geo,4,MLP,PA-2018,1,0.8192,0.803,-0.0162,0.803,0.813026,0.803703,0.807659,0.831,0.9474,0.813733,-0.004659,-0.010733,0.732449,True,0.0117,8.0775
ACSEmployment,geo,4,MLP,TX-2018,1,0.8078,0.803,-0.0048,0.803,0.817996,0.809121,0.812629,0.8258,0.9428,0.809133,-0.009629,-0.006133,0.642566,True,-0.0135,8.0775
ACSEmployment,geo,4,MLP,WA-2018,1,0.8178,0.803,-0.0148,0.803,0.81147,0.80241,0.806103,0.8268,0.9456,0.811933,-0.003103,-0.008933,0.638584,True,-0.0051,8.0775
ACSEmployment,geo,4,RandForest,ID,0,0.79,0.788667,-0.001333,0.788667,0.837711,0.767749,0.790704,0.795,0.9274,0.785733,-0.002037,0.002933,0.5,True,0.0,3.404274
ACSEmployment,geo,4,RandForest,FL-2018,1,0.7944,0.788667,-0.005733,0.788667,0.829427,0.758345,0.78242,0.7822,0.9274,0.785733,0.006247,0.002933,0.682424,True,-0.0169,3.404274
ACSEmployment,geo,4,RandForest,IL-2018,1,0.8032,0.788667,-0.014533,0.788667,0.847775,0.780067,0.800768,0.8078,0.9346,0.792933,-0.012102,-0.004267,0.64836,True,0.0123,3.404274
ACSEmployment,geo,4,RandForest,MS-2018,1,0.8088,0.788667,-0.020133,0.788667,0.834698,0.765776,0.787691,0.7844,0.9352,0.793533,0.000975,-0.004867,0.811845,True,-0.0575,3.404274
ACSEmployment,geo,4,RandForest,NY-2018,1,0.7916,0.788667,-0.002933,0.788667,0.837543,0.768087,0.790536,0.7946,0.9324,0.790733,-0.00187,-0.002067,0.640148,True,0.0061,3.404274
ACSEmployment,geo,4,RandForest,OH-2018,1,0.8088,0.788667,-0.020133,0.788667,0.848535,0.77979,0.801528,0.8094,0.9358,0.794133,-0.012861,-0.005467,0.744022,True,0.0007,3.404274
ACSEmployment,geo,4,RandForest,PA-2018,1,0.7996,0.788667,-0.010933,0.788667,0.843438,0.773129,0.796431,0.8052,0.9336,0.791933,-0.007765,-0.003267,0.732449,True,0.0117,3.404274
ACSEmployment,geo,4,RandForest,TX-2018,1,0.8024,0.788667,-0.013733,0.788667,0.847891,0.780684,0.800884,0.8086,0.9354,0.793733,-0.012217,-0.005067,0.642566,True,-0.0135,3.404274
ACSEmployment,geo,4,RandForest,WA-2018,1,0.8108,0.788667,-0.022133,0.788667,0.841392,0.772532,0.794385,0.7968,0.927,0.785333,-0.005718,0.003333,0.638584,True,-0.0051,3.404274
ACSEmployment,geo,4,XGBoost,ID,0,0.8002,0.799667,-0.000533,0.799667,0.838996,0.798026,0.798959,0.8048,0.9356,0.789933,0.000707,0.009733,0.5,True,0.0,0.812589
ACSEmployment,geo,4,XGBoost,FL-2018,1,0.8116,0.799667,-0.011933,0.799667,0.834511,0.792332,0.794475,0.8038,0.9402,0.794533,0.005192,0.005133,0.682424,True,-0.0169,0.812589
ACSEmployment,geo,4,XGBoost,IL-2018,1,0.8234,0.799667,-0.023733,0.799667,0.84357,0.802421,0.803534,0.8184,0.9408,0.795133,-0.003867,0.004533,0.64836,True,0.0123,0.812589
ACSEmployment,geo,4,XGBoost,MS-2018,1,0.8202,0.799667,-0.020533,0.799667,0.841083,0.800746,0.801047,0.811,0.9414,0.795733,-0.00138,0.003933,0.811845,True,-0.0575,0.812589
ACSEmployment,geo,4,XGBoost,NY-2018,1,0.8106,0.799667,-0.010933,0.799667,0.840869,0.799178,0.800833,0.8168,0.9426,0.796933,-0.001166,0.002733,0.640148,True,0.0061,0.812589
ACSEmployment,geo,4,XGBoost,OH-2018,1,0.8206,0.799667,-0.020933,0.799667,0.845937,0.805084,0.805901,0.8218,0.9454,0.799733,-0.006234,-6.7e-05,0.744022,True,0.0007,0.812589
ACSEmployment,geo,4,XGBoost,PA-2018,1,0.8222,0.799667,-0.022533,0.799667,0.840059,0.797935,0.800023,0.8122,0.9434,0.797733,-0.000356,0.001933,0.732449,True,0.0117,0.812589
ACSEmployment,geo,4,XGBoost,TX-2018,1,0.8176,0.799667,-0.017933,0.799667,0.849062,0.809003,0.809026,0.8282,0.9456,0.799933,-0.009359,-0.000267,0.642566,True,-0.0135,0.812589
ACSEmployment,geo,4,XGBoost,WA-2018,1,0.8194,0.799667,-0.019733,0.799667,0.841347,0.800103,0.801311,0.811,0.9382,0.792533,-0.001644,0.007133,0.638584,True,-0.0051,0.812589
ACSEmployment,geotemporal,0,CatBoost,ID,0,0.8076,0.798333,-0.009267,0.798333,0.823313,0.802102,0.796171,0.7884,0.9434,0.790733,0.002162,0.0076,0.5,True,0.0,2.567018
ACSEmployment,geotemporal,0,CatBoost,MS-2018,1,0.8268,0.798333,-0.028467,0.798333,0.823652,0.803113,0.79651,0.7814,0.9422,0.789533,0.001823,0.0088,0.813147,True,-0.0423,2.567018
ACSEmployment,geotemporal,0,CatBoost,NY-2018,1,0.8146,0.798333,-0.016267,0.798333,0.816972,0.795123,0.78983,0.7806,0.9418,0.789133,0.008504,0.0092,0.653579,True,0.0273,2.567018
ACSEmployment,geotemporal,0,CatBoost,TX-2018,1,0.8218,0.798333,-0.023467,0.798333,0.823644,0.80264,0.796501,0.7876,0.9402,0.787533,0.001832,0.0108,0.637468,True,0.0345,2.567018
ACSEmployment,geotemporal,0,CatBoost,WA-2018,1,0.8098,0.798333,-0.011467,0.798333,0.815855,0.794465,0.788713,0.776,0.9416,0.788933,0.009621,0.0094,0.660347,True,0.0221,2.567018
ACSEmployment,geotemporal,0,LightGBM,ID,0,0.8088,0.799333,-0.009467,0.799333,0.822215,0.801157,0.797419,0.7902,0.9452,0.792867,0.001915,0.006467,0.5,True,0.0,0.760233
ACSEmployment,geotemporal,0,LightGBM,MS-2018,1,0.8292,0.799333,-0.029867,0.799333,0.825653,0.805152,0.800857,0.7886,0.9412,0.788867,-0.001524,0.010467,0.813147,True,-0.0423,0.760233
ACSEmployment,geotemporal,0,LightGBM,NY-2018,1,0.8152,0.799333,-0.015867,0.799333,0.814867,0.793115,0.790071,0.776,0.9432,0.790867,0.009262,0.008467,0.653579,True,0.0273,0.760233
ACSEmployment,geotemporal,0,LightGBM,TX-2018,1,0.818,0.799333,-0.018667,0.799333,0.824156,0.803415,0.79936,0.7918,0.9418,0.789467,-2.6e-05,0.009867,0.637468,True,0.0345,0.760233
ACSEmployment,geotemporal,0,LightGBM,WA-2018,1,0.808,0.799333,-0.008667,0.799333,0.81607,0.794942,0.791274,0.777,0.9436,0.791267,0.008059,0.008067,0.660347,True,0.0221,0.760233
ACSEmployment,geotemporal,0,LogReg,ID,0,0.7624,0.756333,-0.006067,0.756333,0.757303,0.753233,0.754058,0.7602,0.9846,0.7566,0.002275,-0.000267,0.5,True,0.0,0.123267
ACSEmployment,geotemporal,0,LogReg,MS-2018,1,0.7852,0.756333,-0.028867,0.756333,0.757422,0.753484,0.754177,0.7414,0.982,0.754,0.002156,0.002333,0.813147,True,-0.0423,0.123267
ACSEmployment,geotemporal,0,LogReg,NY-2018,1,0.7652,0.756333,-0.008867,0.756333,0.748642,0.744505,0.745397,0.753,0.9794,0.7514,0.010936,0.004933,0.653579,True,0.0273,0.123267
ACSEmployment,geotemporal,0,LogReg,TX-2018,1,0.771,0.756333,-0.014667,0.756333,0.75924,0.755198,0.755995,0.766,0.9832,0.7552,0.000338,0.001133,0.637468,True,0.0345,0.123267
ACSEmployment,geotemporal,0,LogReg,WA-2018,1,0.7592,0.756333,-0.002867,0.756333,0.75219,0.74814,0.748945,0.7386,0.9802,0.7522,0.007388,0.004133,0.660347,True,0.0221,0.123267
ACSEmployment,geotemporal,0,MLP,ID,0,0.7992,0.801,0.0018,0.801,0.811713,0.791553,0.796,0.777,0.9256,0.7936,0.005,0.0074,0.5,True,0.0,10.373617
ACSEmployment,geotemporal,0,MLP,MS-2018,1,0.8208,0.801,-0.0198,0.801,0.814734,0.794339,0.799021,0.7946,0.929,0.797,0.001979,0.004,0.813147,True,-0.0423,10.373617
ACSEmployment,geotemporal,0,MLP,NY-2018,1,0.8016,0.801,-0.0006,0.801,0.806776,0.785776,0.791063,0.784,0.9214,0.7894,0.009937,0.0116,0.653579,True,0.0273,10.373617
ACSEmployment,geotemporal,0,MLP,TX-2018,1,0.8068,0.801,-0.0058,0.801,0.814807,0.794461,0.799094,0.788,0.9282,0.7962,0.001906,0.0048,0.637468,True,0.0345,10.373617
ACSEmployment,geotemporal,0,MLP,WA-2018,1,0.796,0.801,0.005,0.801,0.806137,0.785807,0.790424,0.77,0.9192,0.7872,0.010576,0.0138,0.660347,True,0.0221,10.373617
ACSEmployment,geotemporal,0,RandForest,ID,0,0.7894,0.780333,-0.009067,0.780333,0.832856,0.766609,0.779797,0.7774,0.9338,0.775133,0.000536,0.0052,0.5,True,0.0,3.921069
ACSEmployment,geotemporal,0,RandForest,MS-2018,1,0.8006,0.780333,-0.020267,0.780333,0.83321,0.76529,0.780151,0.7844,0.9306,0.771933,0.000182,0.0084,0.813147,True,-0.0423,3.921069
ACSEmployment,geotemporal,0,RandForest,NY-2018,1,0.7868,0.780333,-0.006467,0.780333,0.827057,0.758546,0.773998,0.7742,0.9272,0.768533,0.006335,0.0118,0.653579,True,0.0273,3.921069
ACSEmployment,geotemporal,0,RandForest,TX-2018,1,0.7926,0.780333,-0.012267,0.780333,0.834681,0.769339,0.781623,0.779,0.9294,0.770733,-0.00129,0.0096,0.637468,True,0.0345,3.921069
ACSEmployment,geotemporal,0,RandForest,WA-2018,1,0.7832,0.780333,-0.002867,0.780333,0.830085,0.762778,0.777027,0.7726,0.9262,0.767533,0.003307,0.0128,0.660347,True,0.0221,3.921069
ACSEmployment,geotemporal,0,XGBoost,ID,0,0.8028,0.799333,-0.003467,0.799333,0.833441,0.795657,0.794937,0.7886,0.9356,0.795267,0.004396,0.004067,0.5,True,0.0,0.794405
ACSEmployment,geotemporal,0,XGBoost,MS-2018,1,0.8176,0.799333,-0.018267,0.799333,0.833429,0.797105,0.794925,0.7748,0.9296,0.789267,0.004408,0.010067,0.813147,True,-0.0423,0.794405
ACSEmployment,geotemporal,0,XGBoost,NY-2018,1,0.806,0.799333,-0.006667,0.799333,0.826316,0.787232,0.787812,0.7756,0.9342,0.793867,0.011521,0.005467,0.653579,True,0.0273,0.794405
ACSEmployment,geotemporal,0,XGBoost,TX-2018,1,0.8078,0.799333,-0.008467,0.799333,0.832632,0.795328,0.794128,0.782,0.9358,0.795467,0.005206,0.003867,0.637468,True,0.0345,0.794405
ACSEmployment,geotemporal,0,XGBoost,WA-2018,1,0.8036,0.799333,-0.004267,0.799333,0.823447,0.785466,0.784943,0.7646,0.9298,0.789467,0.014391,0.009867,0.660347,True,0.0221,0.794405
ACSEmployment,geotemporal,1,CatBoost,ID,0,0.8032,0.8,-0.0032,0.8,0.824425,0.802974,0.802589,0.807,0.9412,0.806533,-0.002589,-0.006533,0.5,True,0.0,2.616722
ACSEmployment,geotemporal,1,CatBoost,MS-2018,1,0.818,0.8,-0.018,0.8,0.822334,0.801031,0.800499,0.8072,0.9446,0.809933,-0.000499,-0.009933,0.819881,True,-0.0365,2.616722
ACSEmployment,geotemporal,1,CatBoost,NY-2018,1,0.8142,0.8,-0.0142,0.8,0.818069,0.795381,0.796233,0.8132,0.9376,0.802933,0.003767,-0.002933,0.651804,True,0.0373,2.616722
ACSEmployment,geotemporal,1,CatBoost,TX-2018,1,0.8212,0.8,-0.0212,0.8,0.826042,0.804919,0.804206,0.8078,0.9388,0.804133,-0.004206,-0.004133,0.632916,True,0.0205,2.616722
ACSEmployment,geotemporal,1,CatBoost,WA-2018,1,0.8164,0.8,-0.0164,0.8,0.823851,0.801675,0.802016,0.819,0.9378,0.803133,-0.002016,-0.003133,0.651108,True,0.0249,2.616722
ACSEmployment,geotemporal,1,LightGBM,ID,0,0.805,0.798,-0.007,0.798,0.823634,0.800591,0.7996,0.8088,0.936,0.799667,-0.0016,-0.001667,0.5,True,0.0,1.162558
ACSEmployment,geotemporal,1,LightGBM,MS-2018,1,0.8154,0.798,-0.0174,0.798,0.82424,0.80126,0.800206,0.8074,0.9442,0.807867,-0.002206,-0.009867,0.819881,True,-0.0365,1.162558
ACSEmployment,geotemporal,1,LightGBM,NY-2018,1,0.8164,0.798,-0.0184,0.798,0.817521,0.793048,0.793487,0.8074,0.9344,0.798067,0.004513,-6.7e-05,0.651804,True,0.0373,1.162558
ACSEmployment,geotemporal,1,LightGBM,TX-2018,1,0.8216,0.798,-0.0236,0.798,0.826176,0.803585,0.802142,0.8086,0.9436,0.807267,-0.004142,-0.009267,0.632916,True,0.0205,1.162558
ACSEmployment,geotemporal,1,LightGBM,WA-2018,1,0.8192,0.798,-0.0212,0.798,0.824519,0.800758,0.800485,0.8194,0.9494,0.813067,-0.002485,-0.015067,0.651108,True,0.0249,1.162558
ACSEmployment,geotemporal,1,LogReg,ID,0,0.7604,0.754333,-0.006067,0.754333,0.758718,0.745384,0.753167,0.7514,0.9786,0.7516,0.001166,0.002733,0.5,True,0.0,0.107106
ACSEmployment,geotemporal,1,LogReg,MS-2018,1,0.7774,0.754333,-0.023067,0.754333,0.752902,0.739908,0.747352,0.7296,0.9822,0.7552,0.006982,-0.000867,0.819881,True,-0.0365,0.107106
ACSEmployment,geotemporal,1,LogReg,NY-2018,1,0.7708,0.754333,-0.016467,0.754333,0.752342,0.738521,0.746792,0.7582,0.9776,0.7506,0.007541,0.003733,0.651804,True,0.0373,0.107106
ACSEmployment,geotemporal,1,LogReg,TX-2018,1,0.7754,0.754333,-0.021067,0.754333,0.763985,0.750496,0.758435,0.7706,0.9836,0.7566,-0.004102,-0.002267,0.632916,True,0.0205,0.107106
ACSEmployment,geotemporal,1,LogReg,WA-2018,1,0.775,0.754333,-0.020667,0.754333,0.753712,0.740267,0.748161,0.7468,0.9764,0.7494,0.006172,0.004933,0.651108,True,0.0249,0.107106
ACSEmployment,geotemporal,1,MLP,ID,0,0.8,0.794333,-0.005667,0.794333,0.80759,0.796184,0.796478,0.808,0.9286,0.793267,-0.002144,0.001067,0.5,True,0.0,6.277553
ACSEmployment,geotemporal,1,MLP,MS-2018,1,0.8096,0.794333,-0.015267,0.794333,0.809322,0.797528,0.79821,0.8248,0.9332,0.797867,-0.003876,-0.003533,0.819881,True,-0.0365,6.277553
ACSEmployment,geotemporal,1,MLP,NY-2018,1,0.8032,0.794333,-0.008867,0.794333,0.806414,0.794315,0.795302,0.821,0.9306,0.795267,-0.000968,-0.000933,0.651804,True,0.0373,6.277553
ACSEmployment,geotemporal,1,MLP,TX-2018,1,0.8096,0.794333,-0.015267,0.794333,0.809663,0.798384,0.798551,0.8106,0.9326,0.797267,-0.004217,-0.002933,0.632916,True,0.0205,6.277553
ACSEmployment,geotemporal,1,MLP,WA-2018,1,0.8066,0.794333,-0.012267,0.794333,0.807772,0.796108,0.79666,0.8158,0.9328,0.797467,-0.002327,-0.003133,0.651108,True,0.0249,6.277553
ACSEmployment,geotemporal,1,RandForest,ID,0,0.7898,0.783,-0.0068,0.783,0.831948,0.763908,0.781023,0.7786,0.9238,0.785467,0.001977,-0.002467,0.5,True,0.0,4.862294
ACSEmployment,geotemporal,1,RandForest,MS-2018,1,0.788,0.783,-0.005,0.783,0.828305,0.759548,0.77738,0.7656,0.9282,0.789867,0.00562,-0.006867,0.819881,True,-0.0365,4.862294
ACSEmployment,geotemporal,1,RandForest,NY-2018,1,0.7946,0.783,-0.0116,0.783,0.825367,0.755245,0.774442,0.7708,0.9202,0.781867,0.008558,0.001133,0.651804,True,0.0373,4.862294
ACSEmployment,geotemporal,1,RandForest,TX-2018,1,0.7966,0.783,-0.0136,0.783,0.837409,0.770473,0.786483,0.7868,0.9318,0.793467,-0.003483,-0.010467,0.632916,True,0.0205,4.862294
ACSEmployment,geotemporal,1,RandForest,WA-2018,1,0.795,0.783,-0.012,0.783,0.832537,0.763172,0.781611,0.7824,0.9246,0.786267,0.001389,-0.003267,0.651108,True,0.0249,4.862294
ACSEmployment,geotemporal,1,XGBoost,ID,0,0.7964,0.792333,-0.004067,0.792333,0.833182,0.796181,0.793449,0.7978,0.9242,0.7962,-0.001115,-0.003867,0.5,True,0.0,0.848637
ACSEmployment,geotemporal,1,XGBoost,MS-2018,1,0.8078,0.792333,-0.015467,0.792333,0.831486,0.794881,0.791753,0.7946,0.9382,0.8102,0.00058,-0.017867,0.819881,True,-0.0365,0.848637
ACSEmployment,geotemporal,1,XGBoost,NY-2018,1,0.809,0.792333,-0.016667,0.792333,0.825879,0.787186,0.786146,0.7946,0.9276,0.7996,0.006188,-0.007267,0.651804,True,0.0373,0.848637
ACSEmployment,geotemporal,1,XGBoost,TX-2018,1,0.8132,0.792333,-0.020867,0.792333,0.835186,0.798936,0.795453,0.8008,0.9306,0.8026,-0.00312,-0.010267,0.632916,True,0.0205,0.848637
ACSEmployment,geotemporal,1,XGBoost,WA-2018,1,0.8108,0.792333,-0.018467,0.792333,0.832849,0.795008,0.793116,0.8076,0.9316,0.8036,-0.000783,-0.011267,0.651108,True,0.0249,0.848637
ACSEmployment,geotemporal,2,CatBoost,ID,0,0.816,0.8,-0.016,0.8,0.823146,0.798972,0.802677,0.8084,0.9368,0.804467,-0.002677,-0.004467,0.5,True,0.0,2.643415
ACSEmployment,geotemporal,2,CatBoost,MS-2018,1,0.8202,0.8,-0.0202,0.8,0.820923,0.796354,0.800453,0.8076,0.9398,0.807467,-0.000453,-0.007467,0.818879,True,-0.0299,2.643415
ACSEmployment,geotemporal,2,CatBoost,NY-2018,1,0.8226,0.8,-0.0226,0.8,0.820224,0.794639,0.799754,0.8156,0.9366,0.804267,0.000246,-0.004267,0.6463,True,0.0345,2.643415
ACSEmployment,geotemporal,2,CatBoost,TX-2018,1,0.8228,0.8,-0.0228,0.8,0.826187,0.801777,0.805717,0.8162,0.9428,0.810467,-0.005717,-0.010467,0.647934,True,0.0261,2.643415
ACSEmployment,geotemporal,2,CatBoost,WA-2018,1,0.8254,0.8,-0.0254,0.8,0.822104,0.796525,0.801634,0.8202,0.9406,0.808267,-0.001634,-0.008267,0.66526,True,0.0275,2.643415
ACSEmployment,geotemporal,2,LightGBM,ID,0,0.8142,0.808333,-0.005867,0.808333,0.822822,0.798533,0.81119,0.8166,0.9384,0.8104,-0.002857,-0.002067,0.5,True,0.0,0.789871
ACSEmployment,geotemporal,2,LightGBM,MS-2018,1,0.8214,0.808333,-0.013067,0.808333,0.822219,0.797579,0.810588,0.8184,0.9394,0.8114,-0.002254,-0.003067,0.818879,True,-0.0299,0.789871
ACSEmployment,geotemporal,2,LightGBM,NY-2018,1,0.8204,0.808333,-0.012067,0.808333,0.818933,0.793208,0.807301,0.821,0.9386,0.8106,0.001033,-0.002267,0.6463,True,0.0345,0.789871
ACSEmployment,geotemporal,2,LightGBM,TX-2018,1,0.8184,0.808333,-0.010067,0.808333,0.826376,0.801828,0.814744,0.8312,0.9442,0.8162,-0.00641,-0.007867,0.647934,True,0.0261,0.789871
ACSEmployment,geotemporal,2,LightGBM,WA-2018,1,0.821,0.808333,-0.012667,0.808333,0.82195,0.796342,0.810318,0.8262,0.9414,0.8134,-0.001985,-0.005067,0.66526,True,0.0275,0.789871
ACSEmployment,geotemporal,2,LogReg,ID,0,0.7696,0.756667,-0.012933,0.756667,0.761917,0.75863,0.757613,0.7656,0.9766,0.7526,-0.000946,0.004067,0.5,True,0.0,0.098202
ACSEmployment,geotemporal,2,LogReg,MS-2018,1,0.7692,0.756667,-0.012533,0.756667,0.754322,0.751102,0.750017,0.7264,0.9764,0.7524,0.006649,0.004267,0.818879,True,-0.0299,0.098202
ACSEmployment,geotemporal,2,LogReg,NY-2018,1,0.7704,0.756667,-0.013733,0.756667,0.755874,0.752463,0.75157,0.7566,0.981,0.757,0.005097,-0.000333,0.6463,True,0.0345,0.098202
ACSEmployment,geotemporal,2,LogReg,TX-2018,1,0.7842,0.756667,-0.027533,0.756667,0.765549,0.76219,0.761244,0.778,0.98,0.756,-0.004577,0.000667,0.647934,True,0.0261,0.098202
ACSEmployment,geotemporal,2,LogReg,WA-2018,1,0.7696,0.756667,-0.012933,0.756667,0.753292,0.749946,0.748987,0.7468,0.9794,0.7554,0.007679,0.001267,0.66526,True,0.0275,0.098202
ACSEmployment,geotemporal,2,MLP,ID,0,0.8052,0.801667,-0.003533,0.801667,0.800878,0.793002,0.807123,0.808,0.935,0.796,-0.005456,0.005667,0.5,True,0.0,6.808109
ACSEmployment,geotemporal,2,MLP,MS-2018,1,0.8148,0.801667,-0.013133,0.801667,0.809116,0.800932,0.815361,0.8344,0.9322,0.7932,-0.013695,0.008467,0.818879,True,-0.0299,6.808109
ACSEmployment,geotemporal,2,MLP,NY-2018,1,0.8144,0.801667,-0.012733,0.801667,0.801005,0.792628,0.807251,0.8222,0.936,0.797,-0.005584,0.004667,0.6463,True,0.0345,6.808109
ACSEmployment,geotemporal,2,MLP,TX-2018,1,0.812,0.801667,-0.010333,0.801667,0.808866,0.800821,0.815111,0.8262,0.942,0.803,-0.013445,-0.001333,0.647934,True,0.0261,6.808109
ACSEmployment,geotemporal,2,MLP,WA-2018,1,0.8102,0.801667,-0.008533,0.801667,0.804663,0.796314,0.810908,0.829,0.9374,0.7984,-0.009242,0.003267,0.66526,True,0.0275,6.808109
ACSEmployment,geotemporal,2,RandForest,ID,0,0.7976,0.774333,-0.023267,0.774333,0.83289,0.759691,0.775438,0.7728,0.9226,0.772933,-0.001105,0.0014,0.5,True,0.0,3.384972
ACSEmployment,geotemporal,2,RandForest,MS-2018,1,0.794,0.774333,-0.019667,0.774333,0.830032,0.754503,0.77258,0.7714,0.9212,0.771533,0.001753,0.0028,0.818879,True,-0.0299,3.384972
ACSEmployment,geotemporal,2,RandForest,NY-2018,1,0.8016,0.774333,-0.027267,0.774333,0.830217,0.752375,0.772765,0.7852,0.9158,0.766133,0.001568,0.0082,0.6463,True,0.0345,3.384972
ACSEmployment,geotemporal,2,RandForest,TX-2018,1,0.7986,0.774333,-0.024267,0.774333,0.835025,0.761632,0.777573,0.7828,0.9252,0.775533,-0.003239,-0.0012,0.647934,True,0.0261,3.384972
ACSEmployment,geotemporal,2,RandForest,WA-2018,1,0.799,0.774333,-0.024667,0.774333,0.831305,0.755437,0.773853,0.7752,0.9212,0.771533,0.000481,0.0028,0.66526,True,0.0275,3.384972
ACSEmployment,geotemporal,2,XGBoost,ID,0,0.8066,0.796333,-0.010267,0.796333,0.832209,0.79293,0.797414,0.7996,0.929,0.798333,-0.00108,-0.002,0.5,True,0.0,0.825059
ACSEmployment,geotemporal,2,XGBoost,MS-2018,1,0.8132,0.796333,-0.016867,0.796333,0.830489,0.790541,0.795693,0.8006,0.9314,0.800733,0.00064,-0.0044,0.818879,True,-0.0299,0.825059
ACSEmployment,geotemporal,2,XGBoost,NY-2018,1,0.815,0.796333,-0.018667,0.796333,0.827955,0.78643,0.79316,0.8022,0.9326,0.801933,0.003174,-0.0056,0.6463,True,0.0345,0.825059
ACSEmployment,geotemporal,2,XGBoost,TX-2018,1,0.8112,0.796333,-0.014867,0.796333,0.835999,0.796117,0.801204,0.8098,0.929,0.798333,-0.004871,-0.002,0.647934,True,0.0261,0.825059
ACSEmployment,geotemporal,2,XGBoost,WA-2018,1,0.8168,0.796333,-0.020467,0.796333,0.830438,0.788964,0.795643,0.8096,0.928,0.797333,0.000691,-0.001,0.66526,True,0.0275,0.825059
ACSEmployment,geotemporal,3,CatBoost,ID,0,0.8074,0.810333,0.002933,0.810333,0.825137,0.80383,0.809984,0.81,0.9404,0.800067,0.00035,0.010267,0.5,True,0.0,2.655936
ACSEmployment,geotemporal,3,CatBoost,MS-2018,1,0.8344,0.810333,-0.024067,0.810333,0.822641,0.801511,0.807487,0.8088,0.9388,0.798467,0.002847,0.011867,0.818286,True,-0.0482,2.655936
ACSEmployment,geotemporal,3,CatBoost,NY-2018,1,0.8128,0.810333,-0.002467,0.810333,0.824761,0.802741,0.809607,0.8196,0.9396,0.799267,0.000726,0.011067,0.651383,True,0.0318,2.655936
ACSEmployment,geotemporal,3,CatBoost,TX-2018,1,0.826,0.810333,-0.015667,0.810333,0.825549,0.804194,0.810396,0.8084,0.9402,0.799867,-6.2e-05,0.010467,0.633838,True,0.029,2.655936
ACSEmployment,geotemporal,3,CatBoost,WA-2018,1,0.8128,0.810333,-0.002467,0.810333,0.826156,0.804221,0.811003,0.8204,0.9428,0.802467,-0.000669,0.007867,0.663199,True,0.0234,2.655936
ACSEmployment,geotemporal,3,LightGBM,ID,0,0.8072,0.806667,-0.000533,0.806667,0.824839,0.801112,0.808188,0.8082,0.935,0.807667,-0.001522,-0.001,0.5,True,0.0,1.111378
ACSEmployment,geotemporal,3,LightGBM,MS-2018,1,0.8366,0.806667,-0.029933,0.806667,0.824282,0.800736,0.807631,0.8058,0.9366,0.809267,-0.000965,-0.0026,0.818286,True,-0.0482,1.111378
ACSEmployment,geotemporal,3,LightGBM,NY-2018,1,0.8158,0.806667,-0.009133,0.806667,0.823099,0.798275,0.806448,0.8154,0.9398,0.812467,0.000218,-0.0058,0.651383,True,0.0318,1.111378
ACSEmployment,geotemporal,3,LightGBM,TX-2018,1,0.8206,0.806667,-0.013933,0.806667,0.826504,0.802718,0.809853,0.807,0.9334,0.806067,-0.003186,0.0006,0.633838,True,0.029,1.111378
ACSEmployment,geotemporal,3,LightGBM,WA-2018,1,0.8102,0.806667,-0.003533,0.806667,0.828113,0.803489,0.811462,0.8182,0.936,0.808667,-0.004795,-0.002,0.663199,True,0.0234,1.111378
ACSEmployment,geotemporal,3,LogReg,ID,0,0.7622,0.756333,-0.005867,0.756333,0.764426,0.757592,0.762349,0.7622,0.9884,0.7594,-0.006015,-0.003067,0.5,True,0.0,0.238864
ACSEmployment,geotemporal,3,LogReg,MS-2018,1,0.7848,0.756333,-0.028467,0.756333,0.759489,0.752869,0.757411,0.7334,0.9848,0.7558,-0.001078,0.000533,0.818286,True,-0.0482,0.238864
ACSEmployment,geotemporal,3,LogReg,NY-2018,1,0.7762,0.756333,-0.019867,0.756333,0.756498,0.749525,0.754421,0.7514,0.987,0.758,0.001912,-0.001667,0.651383,True,0.0318,0.238864
ACSEmployment,geotemporal,3,LogReg,TX-2018,1,0.783,0.756333,-0.026667,0.756333,0.760454,0.753649,0.758376,0.7536,0.9888,0.7598,-0.002043,-0.003467,0.633838,True,0.029,0.238864
ACSEmployment,geotemporal,3,LogReg,WA-2018,1,0.7712,0.756333,-0.014867,0.756333,0.757725,0.750814,0.755647,0.7458,0.9874,0.7584,0.000686,-0.002067,0.663199,True,0.0234,0.238864
ACSEmployment,geotemporal,3,MLP,ID,0,0.802,0.794667,-0.007333,0.794667,0.812339,0.795542,0.796557,0.8064,0.944,0.798667,-0.00189,-0.004,0.5,True,0.0,5.516918
ACSEmployment,geotemporal,3,MLP,MS-2018,1,0.8224,0.794667,-0.027733,0.794667,0.81477,0.797646,0.798988,0.8156,0.941,0.795667,-0.004321,-0.001,0.818286,True,-0.0482,5.516918
ACSEmployment,geotemporal,3,MLP,NY-2018,1,0.8064,0.794667,-0.011733,0.794667,0.813777,0.796048,0.797994,0.8198,0.9502,0.804867,-0.003328,-0.0102,0.651383,True,0.0318,5.516918
ACSEmployment,geotemporal,3,MLP,TX-2018,1,0.8172,0.794667,-0.022533,0.794667,0.812442,0.795435,0.796659,0.8026,0.941,0.795667,-0.001993,-0.001,0.633838,True,0.029,5.516918
ACSEmployment,geotemporal,3,MLP,WA-2018,1,0.7918,0.794667,0.002867,0.794667,0.811387,0.793918,0.795605,0.8126,0.9448,0.799467,-0.000938,-0.0048,0.663199,True,0.0234,5.516918
ACSEmployment,geotemporal,3,RandForest,ID,0,0.7838,0.783333,-0.000467,0.783333,0.835721,0.772914,0.782052,0.7732,0.9244,0.770733,0.001281,0.0126,0.5,True,0.0,4.405374
ACSEmployment,geotemporal,3,RandForest,MS-2018,1,0.8062,0.783333,-0.022867,0.783333,0.833147,0.767805,0.779478,0.773,0.9256,0.771933,0.003856,0.0114,0.818286,True,-0.0482,4.405374
ACSEmployment,geotemporal,3,RandForest,NY-2018,1,0.7878,0.783333,-0.004467,0.783333,0.8358,0.769794,0.782131,0.7838,0.928,0.774333,0.001203,0.009,0.651383,True,0.0318,4.405374
ACSEmployment,geotemporal,3,RandForest,TX-2018,1,0.7982,0.783333,-0.014867,0.783333,0.837899,0.774504,0.78423,0.7824,0.9278,0.774133,-0.000897,0.0092,0.633838,True,0.029,4.405374
ACSEmployment,geotemporal,3,RandForest,WA-2018,1,0.7894,0.783333,-0.006067,0.783333,0.837325,0.773109,0.783656,0.7758,0.9326,0.778933,-0.000322,0.0044,0.663199,True,0.0234,4.405374
ACSEmployment,geotemporal,3,XGBoost,ID,0,0.803,0.798667,-0.004333,0.798667,0.833992,0.797606,0.798549,0.797,0.9314,0.8014,0.000118,-0.002733,0.5,True,0.0,1.702705
ACSEmployment,geotemporal,3,XGBoost,MS-2018,1,0.8286,0.798667,-0.029933,0.798667,0.830645,0.794815,0.795202,0.7918,0.929,0.799,0.003465,-0.000333,0.818286,True,-0.0482,1.702705
ACSEmployment,geotemporal,3,XGBoost,NY-2018,1,0.8068,0.798667,-0.008133,0.798667,0.832131,0.794715,0.796688,0.8,0.9364,0.8064,0.001979,-0.007733,0.651383,True,0.0318,1.702705
ACSEmployment,geotemporal,3,XGBoost,TX-2018,1,0.8176,0.798667,-0.018933,0.798667,0.8336,0.797331,0.798158,0.7926,0.9282,0.7982,0.000509,0.000467,0.633838,True,0.029,1.702705
ACSEmployment,geotemporal,3,XGBoost,WA-2018,1,0.803,0.798667,-0.004333,0.798667,0.83383,0.796661,0.798387,0.797,0.9262,0.7962,0.000279,0.002467,0.663199,True,0.0234,1.702705
ACSEmployment,geotemporal,4,CatBoost,ID,0,0.8162,0.802333,-0.013867,0.802333,0.814691,0.809992,0.802637,0.813,0.938,0.801,-0.000304,0.001333,0.5,True,0.0,2.912787
ACSEmployment,geotemporal,4,CatBoost,MS-2018,1,0.8212,0.802333,-0.018867,0.802333,0.815387,0.810712,0.803333,0.823,0.9402,0.8032,-0.001,-0.000867,0.80648,True,-0.0471,2.912787
ACSEmployment,geotemporal,4,CatBoost,NY-2018,1,0.8132,0.802333,-0.010867,0.802333,0.814447,0.809538,0.802393,0.8226,0.9364,0.7994,-6e-05,0.002933,0.647438,True,0.0307,2.912787
ACSEmployment,geotemporal,4,CatBoost,TX-2018,1,0.8136,0.802333,-0.011267,0.802333,0.816331,0.81168,0.804278,0.8184,0.9434,0.8064,-0.001944,-0.004067,0.625716,True,0.0157,2.912787
ACSEmployment,geotemporal,4,CatBoost,WA-2018,1,0.818,0.802333,-0.015667,0.802333,0.817035,0.812177,0.804982,0.8298,0.944,0.807,-0.002648,-0.004667,0.642109,True,0.0275,2.912787
ACSEmployment,geotemporal,4,LightGBM,ID,0,0.8162,0.807333,-0.008867,0.807333,0.816716,0.806958,0.808616,0.807,0.9352,0.806533,-0.001283,0.0008,0.5,True,0.0,0.786793
ACSEmployment,geotemporal,4,LightGBM,MS-2018,1,0.8206,0.807333,-0.013267,0.807333,0.814013,0.804412,0.805913,0.8048,0.9406,0.811933,0.00142,-0.0046,0.80648,True,-0.0471,0.786793
ACSEmployment,geotemporal,4,LightGBM,NY-2018,1,0.8106,0.807333,-0.003267,0.807333,0.814064,0.803795,0.805964,0.8154,0.944,0.815333,0.001369,-0.008,0.647438,True,0.0307,0.786793
ACSEmployment,geotemporal,4,LightGBM,TX-2018,1,0.8136,0.807333,-0.006267,0.807333,0.816119,0.806429,0.808019,0.8056,0.9368,0.808133,-0.000685,-0.0008,0.625716,True,0.0157,0.786793
ACSEmployment,geotemporal,4,LightGBM,WA-2018,1,0.8162,0.807333,-0.008867,0.807333,0.816766,0.806629,0.808666,0.8178,0.941,0.812333,-0.001333,-0.005,0.642109,True,0.0275,0.786793
ACSEmployment,geotemporal,4,LogReg,ID,0,0.7526,0.754333,0.001733,0.754333,0.753954,0.757658,0.751779,0.7492,0.9844,0.750067,0.002554,0.004267,0.5,True,0.0,0.102465
ACSEmployment,geotemporal,4,LogReg,MS-2018,1,0.7772,0.754333,-0.022867,0.754333,0.7565,0.760092,0.754326,0.7358,0.986,0.751667,7e-06,0.002667,0.80648,True,-0.0471,0.102465
ACSEmployment,geotemporal,4,LogReg,NY-2018,1,0.7634,0.754333,-0.009067,0.754333,0.748489,0.752265,0.746315,0.743,0.9854,0.751067,0.008019,0.003267,0.647438,True,0.0307,0.102465
ACSEmployment,geotemporal,4,LogReg,TX-2018,1,0.7624,0.754333,-0.008067,0.754333,0.757316,0.760982,0.755141,0.7556,0.9878,0.753467,-0.000808,0.000867,0.625716,True,0.0157,0.102465
ACSEmployment,geotemporal,4,LogReg,WA-2018,1,0.7712,0.754333,-0.016867,0.754333,0.754488,0.75822,0.752314,0.7462,0.9876,0.753267,0.002019,0.001067,0.642109,True,0.0275,0.102465
ACSEmployment,geotemporal,4,MLP,ID,0,0.786,0.782333,-0.003667,0.782333,0.773638,0.791811,0.780577,0.7836,0.9044,0.781733,0.001756,0.0006,0.5,True,0.0,5.634851
ACSEmployment,geotemporal,4,MLP,MS-2018,1,0.8096,0.782333,-0.027267,0.782333,0.78327,0.801747,0.790209,0.8078,0.9222,0.799533,-0.007875,-0.0172,0.80648,True,-0.0471,5.634851
ACSEmployment,geotemporal,4,MLP,NY-2018,1,0.8052,0.782333,-0.022867,0.782333,0.772707,0.791862,0.779646,0.8022,0.9062,0.783533,0.002688,-0.0012,0.647438,True,0.0307,5.634851
ACSEmployment,geotemporal,4,MLP,TX-2018,1,0.8024,0.782333,-0.020067,0.782333,0.78137,0.799782,0.788308,0.8048,0.911,0.788333,-0.005975,-0.006,0.625716,True,0.0157,5.634851
ACSEmployment,geotemporal,4,MLP,WA-2018,1,0.7984,0.782333,-0.016067,0.782333,0.777507,0.796382,0.784446,0.8108,0.9084,0.785733,-0.002113,-0.0034,0.642109,True,0.0275,5.634851
ACSEmployment,geotemporal,4,RandForest,ID,0,0.785,0.787333,0.002333,0.787333,0.828099,0.780019,0.790179,0.7932,0.9154,0.7864,-0.002845,0.000933,0.5,True,0.0,3.44794
ACSEmployment,geotemporal,4,RandForest,MS-2018,1,0.79,0.787333,-0.002667,0.787333,0.822106,0.774521,0.784186,0.7824,0.9164,0.7874,0.003148,-6.7e-05,0.80648,True,-0.0471,3.44794
ACSEmployment,geotemporal,4,RandForest,NY-2018,1,0.7866,0.787333,0.000733,0.787333,0.826374,0.777097,0.788454,0.7954,0.917,0.788,-0.001121,-0.000667,0.647438,True,0.0307,3.44794
ACSEmployment,geotemporal,4,RandForest,TX-2018,1,0.784,0.787333,0.003333,0.787333,0.830067,0.782401,0.792147,0.8,0.9236,0.7946,-0.004814,-0.007267,0.625716,True,0.0157,3.44794
ACSEmployment,geotemporal,4,RandForest,WA-2018,1,0.788,0.787333,-0.000667,0.787333,0.82915,0.78087,0.79123,0.7962,0.9234,0.7944,-0.003896,-0.007067,0.642109,True,0.0275,3.44794
ACSEmployment,geotemporal,4,XGBoost,ID,0,0.8072,0.800667,-0.006533,0.800667,0.829072,0.804614,0.803364,0.8138,0.9302,0.807533,-0.002698,-0.006867,0.5,True,0.0,0.816005
ACSEmployment,geotemporal,4,XGBoost,MS-2018,1,0.8136,0.800667,-0.012933,0.800667,0.823918,0.800232,0.79821,0.8006,0.9232,0.800533,0.002456,0.000133,0.80648,True,-0.0471,0.816005
ACSEmployment,geotemporal,4,XGBoost,NY-2018,1,0.805,0.800667,-0.004333,0.800667,0.823528,0.798471,0.79782,0.8064,0.928,0.805333,0.002846,-0.004667,0.647438,True,0.0307,0.816005
ACSEmployment,geotemporal,4,XGBoost,TX-2018,1,0.808,0.800667,-0.007333,0.800667,0.82686,0.802965,0.801153,0.8052,0.9224,0.799733,-0.000486,0.000933,0.625716,True,0.0157,0.816005
ACSEmployment,geotemporal,4,XGBoost,WA-2018,1,0.8066,0.800667,-0.005933,0.800667,0.826379,0.801656,0.800672,0.8108,0.926,0.803333,-5e-06,-0.002667,0.642109,True,0.0275,0.816005
ACSEmployment,temporal,0,CatBoost,ID,0,0.8076,0.798333,-0.009267,0.798333,0.823313,0.802102,0.796171,0.7884,0.9372,0.792867,0.002162,0.005467,0.5,True,0.0,2.583823
ACSEmployment,temporal,0,CatBoost,CA-2015,1,0.798,0.798333,0.000333,0.798333,0.819403,0.798084,0.792261,0.7874,0.9426,0.798267,0.006073,6.7e-05,0.517423,True,-0.0023,2.583823
ACSEmployment,temporal,0,CatBoost,CA-2016,1,0.8032,0.798333,-0.004867,0.798333,0.822098,0.800852,0.794955,0.7908,0.942,0.797667,0.003378,0.000667,0.509248,True,0.0091,2.583823
ACSEmployment,temporal,0,CatBoost,CA-2017,1,0.8064,0.798333,-0.008067,0.798333,0.817718,0.796455,0.790576,0.78,0.9356,0.791267,0.007757,0.007067,0.515646,True,0.0275,2.583823
ACSEmployment,temporal,0,CatBoost,CA-2018,1,0.8096,0.798333,-0.011267,0.798333,0.820394,0.798902,0.793252,0.7896,0.9458,0.801467,0.005082,-0.003133,0.520431,True,0.0131,2.583823
ACSEmployment,temporal,0,LightGBM,ID,0,0.8088,0.799333,-0.009467,0.799333,0.822215,0.801157,0.797419,0.7902,0.9386,0.798267,0.001915,0.001067,0.5,True,0.0,0.773219
ACSEmployment,temporal,0,LightGBM,CA-2015,1,0.7996,0.799333,-0.000267,0.799333,0.818582,0.797448,0.793786,0.7818,0.9364,0.796067,0.005547,0.003267,0.517423,True,-0.0023,0.773219
ACSEmployment,temporal,0,LightGBM,CA-2016,1,0.8076,0.799333,-0.008267,0.799333,0.820477,0.799487,0.795681,0.7836,0.9416,0.801267,0.003652,-0.001933,0.509248,True,0.0091,0.773219
ACSEmployment,temporal,0,LightGBM,CA-2017,1,0.8014,0.799333,-0.002067,0.799333,0.815521,0.794548,0.790725,0.7736,0.9328,0.792467,0.008609,0.006867,0.515646,True,0.0275,0.773219
ACSEmployment,temporal,0,LightGBM,CA-2018,1,0.8124,0.799333,-0.013067,0.799333,0.819258,0.797829,0.794462,0.7932,0.9424,0.802067,0.004872,-0.002733,0.520431,True,0.0131,0.773219
ACSEmployment,temporal,0,LogReg,ID,0,0.7624,0.756333,-0.006067,0.756333,0.757303,0.753233,0.754058,0.7602,0.983,0.753333,0.002275,0.003,0.5,True,0.0,0.153125
ACSEmployment,temporal,0,LogReg,CA-2015,1,0.7488,0.756333,0.007533,0.756333,0.753949,0.749896,0.750705,0.751,0.9822,0.752533,0.005629,0.0038,0.517423,True,-0.0023,0.153125
ACSEmployment,temporal,0,LogReg,CA-2016,1,0.7628,0.756333,-0.006467,0.756333,0.757798,0.753713,0.754553,0.7618,0.9866,0.756933,0.00178,-0.0006,0.509248,True,0.0091,0.153125
ACSEmployment,temporal,0,LogReg,CA-2017,1,0.7628,0.756333,-0.006467,0.756333,0.755487,0.751363,0.752242,0.7622,0.9834,0.753733,0.004091,0.0026,0.515646,True,0.0275,0.153125
ACSEmployment,temporal,0,LogReg,CA-2018,1,0.7662,0.756333,-0.009867,0.756333,0.753156,0.749066,0.749911,0.7572,0.982,0.752333,0.006422,0.004,0.520431,True,0.0131,0.153125
ACSEmployment,temporal,0,MLP,ID,0,0.7992,0.801,0.0018,0.801,0.811713,0.791553,0.796,0.777,0.934,0.792,0.005,0.009,0.5,True,0.0,5.777833
ACSEmployment,temporal,0,MLP,CA-2015,1,0.7902,0.801,0.0108,0.801,0.809267,0.788835,0.793554,0.7796,0.9354,0.7934,0.007446,0.0076,0.517423,True,-0.0023,5.777833
ACSEmployment,temporal,0,MLP,CA-2016,1,0.7954,0.801,0.0056,0.801,0.814445,0.793825,0.798732,0.7982,0.9456,0.8036,0.002268,-0.0026,0.509248,True,0.0091,5.777833
ACSEmployment,temporal,0,MLP,CA-2017,1,0.799,0.801,0.002,0.801,0.807409,0.786998,0.791696,0.7752,0.9286,0.7866,0.009304,0.0144,0.515646,True,0.0275,5.777833
ACSEmployment,temporal,0,MLP,CA-2018,1,0.8026,0.801,-0.0016,0.801,0.808614,0.787917,0.792901,0.7816,0.9398,0.7978,0.008099,0.0032,0.520431,True,0.0131,5.777833
ACSEmployment,temporal,0,RandForest,ID,0,0.7894,0.780333,-0.009067,0.780333,0.832856,0.766609,0.779797,0.7774,0.9214,0.786733,0.000536,-0.0064,0.5,True,0.0,4.514268
ACSEmployment,temporal,0,RandForest,CA-2015,1,0.7798,0.780333,0.000533,0.780333,0.830075,0.763192,0.777016,0.7752,0.9164,0.781733,0.003317,-0.0014,0.517423,True,-0.0023,4.514268
ACSEmployment,temporal,0,RandForest,CA-2016,1,0.7872,0.780333,-0.006867,0.780333,0.831568,0.765407,0.778509,0.772,0.9196,0.784933,0.001824,-0.0046,0.509248,True,0.0091,4.514268
ACSEmployment,temporal,0,RandForest,CA-2017,1,0.7842,0.780333,-0.003867,0.780333,0.828142,0.761509,0.775084,0.7708,0.9188,0.784133,0.00525,-0.0038,0.515646,True,0.0275,4.514268
ACSEmployment,temporal,0,RandForest,CA-2018,1,0.7932,0.780333,-0.012867,0.780333,0.827734,0.760361,0.774676,0.7692,0.9188,0.784133,0.005658,-0.0038,0.520431,True,0.0131,4.514268
ACSEmployment,temporal,0,XGBoost,ID,0,0.8028,0.799333,-0.003467,0.799333,0.833441,0.795657,0.794937,0.7886,0.9302,0.7952,0.004396,0.004133,0.5,True,0.0,3.116061
ACSEmployment,temporal,0,XGBoost,CA-2015,1,0.7944,0.799333,0.004933,0.799333,0.828507,0.790493,0.790003,0.7774,0.9276,0.7926,0.00933,0.006733,0.517423,True,-0.0023,3.116061
ACSEmployment,temporal,0,XGBoost,CA-2016,1,0.802,0.799333,-0.002667,0.799333,0.830648,0.79284,0.792144,0.7798,0.9302,0.7952,0.007189,0.004133,0.509248,True,0.0091,3.116061
ACSEmployment,temporal,0,XGBoost,CA-2017,1,0.7972,0.799333,0.002133,0.799333,0.827131,0.789079,0.788627,0.7716,0.9304,0.7954,0.010706,0.003933,0.515646,True,0.0275,3.116061
ACSEmployment,temporal,0,XGBoost,CA-2018,1,0.8026,0.799333,-0.003267,0.799333,0.82921,0.790729,0.790706,0.7822,0.9354,0.8004,0.008628,-0.001067,0.520431,True,0.0131,3.116061
ACSEmployment,temporal,1,CatBoost,ID,0,0.8032,0.8,-0.0032,0.8,0.824425,0.802974,0.802589,0.807,0.9428,0.8068,-0.002589,-0.0068,0.5,True,0.0,3.128026
ACSEmployment,temporal,1,CatBoost,CA-2015,1,0.8088,0.8,-0.0088,0.8,0.822534,0.801121,0.800698,0.8022,0.936,0.8,-0.000698,0.0,0.476512,True,0.0027,3.128026
ACSEmployment,temporal,1,CatBoost,CA-2016,1,0.8054,0.8,-0.0054,0.8,0.821201,0.799685,0.799365,0.801,0.9396,0.8036,0.000635,-0.0036,0.501457,True,0.0081,3.128026
ACSEmployment,temporal,1,CatBoost,CA-2017,1,0.8128,0.8,-0.0128,0.8,0.822821,0.801007,0.800985,0.8054,0.9456,0.8096,-0.000985,-0.0096,0.513418,True,0.0217,3.128026
ACSEmployment,temporal,1,CatBoost,CA-2018,1,0.811,0.8,-0.011,0.8,0.821936,0.800308,0.8001,0.8094,0.943,0.807,-0.0001,-0.007,0.528776,True,0.0175,3.128026
ACSEmployment,temporal,1,LightGBM,ID,0,0.805,0.798,-0.007,0.798,0.823634,0.800591,0.7996,0.8088,0.9366,0.794933,-0.0016,0.003067,0.5,True,0.0,0.781234
ACSEmployment,temporal,1,LightGBM,CA-2015,1,0.8118,0.798,-0.0138,0.798,0.821621,0.798618,0.797587,0.8,0.94,0.798333,0.000413,-0.000333,0.476512,True,0.0027,0.781234
ACSEmployment,temporal,1,LightGBM,CA-2016,1,0.8052,0.798,-0.0072,0.798,0.81944,0.796435,0.795406,0.7966,0.94,0.798333,0.002594,-0.000333,0.501457,True,0.0081,0.781234
ACSEmployment,temporal,1,LightGBM,CA-2017,1,0.8112,0.798,-0.0132,0.798,0.821656,0.798325,0.797621,0.8054,0.943,0.801333,0.000379,-0.003333,0.513418,True,0.0217,0.781234
ACSEmployment,temporal,1,LightGBM,CA-2018,1,0.8112,0.798,-0.0132,0.798,0.821999,0.798723,0.797965,0.8082,0.9424,0.800733,3.5e-05,-0.002733,0.528776,True,0.0175,0.781234
ACSEmployment,temporal,1,LogReg,ID,0,0.7604,0.754333,-0.006067,0.754333,0.758718,0.745384,0.753167,0.7514,0.9774,0.757067,0.001166,-0.002733,0.5,True,0.0,0.094441
ACSEmployment,temporal,1,LogReg,CA-2015,1,0.762,0.754333,-0.007667,0.754333,0.756741,0.743323,0.751191,0.7498,0.9752,0.754867,0.003142,-0.000533,0.476512,True,0.0027,0.094441
ACSEmployment,temporal,1,LogReg,CA-2016,1,0.7588,0.754333,-0.004467,0.754333,0.755915,0.742534,0.750365,0.7554,0.9784,0.758067,0.003968,-0.003733,0.501457,True,0.0081,0.094441
ACSEmployment,temporal,1,LogReg,CA-2017,1,0.7692,0.754333,-0.014867,0.754333,0.754952,0.741454,0.749402,0.755,0.9786,0.758267,0.004931,-0.003933,0.513418,True,0.0217,0.094441
ACSEmployment,temporal,1,LogReg,CA-2018,1,0.7606,0.754333,-0.006267,0.754333,0.758155,0.744582,0.752605,0.7638,0.9768,0.756467,0.001728,-0.002133,0.528776,True,0.0175,0.094441
ACSEmployment,temporal,1,MLP,ID,0,0.8,0.794333,-0.005667,0.794333,0.80759,0.796184,0.796478,0.808,0.9354,0.796067,-0.002144,-0.001733,0.5,True,0.0,4.975787
ACSEmployment,temporal,1,MLP,CA-2015,1,0.7982,0.794333,-0.003867,0.794333,0.804273,0.792944,0.79316,0.7986,0.9316,0.792267,0.001173,0.002067,0.476512,True,0.0027,4.975787
ACSEmployment,temporal,1,MLP,CA-2016,1,0.8004,0.794333,-0.006067,0.794333,0.803087,0.791716,0.791974,0.8026,0.9314,0.792067,0.002359,0.002267,0.501457,True,0.0081,4.975787
ACSEmployment,temporal,1,MLP,CA-2017,1,0.8052,0.794333,-0.010867,0.794333,0.805951,0.794485,0.794838,0.802,0.9298,0.790467,-0.000505,0.003867,0.513418,True,0.0217,4.975787
ACSEmployment,temporal,1,MLP,CA-2018,1,0.8048,0.794333,-0.010467,0.794333,0.804375,0.792851,0.793263,0.8068,0.9326,0.793267,0.001071,0.001067,0.528776,True,0.0175,4.975787
ACSEmployment,temporal,1,RandForest,ID,0,0.7898,0.783,-0.0068,0.783,0.831948,0.763908,0.781023,0.7786,0.9204,0.7734,0.001977,0.0096,0.5,True,0.0,3.42733
ACSEmployment,temporal,1,RandForest,CA-2015,1,0.7868,0.783,-0.0038,0.783,0.828949,0.761618,0.778024,0.7734,0.9272,0.7802,0.004976,0.0028,0.476512,True,0.0027,3.42733
ACSEmployment,temporal,1,RandForest,CA-2016,1,0.7836,0.783,-0.0006,0.783,0.829359,0.760677,0.778434,0.7808,0.922,0.775,0.004566,0.008,0.501457,True,0.0081,3.42733
ACSEmployment,temporal,1,RandForest,CA-2017,1,0.7896,0.783,-0.0066,0.783,0.83104,0.762057,0.780115,0.7798,0.927,0.78,0.002885,0.003,0.513418,True,0.0217,3.42733
ACSEmployment,temporal,1,RandForest,CA-2018,1,0.7966,0.783,-0.0136,0.783,0.827792,0.759256,0.776867,0.7764,0.9242,0.7772,0.006133,0.0058,0.528776,True,0.0175,3.42733
ACSEmployment,temporal,1,XGBoost,ID,0,0.7964,0.792333,-0.004067,0.792333,0.833182,0.796181,0.793449,0.7978,0.9236,0.788933,-0.001115,0.0034,0.5,True,0.0,0.81337
ACSEmployment,temporal,1,XGBoost,CA-2015,1,0.802,0.792333,-0.009667,0.792333,0.83196,0.795074,0.792227,0.7952,0.9278,0.793133,0.000106,-0.0008,0.476512,True,0.0027,0.81337
ACSEmployment,temporal,1,XGBoost,CA-2016,1,0.7964,0.792333,-0.004067,0.792333,0.831244,0.794059,0.791511,0.796,0.9234,0.788733,0.000822,0.0036,0.501457,True,0.0081,0.81337
ACSEmployment,temporal,1,XGBoost,CA-2017,1,0.801,0.792333,-0.008667,0.792333,0.831954,0.794543,0.792221,0.7944,0.932,0.797333,0.000112,-0.005,0.513418,True,0.0217,0.81337
ACSEmployment,temporal,1,XGBoost,CA-2018,1,0.8048,0.792333,-0.012467,0.792333,0.830585,0.793645,0.790852,0.7954,0.925,0.790333,0.001481,0.002,0.528776,True,0.0175,0.81337
ACSEmployment,temporal,2,CatBoost,ID,0,0.816,0.8,-0.016,0.8,0.823146,0.798972,0.802677,0.8084,0.9438,0.807467,-0.002677,-0.007467,0.5,True,0.0,2.710575
ACSEmployment,temporal,2,CatBoost,CA-2015,1,0.8148,0.8,-0.0148,0.8,0.821491,0.796945,0.801021,0.8062,0.9368,0.800467,-0.001021,-0.000467,0.488562,True,0.0081,2.710575
ACSEmployment,temporal,2,CatBoost,CA-2016,1,0.8122,0.8,-0.0122,0.8,0.826202,0.801739,0.805733,0.8128,0.9428,0.806467,-0.005733,-0.006467,0.514021,True,0.0055,2.710575
ACSEmployment,temporal,2,CatBoost,CA-2017,1,0.8036,0.8,-0.0036,0.8,0.819187,0.794713,0.798718,0.7976,0.9388,0.802467,0.001282,-0.002467,0.512321,True,0.0231,2.710575
ACSEmployment,temporal,2,CatBoost,CA-2018,1,0.811,0.8,-0.011,0.8,0.820274,0.795629,0.799804,0.8054,0.9398,0.803467,0.000196,-0.003467,0.530863,True,0.0279,2.710575
ACSEmployment,temporal,2,LightGBM,ID,0,0.8142,0.808333,-0.005867,0.808333,0.822822,0.798533,0.81119,0.8166,0.9388,0.816467,-0.002857,-0.008133,0.5,True,0.0,0.782224
ACSEmployment,temporal,2,LightGBM,CA-2015,1,0.818,0.808333,-0.009667,0.808333,0.82186,0.797079,0.810228,0.8222,0.94,0.817667,-0.001895,-0.009333,0.488562,True,0.0081,0.782224
ACSEmployment,temporal,2,LightGBM,CA-2016,1,0.809,0.808333,-0.000667,0.808333,0.825182,0.800772,0.81355,0.8196,0.9356,0.813267,-0.005217,-0.004933,0.514021,True,0.0055,0.782224
ACSEmployment,temporal,2,LightGBM,CA-2017,1,0.8046,0.808333,0.003733,0.808333,0.818805,0.794272,0.807174,0.8046,0.937,0.814667,0.00116,-0.006333,0.512321,True,0.0231,0.782224
ACSEmployment,temporal,2,LightGBM,CA-2018,1,0.8094,0.808333,-0.001067,0.808333,0.819637,0.794885,0.808005,0.812,0.9388,0.816467,0.000328,-0.008133,0.530863,True,0.0279,0.782224
ACSEmployment,temporal,2,LogReg,ID,0,0.7696,0.756667,-0.012933,0.756667,0.761917,0.75863,0.757613,0.7656,0.9868,0.755467,-0.000946,0.0012,0.5,True,0.0,0.206011
ACSEmployment,temporal,2,LogReg,CA-2015,1,0.7644,0.756667,-0.007733,0.756667,0.758377,0.75506,0.754073,0.7614,0.9862,0.754867,0.002594,0.0018,0.488562,True,0.0081,0.206011
ACSEmployment,temporal,2,LogReg,CA-2016,1,0.7698,0.756667,-0.013133,0.756667,0.76239,0.759072,0.758085,0.7668,0.9874,0.756067,-0.001418,0.0006,0.514021,True,0.0055,0.206011
ACSEmployment,temporal,2,LogReg,CA-2017,1,0.7592,0.756667,-0.002533,0.756667,0.755527,0.752199,0.751223,0.759,0.9862,0.754867,0.005444,0.0018,0.512321,True,0.0231,0.206011
ACSEmployment,temporal,2,LogReg,CA-2018,1,0.7708,0.756667,-0.014133,0.756667,0.754587,0.751257,0.750283,0.7516,0.9866,0.755267,0.006384,0.0014,0.530863,True,0.0279,0.206011
ACSEmployment,temporal,2,MLP,ID,0,0.8052,0.801667,-0.003533,0.801667,0.800878,0.793002,0.807123,0.808,0.9384,0.8114,-0.005456,-0.009733,0.5,True,0.0,7.99918
ACSEmployment,temporal,2,MLP,CA-2015,1,0.8108,0.801667,-0.009133,0.801667,0.79786,0.789884,0.804105,0.8062,0.9354,0.8084,-0.002438,-0.006733,0.488562,True,0.0081,7.99918
ACSEmployment,temporal,2,MLP,CA-2016,1,0.8068,0.801667,-0.005133,0.801667,0.80459,0.796544,0.810835,0.8244,0.9414,0.8144,-0.009169,-0.012733,0.514021,True,0.0055,7.99918
ACSEmployment,temporal,2,MLP,CA-2017,1,0.7942,0.801667,0.007467,0.801667,0.795964,0.787986,0.802209,0.8,0.9366,0.8096,-0.000542,-0.007933,0.512321,True,0.0231,7.99918
ACSEmployment,temporal,2,MLP,CA-2018,1,0.8004,0.801667,0.001267,0.801667,0.797978,0.789861,0.804224,0.8138,0.9396,0.8126,-0.002557,-0.010933,0.530863,True,0.0279,7.99918
ACSEmployment,temporal,2,RandForest,ID,0,0.7976,0.774333,-0.023267,0.774333,0.83289,0.759691,0.775438,0.7728,0.925,0.77,-0.001105,0.004333,0.5,True,0.0,5.206465
ACSEmployment,temporal,2,RandForest,CA-2015,1,0.7888,0.774333,-0.014467,0.774333,0.831578,0.757085,0.774126,0.7742,0.9254,0.7704,0.000207,0.003933,0.488562,True,0.0081,5.206465
ACSEmployment,temporal,2,RandForest,CA-2016,1,0.7884,0.774333,-0.014067,0.774333,0.833145,0.758763,0.775693,0.781,0.9304,0.7754,-0.00136,-0.001067,0.514021,True,0.0055,5.206465
ACSEmployment,temporal,2,RandForest,CA-2017,1,0.7816,0.774333,-0.007267,0.774333,0.827837,0.753961,0.770384,0.7686,0.926,0.771,0.003949,0.003333,0.512321,True,0.0231,5.206465
ACSEmployment,temporal,2,RandForest,CA-2018,1,0.7844,0.774333,-0.010067,0.774333,0.827213,0.752541,0.769761,0.7644,0.9278,0.7728,0.004572,0.001533,0.530863,True,0.0279,5.206465
ACSEmployment,temporal,2,XGBoost,ID,0,0.8066,0.796333,-0.010267,0.796333,0.832209,0.79293,0.797414,0.7996,0.9272,0.7932,-0.00108,0.003133,0.5,True,0.0,0.865853
ACSEmployment,temporal,2,XGBoost,CA-2015,1,0.8116,0.796333,-0.015267,0.796333,0.833488,0.79329,0.798693,0.8112,0.9306,0.7966,-0.00236,-0.000267,0.488562,True,0.0081,0.865853
ACSEmployment,temporal,2,XGBoost,CA-2016,1,0.8046,0.796333,-0.008267,0.796333,0.836501,0.796689,0.801706,0.8104,0.9328,0.7988,-0.005373,-0.002467,0.514021,True,0.0055,0.865853
ACSEmployment,temporal,2,XGBoost,CA-2017,1,0.7986,0.796333,-0.002267,0.796333,0.830137,0.790187,0.795342,0.8002,0.9256,0.7916,0.000991,0.004733,0.512321,True,0.0231,0.865853
ACSEmployment,temporal,2,XGBoost,CA-2018,1,0.805,0.796333,-0.008667,0.796333,0.829804,0.789838,0.795008,0.7978,0.933,0.799,0.001325,-0.002667,0.530863,True,0.0279,0.865853
ACSEmployment,temporal,3,CatBoost,ID,0,0.8074,0.810333,0.002933,0.810333,0.825137,0.80383,0.809984,0.81,0.9418,0.813133,0.00035,-0.0028,0.5,True,0.0,2.727452
ACSEmployment,temporal,3,CatBoost,CA-2015,1,0.799,0.810333,0.011333,0.810333,0.8228,0.801423,0.807646,0.8066,0.9402,0.811533,0.002687,-0.0012,0.500664,True,0.0014,2.727452
ACSEmployment,temporal,3,CatBoost,CA-2016,1,0.8096,0.810333,0.000733,0.810333,0.82362,0.802405,0.808467,0.8082,0.9448,0.816133,0.001867,-0.0058,0.522831,True,0.0164,2.727452
ACSEmployment,temporal,3,CatBoost,CA-2017,1,0.8164,0.810333,-0.006067,0.810333,0.824063,0.80253,0.808909,0.8098,0.938,0.809333,0.001425,0.001,0.521565,True,0.0234,2.727452
ACSEmployment,temporal,3,CatBoost,CA-2018,1,0.8138,0.810333,-0.003467,0.810333,0.827016,0.805123,0.811863,0.8252,0.943,0.814333,-0.001529,-0.004,0.524232,True,0.0248,2.727452
ACSEmployment,temporal,3,LightGBM,ID,0,0.8072,0.806667,-0.000533,0.806667,0.824839,0.801112,0.808188,0.8082,0.9396,0.8006,-0.001522,0.006067,0.5,True,0.0,1.16709
ACSEmployment,temporal,3,LightGBM,CA-2015,1,0.8002,0.806667,0.006467,0.806667,0.822714,0.798907,0.806063,0.801,0.9338,0.7948,0.000604,0.011867,0.500664,True,0.0014,1.16709
ACSEmployment,temporal,3,LightGBM,CA-2016,1,0.8084,0.806667,-0.001733,0.806667,0.823801,0.799955,0.80715,0.8024,0.9422,0.8032,-0.000484,0.003467,0.522831,True,0.0164,1.16709
ACSEmployment,temporal,3,LightGBM,CA-2017,1,0.8146,0.806667,-0.007933,0.806667,0.823637,0.799535,0.806986,0.8078,0.9376,0.7986,-0.000319,0.008067,0.521565,True,0.0234,1.16709
ACSEmployment,temporal,3,LightGBM,CA-2018,1,0.8094,0.806667,-0.002733,0.806667,0.82605,0.80162,0.809399,0.815,0.9422,0.8032,-0.002732,0.003467,0.524232,True,0.0248,1.16709
ACSEmployment,temporal,3,LogReg,ID,0,0.7622,0.756333,-0.005867,0.756333,0.764426,0.757592,0.762349,0.7622,0.9834,0.7534,-0.006015,0.002933,0.5,True,0.0,0.260721
ACSEmployment,temporal,3,LogReg,CA-2015,1,0.7578,0.756333,-0.001467,0.756333,0.758135,0.751324,0.756058,0.751,0.982,0.752,0.000275,0.004333,0.500664,True,0.0014,0.260721
ACSEmployment,temporal,3,LogReg,CA-2016,1,0.7686,0.756333,-0.012267,0.756333,0.761955,0.755129,0.759878,0.7548,0.9834,0.7534,-0.003544,0.002933,0.522831,True,0.0164,0.260721
ACSEmployment,temporal,3,LogReg,CA-2017,1,0.774,0.756333,-0.017667,0.756333,0.75956,0.752602,0.757482,0.7592,0.9816,0.7516,-0.001149,0.004733,0.521565,True,0.0234,0.260721
ACSEmployment,temporal,3,LogReg,CA-2018,1,0.7628,0.756333,-0.006467,0.756333,0.757866,0.750966,0.755789,0.7516,0.981,0.751,0.000544,0.005333,0.524232,True,0.0248,0.260721
ACSEmployment,temporal,3,MLP,ID,0,0.802,0.794667,-0.007333,0.794667,0.812339,0.795542,0.796557,0.8064,0.943,0.803667,-0.00189,-0.009,0.5,True,0.0,3.817919
ACSEmployment,temporal,3,MLP,CA-2015,1,0.7902,0.794667,0.004467,0.794667,0.808873,0.791834,0.793091,0.7984,0.9278,0.788467,0.001576,0.0062,0.500664,True,0.0014,3.817919
ACSEmployment,temporal,3,MLP,CA-2016,1,0.7946,0.794667,6.7e-05,0.794667,0.809763,0.792987,0.79398,0.7972,0.9284,0.789067,0.000686,0.0056,0.522831,True,0.0164,3.817919
ACSEmployment,temporal,3,MLP,CA-2017,1,0.801,0.794667,-0.006333,0.794667,0.81041,0.793327,0.794627,0.7982,0.9284,0.789067,3.9e-05,0.0056,0.521565,True,0.0234,3.817919
ACSEmployment,temporal,3,MLP,CA-2018,1,0.7984,0.794667,-0.003733,0.794667,0.812447,0.795177,0.796664,0.812,0.9316,0.792267,-0.001998,0.0024,0.524232,True,0.0248,3.817919
ACSEmployment,temporal,3,RandForest,ID,0,0.7838,0.783333,-0.000467,0.783333,0.835721,0.772914,0.782052,0.7732,0.9214,0.774067,0.001281,0.009267,0.5,True,0.0,3.60417
ACSEmployment,temporal,3,RandForest,CA-2015,1,0.7808,0.783333,0.002533,0.783333,0.832973,0.769763,0.779304,0.7614,0.9224,0.775067,0.004029,0.008267,0.500664,True,0.0014,3.60417
ACSEmployment,temporal,3,RandForest,CA-2016,1,0.7878,0.783333,-0.004467,0.783333,0.833936,0.769989,0.780267,0.7742,0.9228,0.775467,0.003066,0.007867,0.522831,True,0.0164,3.60417
ACSEmployment,temporal,3,RandForest,CA-2017,1,0.7972,0.783333,-0.013867,0.783333,0.835768,0.771279,0.782099,0.782,0.916,0.768667,0.001234,0.014667,0.521565,True,0.0234,3.60417
ACSEmployment,temporal,3,RandForest,CA-2018,1,0.7908,0.783333,-0.007467,0.783333,0.83322,0.768383,0.779551,0.7708,0.9218,0.774467,0.003783,0.008867,0.524232,True,0.0248,3.60417
ACSEmployment,temporal,3,XGBoost,ID,0,0.803,0.798667,-0.004333,0.798667,0.833992,0.797606,0.798549,0.797,0.928,0.799667,0.000118,-0.001,0.5,True,0.0,1.142974
ACSEmployment,temporal,3,XGBoost,CA-2015,1,0.7912,0.798667,0.007467,0.798667,0.833598,0.79694,0.798155,0.7982,0.9226,0.794267,0.000511,0.0044,0.500664,True,0.0014,1.142974
ACSEmployment,temporal,3,XGBoost,CA-2016,1,0.8066,0.798667,-0.007933,0.798667,0.834375,0.797625,0.798932,0.8088,0.9294,0.801067,-0.000265,-0.0024,0.522831,True,0.0164,1.142974
ACSEmployment,temporal,3,XGBoost,CA-2017,1,0.8072,0.798667,-0.008533,0.798667,0.834886,0.797934,0.799443,0.8034,0.9266,0.798267,-0.000777,0.0004,0.521565,True,0.0234,1.142974
ACSEmployment,temporal,3,XGBoost,CA-2018,1,0.8052,0.798667,-0.006533,0.798667,0.836489,0.799128,0.801046,0.8108,0.9294,0.801067,-0.00238,-0.0024,0.524232,True,0.0248,1.142974
ACSEmployment,temporal,4,CatBoost,ID,0,0.8162,0.802333,-0.013867,0.802333,0.814691,0.809992,0.802637,0.813,0.9278,0.8058,-0.000304,-0.003467,0.5,True,0.0,2.613283
ACSEmployment,temporal,4,CatBoost,CA-2015,1,0.8048,0.802333,-0.002467,0.802333,0.815951,0.811277,0.803897,0.814,0.9298,0.8078,-0.001564,-0.005467,0.483629,True,0.0081,2.613283
ACSEmployment,temporal,4,CatBoost,CA-2016,1,0.8082,0.802333,-0.005867,0.802333,0.815007,0.810206,0.802954,0.8218,0.9326,0.8106,-0.00062,-0.008267,0.485127,True,0.0203,2.613283
ACSEmployment,temporal,4,CatBoost,CA-2017,1,0.8056,0.802333,-0.003267,0.802333,0.811237,0.806483,0.799183,0.8066,0.9276,0.8056,0.00315,-0.003267,0.503965,True,0.0241,2.613283
ACSEmployment,temporal,4,CatBoost,CA-2018,1,0.8138,0.802333,-0.011467,0.802333,0.814896,0.810155,0.802843,0.814,0.9312,0.8092,-0.000509,-0.006867,0.520456,True,0.0151,2.613283
ACSEmployment,temporal,4,LightGBM,ID,0,0.8162,0.807333,-0.008867,0.807333,0.816716,0.806958,0.808616,0.807,0.9298,0.8048,-0.001283,0.002533,0.5,True,0.0,0.779719
ACSEmployment,temporal,4,LightGBM,CA-2015,1,0.8068,0.807333,0.000533,0.807333,0.817773,0.807913,0.809673,0.8098,0.9376,0.8126,-0.002339,-0.005267,0.483629,True,0.0081,0.779719
ACSEmployment,temporal,4,LightGBM,CA-2016,1,0.801,0.807333,0.006333,0.807333,0.8162,0.80618,0.8081,0.8092,0.9368,0.8118,-0.000767,-0.004467,0.485127,True,0.0203,0.779719
ACSEmployment,temporal,4,LightGBM,CA-2017,1,0.8012,0.807333,0.006133,0.807333,0.81188,0.801992,0.80378,0.801,0.9336,0.8086,0.003553,-0.001267,0.503965,True,0.0241,0.779719
ACSEmployment,temporal,4,LightGBM,CA-2018,1,0.8076,0.807333,-0.000267,0.807333,0.816948,0.806974,0.808848,0.8114,0.9392,0.8142,-0.001515,-0.006867,0.520456,True,0.0151,0.779719
ACSEmployment,temporal,4,LogReg,ID,0,0.7526,0.754333,0.001733,0.754333,0.753954,0.757658,0.751779,0.7492,0.988,0.755333,0.002554,-0.001,0.5,True,0.0,0.103029
ACSEmployment,temporal,4,LogReg,CA-2015,1,0.7654,0.754333,-0.011067,0.754333,0.75527,0.758952,0.753096,0.7486,0.9844,0.751733,0.001237,0.0026,0.483629,True,0.0081,0.103029
ACSEmployment,temporal,4,LogReg,CA-2016,1,0.7654,0.754333,-0.011067,0.754333,0.751612,0.755396,0.749438,0.751,0.9866,0.753933,0.004896,0.0004,0.485127,True,0.0203,0.103029
ACSEmployment,temporal,4,LogReg,CA-2017,1,0.7654,0.754333,-0.011067,0.754333,0.751086,0.754837,0.748911,0.7512,0.9852,0.752533,0.005422,0.0018,0.503965,True,0.0241,0.103029
ACSEmployment,temporal,4,LogReg,CA-2018,1,0.7646,0.754333,-0.010267,0.754333,0.750875,0.754648,0.748701,0.7462,0.9852,0.752533,0.005632,0.0018,0.520456,True,0.0151,0.103029
ACSEmployment,temporal,4,MLP,ID,0,0.786,0.782333,-0.003667,0.782333,0.773638,0.791811,0.780577,0.7836,0.8986,0.798933,0.001756,-0.0166,0.5,True,0.0,6.321067
ACSEmployment,temporal,4,MLP,CA-2015,1,0.785,0.782333,-0.002667,0.782333,0.775332,0.793471,0.782271,0.793,0.893,0.793333,6.3e-05,-0.011,0.483629,True,0.0081,6.321067
ACSEmployment,temporal,4,MLP,CA-2016,1,0.7954,0.782333,-0.013067,0.782333,0.774064,0.79284,0.781003,0.7984,0.896,0.796333,0.00133,-0.014,0.485127,True,0.0203,6.321067
ACSEmployment,temporal,4,MLP,CA-2017,1,0.7936,0.782333,-0.011267,0.782333,0.771948,0.790504,0.778887,0.7868,0.8942,0.794533,0.003447,-0.0122,0.503965,True,0.0241,6.321067
ACSEmployment,temporal,4,MLP,CA-2018,1,0.792,0.782333,-0.009667,0.782333,0.77372,0.792458,0.780658,0.7944,0.8936,0.793933,0.001675,-0.0116,0.520456,True,0.0151,6.321067
ACSEmployment,temporal,4,RandForest,ID,0,0.785,0.787333,0.002333,0.787333,0.828099,0.780019,0.790179,0.7932,0.913,0.783333,-0.002845,0.004,0.5,True,0.0,3.460046
ACSEmployment,temporal,4,RandForest,CA-2015,1,0.7898,0.787333,-0.002467,0.787333,0.83025,0.781578,0.79233,0.8042,0.921,0.791333,-0.004997,-0.004,0.483629,True,0.0081,3.460046
ACSEmployment,temporal,4,RandForest,CA-2016,1,0.7832,0.787333,0.004133,0.787333,0.828589,0.77902,0.790668,0.802,0.9078,0.778133,-0.003335,0.0092,0.485127,True,0.0203,3.460046
ACSEmployment,temporal,4,RandForest,CA-2017,1,0.7754,0.787333,0.011933,0.787333,0.822252,0.774285,0.784331,0.7846,0.9098,0.780133,0.003002,0.0072,0.503965,True,0.0241,3.460046
ACSEmployment,temporal,4,RandForest,CA-2018,1,0.7846,0.787333,0.002733,0.787333,0.826607,0.776891,0.788686,0.7972,0.92,0.790333,-0.001353,-0.003,0.520456,True,0.0151,3.460046
ACSEmployment,temporal,4,XGBoost,ID,0,0.8072,0.800667,-0.006533,0.800667,0.829072,0.804614,0.803364,0.8138,0.9188,0.7948,-0.002698,0.005867,0.5,True,0.0,0.835496
ACSEmployment,temporal,4,XGBoost,CA-2015,1,0.8056,0.800667,-0.004933,0.800667,0.828437,0.804227,0.80273,0.81,0.9198,0.7958,-0.002063,0.004867,0.483629,True,0.0081,0.835496
ACSEmployment,temporal,4,XGBoost,CA-2016,1,0.7968,0.800667,0.003867,0.800667,0.827199,0.802437,0.801491,0.8118,0.9198,0.7958,-0.000824,0.004867,0.485127,True,0.0203,0.835496
ACSEmployment,temporal,4,XGBoost,CA-2017,1,0.795,0.800667,0.005667,0.800667,0.821948,0.797584,0.796241,0.7958,0.9174,0.7934,0.004426,0.007267,0.503965,True,0.0241,0.835496
ACSEmployment,temporal,4,XGBoost,CA-2018,1,0.8032,0.800667,-0.002533,0.800667,0.827628,0.803029,0.80192,0.8036,0.9292,0.8052,-0.001253,-0.004533,0.520456,True,0.0151,0.835496
ACSIncome,geo,0,CatBoost,ID,0,0.8152,0.821667,0.006467,0.821667,0.82324,0.816852,0.81806,0.8122,0.9376,0.8206,0.003607,0.001067,0.5,True,0.0,2.896987
ACSIncome,geo,0,CatBoost,FL-2018,1,0.7722,0.821667,0.049467,0.821667,0.806181,0.799564,0.801002,0.7832,0.9268,0.8098,0.020665,0.011867,0.916782,True,-0.0728,2.896987
ACSIncome,geo,0,CatBoost,IL-2018,1,0.8014,0.821667,0.020267,0.821667,0.810194,0.803599,0.805015,0.7902,0.9362,0.8192,0.016652,0.002467,0.932153,True,-0.0132,2.896987
ACSIncome,geo,0,CatBoost,MS-2018,1,0.746,0.821667,0.075667,0.821667,0.797667,0.791203,0.792488,0.764,0.9268,0.8098,0.029179,0.011867,0.965248,True,-0.1336,2.896987
ACSIncome,geo,0,CatBoost,NY-2018,1,0.7992,0.821667,0.022467,0.821667,0.81347,0.806908,0.80829,0.8044,0.9336,0.8166,0.013376,0.005067,0.935514,True,-0.0004,2.896987
ACSIncome,geo,0,CatBoost,OH-2018,1,0.7818,0.821667,0.039867,0.821667,0.809279,0.802856,0.804099,0.7866,0.9372,0.8202,0.017568,0.001467,0.96116,True,-0.0724,2.896987
ACSIncome,geo,0,CatBoost,PA-2018,1,0.7766,0.821667,0.045067,0.821667,0.803695,0.797186,0.798515,0.7808,0.9332,0.8162,0.023152,0.005467,0.964137,True,-0.0568,2.896987
ACSIncome,geo,0,CatBoost,TX-2018,1,0.7864,0.821667,0.035267,0.821667,0.809139,0.802547,0.803959,0.79,0.9352,0.8182,0.017707,0.003467,0.890899,True,-0.0388,2.896987
ACSIncome,geo,0,CatBoost,WA-2018,1,0.8032,0.821667,0.018467,0.821667,0.81511,0.808467,0.809931,0.8044,0.9348,0.8178,0.011736,0.003867,0.849744,True,0.0184,2.896987
ACSIncome,geo,0,LightGBM,ID,0,0.8116,0.824667,0.013067,0.824667,0.831739,0.821758,0.826385,0.8362,0.942,0.835667,-0.001718,-0.011,0.5,True,0.0,0.775631
ACSIncome,geo,0,LightGBM,FL-2018,1,0.7668,0.824667,0.057867,0.824667,0.811831,0.801506,0.806476,0.8002,0.9196,0.813267,0.01819,0.0114,0.916782,True,-0.0728,0.775631
ACSIncome,geo,0,LightGBM,IL-2018,1,0.7972,0.824667,0.027467,0.824667,0.819666,0.809323,0.814312,0.8216,0.9242,0.817867,0.010355,0.0068,0.932153,True,-0.0132,0.775631
ACSIncome,geo,0,LightGBM,MS-2018,1,0.741,0.824667,0.083667,0.824667,0.804093,0.794084,0.798738,0.7774,0.9172,0.810867,0.025928,0.0138,0.965248,True,-0.1336,0.775631
ACSIncome,geo,0,LightGBM,NY-2018,1,0.797,0.824667,0.027667,0.824667,0.819408,0.809129,0.814053,0.8168,0.9262,0.819867,0.010614,0.0048,0.935514,True,-0.0004,0.775631
ACSIncome,geo,0,LightGBM,OH-2018,1,0.7808,0.824667,0.043867,0.824667,0.81664,0.806557,0.811285,0.8044,0.932,0.825667,0.013381,-0.001,0.96116,True,-0.0724,0.775631
ACSIncome,geo,0,LightGBM,PA-2018,1,0.7728,0.824667,0.051867,0.824667,0.814864,0.804656,0.80951,0.804,0.925,0.818667,0.015157,0.006,0.964137,True,-0.0568,0.775631
ACSIncome,geo,0,LightGBM,TX-2018,1,0.781,0.824667,0.043667,0.824667,0.818455,0.808221,0.8131,0.8118,0.9298,0.823467,0.011566,0.0012,0.890899,True,-0.0388,0.775631
ACSIncome,geo,0,LightGBM,WA-2018,1,0.8034,0.824667,0.021267,0.824667,0.825037,0.814707,0.819682,0.8276,0.933,0.826667,0.004985,-0.002,0.849744,True,0.0184,0.775631
ACSIncome,geo,0,LogReg,ID,0,0.7854,0.792,0.0066,0.792,0.777339,0.776334,0.786327,0.7738,0.9898,0.796467,0.005673,-0.004467,0.5,True,0.0,0.073175
ACSIncome,geo,0,LogReg,FL-2018,1,0.7588,0.792,0.0332,0.792,0.761799,0.760779,0.770787,0.7506,0.988,0.794667,0.021213,-0.002667,0.916782,True,-0.0728,0.073175
ACSIncome,geo,0,LogReg,IL-2018,1,0.7718,0.792,0.0202,0.792,0.76278,0.761762,0.771768,0.7606,0.9896,0.796267,0.020232,-0.004267,0.932153,True,-0.0132,0.073175
ACSIncome,geo,0,LogReg,MS-2018,1,0.7404,0.792,0.0516,0.792,0.757141,0.756145,0.766129,0.7412,0.9878,0.794467,0.025871,-0.002467,0.965248,True,-0.1336,0.073175
ACSIncome,geo,0,LogReg,NY-2018,1,0.7694,0.792,0.0226,0.792,0.765142,0.764144,0.77413,0.7502,0.9868,0.793467,0.01787,-0.001467,0.935514,True,-0.0004,0.073175
ACSIncome,geo,0,LogReg,OH-2018,1,0.7824,0.792,0.0096,0.792,0.761561,0.760571,0.770549,0.7442,0.987,0.793667,0.021451,-0.001667,0.96116,True,-0.0724,0.073175
ACSIncome,geo,0,LogReg,PA-2018,1,0.7646,0.792,0.0274,0.792,0.760557,0.759565,0.769545,0.747,0.9902,0.796867,0.022455,-0.004867,0.964137,True,-0.0568,0.073175
ACSIncome,geo,0,LogReg,TX-2018,1,0.7732,0.792,0.0188,0.792,0.76994,0.768931,0.778928,0.764,0.9878,0.794467,0.013072,-0.002467,0.890899,True,-0.0388,0.073175
ACSIncome,geo,0,LogReg,WA-2018,1,0.771,0.792,0.021,0.792,0.76745,0.766419,0.776438,0.7684,0.991,0.797667,0.015562,-0.005667,0.849744,True,0.0184,0.073175
ACSIncome,geo,0,MLP,ID,0,0.7986,0.809667,0.011067,0.809667,0.801909,0.798419,0.80662,0.8074,0.893,0.802,0.003046,0.007667,0.5,True,0.0,7.280733
ACSIncome,geo,0,MLP,FL-2018,1,0.764,0.809667,0.045667,0.809667,0.783706,0.780215,0.788417,0.772,0.8902,0.7992,0.02125,0.010467,0.916782,True,-0.0728,7.280733
ACSIncome,geo,0,MLP,IL-2018,1,0.7676,0.809667,0.042067,0.809667,0.789582,0.786108,0.794292,0.7826,0.8826,0.7916,0.015374,0.018067,0.932153,True,-0.0132,7.280733
ACSIncome,geo,0,MLP,MS-2018,1,0.7238,0.809667,0.085867,0.809667,0.772581,0.769221,0.777291,0.7414,0.8596,0.7686,0.032375,0.041067,0.965248,True,-0.1336,7.280733
ACSIncome,geo,0,MLP,NY-2018,1,0.7802,0.809667,0.029467,0.809667,0.792231,0.788759,0.796941,0.7872,0.8896,0.7986,0.012725,0.011067,0.935514,True,-0.0004,7.280733
ACSIncome,geo,0,MLP,OH-2018,1,0.7722,0.809667,0.037467,0.809667,0.78922,0.785828,0.793931,0.7828,0.8866,0.7956,0.015736,0.014067,0.96116,True,-0.0724,7.280733
ACSIncome,geo,0,MLP,PA-2018,1,0.7652,0.809667,0.044467,0.809667,0.783316,0.779921,0.788027,0.7712,0.885,0.794,0.02164,0.015667,0.964137,True,-0.0568,7.280733
ACSIncome,geo,0,MLP,TX-2018,1,0.7772,0.809667,0.032467,0.809667,0.79228,0.788755,0.796991,0.7952,0.8904,0.7994,0.012676,0.010267,0.890899,True,-0.0388,7.280733
ACSIncome,geo,0,MLP,WA-2018,1,0.7864,0.809667,0.023267,0.809667,0.793055,0.78954,0.797765,0.7904,0.8842,0.7932,0.011901,0.016467,0.849744,True,0.0184,7.280733
ACSIncome,geo,0,RandForest,ID,0,0.8056,0.806,0.0004,0.806,0.807806,0.803207,0.807709,0.815,0.9422,0.804533,-0.001709,0.001467,0.5,True,0.0,5.146494
ACSIncome,geo,0,RandForest,FL-2018,1,0.766,0.806,0.04,0.806,0.782535,0.777851,0.782438,0.7804,0.9198,0.782133,0.023562,0.023867,0.916782,True,-0.0728,5.146494
ACSIncome,geo,0,RandForest,IL-2018,1,0.789,0.806,0.017,0.806,0.80017,0.79543,0.800073,0.8144,0.9378,0.800133,0.005927,0.005867,0.932153,True,-0.0132,5.146494
ACSIncome,geo,0,RandForest,MS-2018,1,0.7388,0.806,0.0672,0.806,0.78373,0.779035,0.783633,0.781,0.9362,0.798533,0.022367,0.007467,0.965248,True,-0.1336,5.146494
ACSIncome,geo,0,RandForest,NY-2018,1,0.7928,0.806,0.0132,0.806,0.794245,0.789477,0.794148,0.801,0.9404,0.802733,0.011852,0.003267,0.935514,True,-0.0004,5.146494
ACSIncome,geo,0,RandForest,OH-2018,1,0.7776,0.806,0.0284,0.806,0.795234,0.790564,0.795137,0.7972,0.935,0.797333,0.010863,0.008667,0.96116,True,-0.0724,5.146494
ACSIncome,geo,0,RandForest,PA-2018,1,0.7736,0.806,0.0324,0.806,0.789877,0.785221,0.78978,0.785,0.9342,0.796533,0.01622,0.009467,0.964137,True,-0.0568,5.146494
ACSIncome,geo,0,RandForest,TX-2018,1,0.774,0.806,0.032,0.806,0.791447,0.786684,0.79135,0.8024,0.9384,0.800733,0.01465,0.005267,0.890899,True,-0.0388,5.146494
ACSIncome,geo,0,RandForest,WA-2018,1,0.794,0.806,0.012,0.806,0.7937,0.788979,0.793603,0.7938,0.9424,0.804733,0.012397,0.001267,0.849744,True,0.0184,5.146494
ACSIncome,geo,0,XGBoost,ID,0,0.81,0.82,0.01,0.82,0.845012,0.817388,0.819706,0.8168,0.928,0.824,0.000294,-0.004,0.5,True,0.0,3.066845
ACSIncome,geo,0,XGBoost,FL-2018,1,0.7532,0.82,0.0668,0.82,0.830221,0.801846,0.804916,0.7882,0.9094,0.8054,0.015084,0.0146,0.916782,True,-0.0728,3.066845
ACSIncome,geo,0,XGBoost,IL-2018,1,0.7918,0.82,0.0282,0.82,0.835764,0.807458,0.810459,0.8038,0.9098,0.8058,0.009541,0.0142,0.932153,True,-0.0132,3.066845
ACSIncome,geo,0,XGBoost,MS-2018,1,0.7476,0.82,0.0724,0.82,0.824344,0.79608,0.799039,0.7808,0.9074,0.8034,0.020961,0.0166,0.965248,True,-0.1336,3.066845
ACSIncome,geo,0,XGBoost,NY-2018,1,0.7916,0.82,0.0284,0.82,0.836463,0.807823,0.811157,0.8024,0.9194,0.8154,0.008843,0.0046,0.935514,True,-0.0004,3.066845
ACSIncome,geo,0,XGBoost,OH-2018,1,0.7808,0.82,0.0392,0.82,0.82683,0.798709,0.801524,0.7762,0.9168,0.8128,0.018476,0.0072,0.96116,True,-0.0724,3.066845
ACSIncome,geo,0,XGBoost,PA-2018,1,0.7682,0.82,0.0518,0.82,0.829297,0.800492,0.803992,0.7968,0.9128,0.8088,0.016008,0.0112,0.964137,True,-0.0568,3.066845
ACSIncome,geo,0,XGBoost,TX-2018,1,0.774,0.82,0.046,0.82,0.831853,0.803691,0.806547,0.789,0.913,0.809,0.013453,0.011,0.890899,True,-0.0388,3.066845
ACSIncome,geo,0,XGBoost,WA-2018,1,0.7942,0.82,0.0258,0.82,0.838128,0.809537,0.812822,0.8082,0.9226,0.8186,0.007178,0.0014,0.849744,True,0.0184,3.066845
ACSIncome,geo,1,CatBoost,ID,0,0.8148,0.813333,-0.001467,0.813333,0.82389,0.814738,0.812817,0.8092,0.9342,0.8072,0.000516,0.006133,0.5,True,0.0,2.782292
ACSIncome,geo,1,CatBoost,FL-2018,1,0.7608,0.813333,0.052533,0.813333,0.806892,0.797421,0.795819,0.7812,0.9308,0.8038,0.017514,0.009533,0.919112,True,-0.0676,2.782292
ACSIncome,geo,1,CatBoost,IL-2018,1,0.7866,0.813333,0.026733,0.813333,0.808912,0.799713,0.797839,0.7796,0.9268,0.7998,0.015495,0.013533,0.93315,True,-0.0134,2.782292
ACSIncome,geo,1,CatBoost,MS-2018,1,0.7406,0.813333,0.072733,0.813333,0.79638,0.787091,0.785306,0.7672,0.926,0.799,0.028027,0.014333,0.969383,True,-0.1444,2.782292
ACSIncome,geo,1,CatBoost,NY-2018,1,0.7868,0.813333,0.026533,0.813333,0.809578,0.800346,0.798505,0.7856,0.9306,0.8036,0.014828,0.009733,0.942585,True,0.0062,2.782292
ACSIncome,geo,1,CatBoost,OH-2018,1,0.7796,0.813333,0.033733,0.813333,0.809147,0.799964,0.798074,0.7796,0.9392,0.8122,0.015259,0.001133,0.962003,True,-0.083,2.782292
ACSIncome,geo,1,CatBoost,PA-2018,1,0.779,0.813333,0.034333,0.813333,0.803958,0.794854,0.792885,0.7706,0.9364,0.8094,0.020448,0.003933,0.963282,True,-0.063,2.782292
ACSIncome,geo,1,CatBoost,TX-2018,1,0.7866,0.813333,0.026733,0.813333,0.811224,0.801815,0.800151,0.794,0.9304,0.8034,0.013183,0.009933,0.888688,True,-0.0336,2.782292
ACSIncome,geo,1,CatBoost,WA-2018,1,0.814,0.813333,-0.000667,0.813333,0.815883,0.806616,0.80481,0.7942,0.9382,0.8112,0.008523,0.002133,0.840834,True,0.0264,2.782292
ACSIncome,geo,1,LightGBM,ID,0,0.81,0.813,0.003,0.813,0.829076,0.815255,0.81266,0.8126,0.937,0.814667,0.00034,-0.001667,0.5,True,0.0,1.100423
ACSIncome,geo,1,LightGBM,FL-2018,1,0.7596,0.813,0.0534,0.813,0.814909,0.800432,0.798492,0.7882,0.924,0.801667,0.014508,0.011333,0.919112,True,-0.0676,1.100423
ACSIncome,geo,1,LightGBM,IL-2018,1,0.7866,0.813,0.0264,0.813,0.815894,0.8018,0.799477,0.794,0.9164,0.794067,0.013523,0.018933,0.93315,True,-0.0134,1.100423
ACSIncome,geo,1,LightGBM,MS-2018,1,0.7398,0.813,0.0732,0.813,0.80593,0.791652,0.789513,0.7774,0.9118,0.789467,0.023487,0.023533,0.969383,True,-0.1444,1.100423
ACSIncome,geo,1,LightGBM,NY-2018,1,0.787,0.813,0.026,0.813,0.81877,0.804624,0.802354,0.7978,0.9222,0.799867,0.010646,0.013133,0.942585,True,0.0062,1.100423
ACSIncome,geo,1,LightGBM,OH-2018,1,0.776,0.813,0.037,0.813,0.815281,0.801301,0.798864,0.7884,0.9182,0.795867,0.014136,0.017133,0.962003,True,-0.083,1.100423
ACSIncome,geo,1,LightGBM,PA-2018,1,0.7746,0.813,0.0384,0.813,0.81163,0.797743,0.795213,0.7822,0.9218,0.799467,0.017787,0.013533,0.963282,True,-0.063,1.100423
ACSIncome,geo,1,LightGBM,TX-2018,1,0.7852,0.813,0.0278,0.813,0.817301,0.803034,0.800885,0.7964,0.9242,0.801867,0.012115,0.011133,0.888688,True,-0.0336,1.100423
ACSIncome,geo,1,LightGBM,WA-2018,1,0.8098,0.813,0.0032,0.813,0.823858,0.8097,0.807441,0.8084,0.9266,0.804267,0.005559,0.008733,0.840834,True,0.0264,1.100423
ACSIncome,geo,1,LogReg,ID,0,0.7786,0.779667,0.001067,0.779667,0.777719,0.777785,0.780963,0.7842,0.9912,0.781867,-0.001297,-0.0022,0.5,True,0.0,0.143052
ACSIncome,geo,1,LogReg,FL-2018,1,0.7446,0.779667,0.035067,0.779667,0.761718,0.761784,0.764962,0.7552,0.988,0.778667,0.014705,0.001,0.919112,True,-0.0676,0.143052
ACSIncome,geo,1,LogReg,IL-2018,1,0.7616,0.779667,0.018067,0.779667,0.763225,0.763291,0.766469,0.7486,0.9868,0.777467,0.013198,0.0022,0.93315,True,-0.0134,0.143052
ACSIncome,geo,1,LogReg,MS-2018,1,0.74,0.779667,0.039667,0.779667,0.757117,0.757183,0.760361,0.7446,0.9856,0.776267,0.019305,0.0034,0.969383,True,-0.1444,0.143052
ACSIncome,geo,1,LogReg,NY-2018,1,0.7552,0.779667,0.024467,0.779667,0.760853,0.760918,0.764097,0.7516,0.9878,0.778467,0.01557,0.0012,0.942585,True,0.0062,0.143052
ACSIncome,geo,1,LogReg,OH-2018,1,0.7668,0.779667,0.012867,0.779667,0.766982,0.767048,0.770226,0.7618,0.9904,0.781067,0.00944,-0.0014,0.962003,True,-0.083,0.143052
ACSIncome,geo,1,LogReg,PA-2018,1,0.7604,0.779667,0.019267,0.779667,0.762939,0.763003,0.766183,0.7546,0.9886,0.779267,0.013484,0.0004,0.963282,True,-0.063,0.143052
ACSIncome,geo,1,LogReg,TX-2018,1,0.7764,0.779667,0.003267,0.779667,0.77288,0.772946,0.776123,0.7768,0.988,0.778667,0.003543,0.001,0.888688,True,-0.0336,0.143052
ACSIncome,geo,1,LogReg,WA-2018,1,0.78,0.779667,-0.000333,0.779667,0.767699,0.767765,0.770943,0.7658,0.9904,0.781067,0.008724,-0.0014,0.840834,True,0.0264,0.143052
ACSIncome,geo,1,MLP,ID,0,0.788,0.788,0.0,0.788,0.802823,0.791856,0.789446,0.7934,0.8706,0.7836,-0.001446,0.0044,0.5,True,0.0,14.525183
ACSIncome,geo,1,MLP,FL-2018,1,0.748,0.788,0.04,0.788,0.781959,0.770866,0.768583,0.76,0.8526,0.7656,0.019417,0.0224,0.919112,True,-0.0676,14.525183
ACSIncome,geo,1,MLP,IL-2018,1,0.7752,0.788,0.0128,0.788,0.785569,0.774661,0.772193,0.763,0.8518,0.7648,0.015807,0.0232,0.93315,True,-0.0134,14.525183
ACSIncome,geo,1,MLP,MS-2018,1,0.727,0.788,0.061,0.788,0.766869,0.75615,0.753492,0.7238,0.8478,0.7608,0.034508,0.0272,0.969383,True,-0.1444,14.525183
ACSIncome,geo,1,MLP,NY-2018,1,0.7664,0.788,0.0216,0.788,0.784469,0.773579,0.771093,0.76,0.8596,0.7726,0.016907,0.0154,0.942585,True,0.0062,14.525183
ACSIncome,geo,1,MLP,OH-2018,1,0.7768,0.788,0.0112,0.788,0.78522,0.774543,0.771844,0.7546,0.8646,0.7776,0.016156,0.0104,0.962003,True,-0.083,14.525183
ACSIncome,geo,1,MLP,PA-2018,1,0.7716,0.788,0.0164,0.788,0.78239,0.771711,0.769014,0.7548,0.8658,0.7788,0.018986,0.0092,0.963282,True,-0.063,14.525183
ACSIncome,geo,1,MLP,TX-2018,1,0.789,0.788,-0.001,0.788,0.790668,0.779532,0.777292,0.7794,0.8746,0.7876,0.010708,0.0004,0.888688,True,-0.0336,14.525183
ACSIncome,geo,1,MLP,WA-2018,1,0.7934,0.788,-0.0054,0.788,0.790389,0.779447,0.777012,0.7686,0.8756,0.7886,0.010988,-0.0006,0.840834,True,0.0264,14.525183
ACSIncome,geo,1,RandForest,ID,0,0.803,0.796667,-0.006333,0.796667,0.803256,0.789159,0.794297,0.7964,0.9364,0.796067,0.00237,0.0006,0.5,True,0.0,5.145135
ACSIncome,geo,1,RandForest,FL-2018,1,0.7562,0.796667,0.040467,0.796667,0.78124,0.766555,0.772281,0.7768,0.9372,0.796867,0.024386,-0.0002,0.919112,True,-0.0676,5.145135
ACSIncome,geo,1,RandForest,IL-2018,1,0.7744,0.796667,0.022267,0.796667,0.790762,0.776586,0.781804,0.7738,0.9284,0.788067,0.014863,0.0086,0.93315,True,-0.0134,5.145135
ACSIncome,geo,1,RandForest,MS-2018,1,0.7344,0.796667,0.062267,0.796667,0.7742,0.759807,0.765241,0.7572,0.9208,0.780467,0.031426,0.0162,0.969383,True,-0.1444,5.145135
ACSIncome,geo,1,RandForest,NY-2018,1,0.77,0.796667,0.026667,0.796667,0.783498,0.769008,0.774539,0.763,0.9338,0.793467,0.022128,0.0032,0.942585,True,0.0062,5.145135
ACSIncome,geo,1,RandForest,OH-2018,1,0.7654,0.796667,0.031267,0.796667,0.782345,0.768254,0.773386,0.7624,0.9244,0.784067,0.023281,0.0126,0.962003,True,-0.083,5.145135
ACSIncome,geo,1,RandForest,PA-2018,1,0.7676,0.796667,0.029067,0.796667,0.779422,0.765301,0.770463,0.756,0.9214,0.781067,0.026203,0.0156,0.963282,True,-0.063,5.145135
ACSIncome,geo,1,RandForest,TX-2018,1,0.778,0.796667,0.018667,0.796667,0.786697,0.772237,0.777738,0.7714,0.9298,0.789467,0.018928,0.0072,0.888688,True,-0.0336,5.145135
ACSIncome,geo,1,RandForest,WA-2018,1,0.8008,0.796667,-0.004133,0.796667,0.792894,0.778489,0.783935,0.7828,0.9324,0.792067,0.012732,0.0046,0.840834,True,0.0264,5.145135
ACSIncome,geo,1,XGBoost,ID,0,0.8092,0.810667,0.001467,0.810667,0.844825,0.81233,0.809929,0.812,0.9184,0.802733,0.000738,0.007933,0.5,True,0.0,0.903554
ACSIncome,geo,1,XGBoost,FL-2018,1,0.7594,0.810667,0.051267,0.810667,0.831305,0.797312,0.79641,0.79,0.9182,0.802533,0.014257,0.008133,0.919112,True,-0.0676,0.903554
ACSIncome,geo,1,XGBoost,IL-2018,1,0.785,0.810667,0.025667,0.810667,0.833376,0.800159,0.79848,0.7922,0.9208,0.805133,0.012186,0.005533,0.93315,True,-0.0134,0.903554
ACSIncome,geo,1,XGBoost,MS-2018,1,0.747,0.810667,0.063667,0.810667,0.823529,0.790088,0.788634,0.7758,0.9138,0.798133,0.022033,0.012533,0.969383,True,-0.1444,0.903554
ACSIncome,geo,1,XGBoost,NY-2018,1,0.7828,0.810667,0.027867,0.810667,0.835413,0.802202,0.800518,0.8018,0.9192,0.803533,0.010149,0.007133,0.942585,True,0.0062,0.903554
ACSIncome,geo,1,XGBoost,OH-2018,1,0.7806,0.810667,0.030067,0.810667,0.835346,0.802574,0.80045,0.7998,0.9182,0.802533,0.010216,0.008133,0.962003,True,-0.083,0.903554
ACSIncome,geo,1,XGBoost,PA-2018,1,0.7762,0.810667,0.034467,0.810667,0.827984,0.795755,0.793088,0.7794,0.909,0.793333,0.017578,0.017333,0.963282,True,-0.063,0.903554
ACSIncome,geo,1,XGBoost,TX-2018,1,0.7882,0.810667,0.022467,0.810667,0.835681,0.80263,0.800785,0.7954,0.9186,0.802933,0.009881,0.007733,0.888688,True,-0.0336,0.903554
ACSIncome,geo,1,XGBoost,WA-2018,1,0.8064,0.810667,0.004267,0.810667,0.841394,0.80877,0.806498,0.8048,0.9222,0.806533,0.004168,0.004133,0.840834,True,0.0264,0.903554
ACSIncome,geo,2,CatBoost,ID,0,0.8094,0.812333,0.002933,0.812333,0.827891,0.813406,0.811965,0.8096,0.9378,0.811467,0.000368,0.000867,0.5,True,0.0,2.756778
ACSIncome,geo,2,CatBoost,FL-2018,1,0.7668,0.812333,0.045533,0.812333,0.806715,0.79212,0.79079,0.7604,0.9164,0.790067,0.021544,0.022267,0.918551,True,-0.0767,2.756778
ACSIncome,geo,2,CatBoost,IL-2018,1,0.7884,0.812333,0.023933,0.812333,0.81417,0.799357,0.798245,0.7862,0.934,0.807667,0.014089,0.004667,0.930485,True,0.0023,2.756778
ACSIncome,geo,2,CatBoost,MS-2018,1,0.7326,0.812333,0.079733,0.812333,0.804485,0.789891,0.788559,0.7602,0.929,0.802667,0.023774,0.009667,0.967712,True,-0.1407,2.756778
ACSIncome,geo,2,CatBoost,NY-2018,1,0.7916,0.812333,0.020733,0.812333,0.819171,0.804567,0.803245,0.7872,0.9246,0.798267,0.009088,0.014067,0.942169,True,0.0029,2.756778
ACSIncome,geo,2,CatBoost,OH-2018,1,0.7786,0.812333,0.033733,0.812333,0.818027,0.803712,0.802102,0.7796,0.935,0.808667,0.010232,0.003667,0.961604,True,-0.0783,2.756778
ACSIncome,geo,2,CatBoost,PA-2018,1,0.7842,0.812333,0.028133,0.812333,0.81592,0.801661,0.799994,0.773,0.9354,0.809067,0.012339,0.003267,0.965211,True,-0.0579,2.756778
ACSIncome,geo,2,CatBoost,TX-2018,1,0.7764,0.812333,0.035933,0.812333,0.818954,0.804246,0.803028,0.789,0.936,0.809667,0.009305,0.002667,0.887939,True,-0.0515,2.756778
ACSIncome,geo,2,CatBoost,WA-2018,1,0.8038,0.812333,0.008533,0.812333,0.817457,0.802666,0.801532,0.7882,0.9372,0.810867,0.010801,0.001467,0.850215,True,0.0177,2.756778
ACSIncome,geo,2,LightGBM,ID,0,0.8084,0.809,0.0006,0.809,0.835275,0.816036,0.811119,0.8144,0.9328,0.811133,-0.002119,-0.002133,0.5,True,0.0,0.762498
ACSIncome,geo,2,LightGBM,FL-2018,1,0.7576,0.809,0.0514,0.809,0.81433,0.794708,0.790174,0.7756,0.9192,0.797533,0.018826,0.011467,0.918551,True,-0.0767,0.762498
ACSIncome,geo,2,LightGBM,IL-2018,1,0.7816,0.809,0.0274,0.809,0.825238,0.805534,0.801082,0.8032,0.9308,0.809133,0.007918,-0.000133,0.930485,True,0.0023,0.762498
ACSIncome,geo,2,LightGBM,MS-2018,1,0.7314,0.809,0.0776,0.809,0.815268,0.795792,0.791112,0.7842,0.9228,0.801133,0.017888,0.007867,0.967712,True,-0.1407,0.762498
ACSIncome,geo,2,LightGBM,NY-2018,1,0.7944,0.809,0.0146,0.809,0.828759,0.809439,0.804603,0.8068,0.931,0.809333,0.004397,-0.000333,0.942169,True,0.0029,0.762498
ACSIncome,geo,2,LightGBM,OH-2018,1,0.7782,0.809,0.0308,0.809,0.827697,0.808984,0.803541,0.7896,0.933,0.811333,0.005459,-0.002333,0.961604,True,-0.0783,0.762498
ACSIncome,geo,2,LightGBM,PA-2018,1,0.785,0.809,0.024,0.809,0.824361,0.805663,0.800205,0.785,0.9262,0.804533,0.008795,0.004467,0.965211,True,-0.0579,0.762498
ACSIncome,geo,2,LightGBM,TX-2018,1,0.7766,0.809,0.0324,0.809,0.828053,0.808486,0.803898,0.8004,0.9328,0.811133,0.005102,-0.002133,0.887939,True,-0.0515,0.762498
ACSIncome,geo,2,LightGBM,WA-2018,1,0.7976,0.809,0.0114,0.809,0.826878,0.807405,0.802722,0.7992,0.936,0.814333,0.006278,-0.005333,0.850215,True,0.0177,0.762498
ACSIncome,geo,2,LogReg,ID,0,0.7818,0.782667,0.000867,0.782667,0.781199,0.770115,0.782457,0.7806,0.9828,0.7838,0.00021,-0.001133,0.5,True,0.0,0.050965
ACSIncome,geo,2,LogReg,FL-2018,1,0.7494,0.782667,0.033267,0.782667,0.763361,0.752275,0.764618,0.7506,0.979,0.78,0.018048,0.002667,0.918551,True,-0.0767,0.050965
ACSIncome,geo,2,LogReg,IL-2018,1,0.7638,0.782667,0.018867,0.782667,0.765364,0.754329,0.766622,0.754,0.9852,0.7862,0.016045,-0.003533,0.930485,True,0.0023,0.050965
ACSIncome,geo,2,LogReg,MS-2018,1,0.7362,0.782667,0.046467,0.782667,0.759961,0.749005,0.761218,0.7484,0.979,0.78,0.021449,0.002667,0.967712,True,-0.1407,0.050965
ACSIncome,geo,2,LogReg,NY-2018,1,0.7652,0.782667,0.017467,0.782667,0.768882,0.757908,0.770139,0.7618,0.9852,0.7862,0.012528,-0.003533,0.942169,True,0.0029,0.050965
ACSIncome,geo,2,LogReg,OH-2018,1,0.783,0.782667,-0.000333,0.782667,0.769476,0.758511,0.770733,0.762,0.9824,0.7834,0.011933,-0.000733,0.961604,True,-0.0783,0.050965
ACSIncome,geo,2,LogReg,PA-2018,1,0.7712,0.782667,0.011467,0.782667,0.767037,0.756158,0.768295,0.75,0.9848,0.7858,0.014372,-0.003133,0.965211,True,-0.0579,0.050965
ACSIncome,geo,2,LogReg,TX-2018,1,0.7632,0.782667,0.019467,0.782667,0.775557,0.764457,0.776815,0.772,0.9838,0.7848,0.005852,-0.002133,0.887939,True,-0.0515,0.050965
ACSIncome,geo,2,LogReg,WA-2018,1,0.7702,0.782667,0.012467,0.782667,0.768591,0.75746,0.769849,0.7678,0.9848,0.7858,0.012818,-0.003133,0.850215,True,0.0177,0.050965
ACSIncome,geo,2,MLP,ID,0,0.793,0.79,-0.003,0.79,0.807951,0.792819,0.790703,0.7936,0.8944,0.786067,-0.000703,0.003933,0.5,True,0.0,7.408756
ACSIncome,geo,2,MLP,FL-2018,1,0.7574,0.79,0.0326,0.79,0.787232,0.772042,0.769985,0.7582,0.8852,0.776867,0.020015,0.013133,0.918551,True,-0.0767,7.408756
ACSIncome,geo,2,MLP,IL-2018,1,0.7782,0.79,0.0118,0.79,0.794215,0.779005,0.776968,0.766,0.895,0.786667,0.013032,0.003333,0.930485,True,0.0023,7.408756
ACSIncome,geo,2,MLP,MS-2018,1,0.7412,0.79,0.0488,0.79,0.777467,0.762658,0.76022,0.7278,0.882,0.773667,0.02978,0.016333,0.967712,True,-0.1407,7.408756
ACSIncome,geo,2,MLP,NY-2018,1,0.781,0.79,0.009,0.79,0.798064,0.782915,0.780817,0.774,0.8916,0.783267,0.009183,0.006733,0.942169,True,0.0029,7.408756
ACSIncome,geo,2,MLP,OH-2018,1,0.7888,0.79,0.0012,0.79,0.797426,0.78268,0.780178,0.7632,0.8964,0.788067,0.009822,0.001933,0.961604,True,-0.0783,7.408756
ACSIncome,geo,2,MLP,PA-2018,1,0.7778,0.79,0.0122,0.79,0.794388,0.779789,0.777141,0.7574,0.8974,0.789067,0.012859,0.000933,0.965211,True,-0.0579,7.408756
ACSIncome,geo,2,MLP,TX-2018,1,0.7788,0.79,0.0112,0.79,0.796404,0.78124,0.779156,0.7694,0.8982,0.789867,0.010844,0.000133,0.887939,True,-0.0515,7.408756
ACSIncome,geo,2,MLP,WA-2018,1,0.7844,0.79,0.0056,0.79,0.795694,0.780534,0.778446,0.7716,0.8912,0.782867,0.011554,0.007133,0.850215,True,0.0177,7.408756
ACSIncome,geo,2,RandForest,ID,0,0.802,0.803,0.001,0.803,0.804668,0.793998,0.802793,0.803,0.9354,0.794067,0.000207,0.008933,0.5,True,0.0,4.534593
ACSIncome,geo,2,RandForest,FL-2018,1,0.7572,0.803,0.0458,0.803,0.780373,0.769487,0.778498,0.7602,0.9286,0.787267,0.024502,0.015733,0.918551,True,-0.0767,4.534593
ACSIncome,geo,2,RandForest,IL-2018,1,0.7786,0.803,0.0244,0.803,0.79738,0.786522,0.795505,0.7938,0.9352,0.793867,0.007495,0.009133,0.930485,True,0.0023,4.534593
ACSIncome,geo,2,RandForest,MS-2018,1,0.7262,0.803,0.0768,0.803,0.780592,0.769753,0.778717,0.7638,0.9252,0.783867,0.024283,0.019133,0.967712,True,-0.1407,4.534593
ACSIncome,geo,2,RandForest,NY-2018,1,0.7824,0.803,0.0206,0.803,0.793419,0.782375,0.791544,0.7936,0.937,0.795667,0.011456,0.007333,0.942169,True,0.0029,4.534593
ACSIncome,geo,2,RandForest,OH-2018,1,0.7732,0.803,0.0298,0.803,0.794565,0.783956,0.79269,0.788,0.9266,0.785267,0.01031,0.017733,0.961604,True,-0.0783,4.534593
ACSIncome,geo,2,RandForest,PA-2018,1,0.7738,0.803,0.0292,0.803,0.792529,0.781936,0.790654,0.785,0.9246,0.783267,0.012346,0.019733,0.965211,True,-0.0579,4.534593
ACSIncome,geo,2,RandForest,TX-2018,1,0.7782,0.803,0.0248,0.803,0.79307,0.782099,0.791195,0.791,0.9324,0.791067,0.011805,0.011933,0.887939,True,-0.0515,4.534593
ACSIncome,geo,2,RandForest,WA-2018,1,0.7846,0.803,0.0184,0.803,0.792873,0.781965,0.790998,0.79,0.927,0.785667,0.012002,0.017333,0.850215,True,0.0177,4.534593
ACSIncome,geo,2,XGBoost,ID,0,0.8012,0.811667,0.010467,0.811667,0.848267,0.811395,0.812242,0.8066,0.9246,0.8086,-0.000576,0.003067,0.5,True,0.0,2.528182
ACSIncome,geo,2,XGBoost,FL-2018,1,0.759,0.811667,0.052667,0.811667,0.827154,0.789499,0.791129,0.7634,0.9116,0.7956,0.020538,0.016067,0.918551,True,-0.0767,2.528182
ACSIncome,geo,2,XGBoost,IL-2018,1,0.785,0.811667,0.026667,0.811667,0.83938,0.80141,0.803355,0.7914,0.9236,0.8076,0.008312,0.004067,0.930485,True,0.0023,2.528182
ACSIncome,geo,2,XGBoost,MS-2018,1,0.7308,0.811667,0.080867,0.811667,0.825166,0.787254,0.789141,0.7688,0.9084,0.7924,0.022525,0.019267,0.967712,True,-0.1407,2.528182
ACSIncome,geo,2,XGBoost,NY-2018,1,0.7886,0.811667,0.023067,0.811667,0.838049,0.80074,0.802024,0.7898,0.9148,0.7988,0.009643,0.012867,0.942169,True,0.0029,2.528182
ACSIncome,geo,2,XGBoost,OH-2018,1,0.7738,0.811667,0.037867,0.811667,0.838832,0.802186,0.802807,0.788,0.921,0.805,0.008859,0.006667,0.961604,True,-0.0783,2.528182
ACSIncome,geo,2,XGBoost,PA-2018,1,0.7844,0.811667,0.027267,0.811667,0.833597,0.796818,0.797572,0.78,0.917,0.801,0.014094,0.010667,0.965211,True,-0.0579,2.528182
ACSIncome,geo,2,XGBoost,TX-2018,1,0.7724,0.811667,0.039267,0.811667,0.836608,0.798552,0.800584,0.7842,0.9164,0.8004,0.011083,0.011267,0.887939,True,-0.0515,2.528182
ACSIncome,geo,2,XGBoost,WA-2018,1,0.7956,0.811667,0.016067,0.811667,0.838623,0.800647,0.802598,0.799,0.9126,0.7966,0.009069,0.015067,0.850215,True,0.0177,2.528182
ACSIncome,geo,3,CatBoost,ID,0,0.805,0.813333,0.008333,0.813333,0.823877,0.811807,0.811635,0.8002,0.9342,0.807533,0.001699,0.0058,0.5,True,0.0,2.774559
ACSIncome,geo,3,CatBoost,FL-2018,1,0.7708,0.813333,0.042533,0.813333,0.806627,0.794265,0.794385,0.768,0.9272,0.800533,0.018948,0.0128,0.921203,True,-0.0865,2.774559
ACSIncome,geo,3,CatBoost,IL-2018,1,0.793,0.813333,0.020333,0.813333,0.805643,0.793397,0.793401,0.7702,0.9338,0.807133,0.019933,0.0062,0.934952,True,-0.0237,2.774559
ACSIncome,geo,3,CatBoost,MS-2018,1,0.7486,0.813333,0.064733,0.813333,0.795354,0.783246,0.783112,0.7514,0.9228,0.796133,0.030221,0.0172,0.971086,True,-0.1423,2.774559
ACSIncome,geo,3,CatBoost,NY-2018,1,0.787,0.813333,0.026333,0.813333,0.811716,0.799474,0.799474,0.7834,0.9376,0.810933,0.01386,0.0024,0.939475,True,0.0005,2.774559
ACSIncome,geo,3,CatBoost,OH-2018,1,0.7932,0.813333,0.020133,0.813333,0.803531,0.791465,0.791289,0.762,0.9266,0.799933,0.022045,0.0134,0.959493,True,-0.0661,2.774559
ACSIncome,geo,3,CatBoost,PA-2018,1,0.7964,0.813333,0.016933,0.813333,0.799103,0.787177,0.786861,0.749,0.9316,0.804933,0.026472,0.0084,0.95972,True,-0.0551,2.774559
ACSIncome,geo,3,CatBoost,TX-2018,1,0.7974,0.813333,0.015933,0.813333,0.813039,0.800696,0.800797,0.7872,0.9362,0.809533,0.012536,0.0038,0.900231,True,-0.0507,2.774559
ACSIncome,geo,3,CatBoost,WA-2018,1,0.7984,0.813333,0.014933,0.813333,0.807614,0.795252,0.795372,0.7742,0.9318,0.805133,0.017961,0.0082,0.842174,True,0.0193,2.774559
ACSIncome,geo,3,LightGBM,ID,0,0.8024,0.815667,0.013267,0.815667,0.831235,0.814997,0.813291,0.8052,0.9388,0.809133,0.002375,0.006533,0.5,True,0.0,0.785182
ACSIncome,geo,3,LightGBM,FL-2018,1,0.769,0.815667,0.046667,0.815667,0.817146,0.800552,0.799202,0.7836,0.92,0.790333,0.016465,0.025333,0.921203,True,-0.0865,0.785182
ACSIncome,geo,3,LightGBM,IL-2018,1,0.7904,0.815667,0.025267,0.815667,0.815072,0.798656,0.797128,0.7766,0.9306,0.800933,0.018539,0.014733,0.934952,True,-0.0237,0.785182
ACSIncome,geo,3,LightGBM,MS-2018,1,0.7544,0.815667,0.061267,0.815667,0.807286,0.791173,0.789343,0.759,0.9214,0.791733,0.026324,0.023933,0.971086,True,-0.1423,0.785182
ACSIncome,geo,3,LightGBM,NY-2018,1,0.7854,0.815667,0.030267,0.815667,0.822008,0.80562,0.804064,0.7866,0.9272,0.797533,0.011603,0.018133,0.939475,True,0.0005,0.785182
ACSIncome,geo,3,LightGBM,OH-2018,1,0.7938,0.815667,0.021867,0.815667,0.816502,0.800276,0.798559,0.774,0.931,0.801333,0.017108,0.014333,0.959493,True,-0.0661,0.785182
ACSIncome,geo,3,LightGBM,PA-2018,1,0.789,0.815667,0.026667,0.815667,0.811369,0.795173,0.793426,0.7664,0.9184,0.788733,0.022241,0.026933,0.95972,True,-0.0551,0.785182
ACSIncome,geo,3,LightGBM,TX-2018,1,0.7892,0.815667,0.026467,0.815667,0.820001,0.803472,0.802057,0.7864,0.928,0.798333,0.01361,0.017333,0.900231,True,-0.0507,0.785182
ACSIncome,geo,3,LightGBM,WA-2018,1,0.7964,0.815667,0.019267,0.815667,0.817484,0.800873,0.799541,0.782,0.921,0.791333,0.016126,0.024333,0.842174,True,0.0193,0.785182
ACSIncome,geo,3,LogReg,ID,0,0.773,0.783667,0.010667,0.783667,0.782924,0.780063,0.785946,0.7988,0.992,0.785,-0.00228,-0.001333,0.5,True,0.0,0.054065
ACSIncome,geo,3,LogReg,FL-2018,1,0.757,0.783667,0.026667,0.783667,0.767325,0.764435,0.770347,0.7688,0.993,0.786,0.01332,-0.002333,0.921203,True,-0.0865,0.054065
ACSIncome,geo,3,LogReg,IL-2018,1,0.7572,0.783667,0.026467,0.783667,0.764211,0.761379,0.767234,0.76,0.9902,0.7832,0.016433,0.000467,0.934952,True,-0.0237,0.054065
ACSIncome,geo,3,LogReg,MS-2018,1,0.7398,0.783667,0.043867,0.783667,0.759617,0.756791,0.762639,0.7556,0.9922,0.7852,0.021028,-0.001533,0.971086,True,-0.1423,0.054065
ACSIncome,geo,3,LogReg,NY-2018,1,0.7572,0.783667,0.026467,0.783667,0.76862,0.765775,0.771642,0.7662,0.993,0.786,0.012025,-0.002333,0.939475,True,0.0005,0.054065
ACSIncome,geo,3,LogReg,OH-2018,1,0.7852,0.783667,-0.001533,0.783667,0.769561,0.766691,0.772584,0.78,0.9936,0.7866,0.011083,-0.002933,0.959493,True,-0.0661,0.054065
ACSIncome,geo,3,LogReg,PA-2018,1,0.7686,0.783667,0.015067,0.783667,0.767313,0.76449,0.770335,0.7626,0.9948,0.7878,0.013331,-0.004133,0.95972,True,-0.0551,0.054065
ACSIncome,geo,3,LogReg,TX-2018,1,0.7754,0.783667,0.008267,0.783667,0.775624,0.772749,0.778647,0.7822,0.9904,0.7834,0.00502,0.000267,0.900231,True,-0.0507,0.054065
ACSIncome,geo,3,LogReg,WA-2018,1,0.7592,0.783667,0.024467,0.783667,0.767646,0.764766,0.770668,0.7684,0.9914,0.7844,0.012999,-0.000733,0.842174,True,0.0193,0.054065
ACSIncome,geo,3,MLP,ID,0,0.7876,0.795333,0.007733,0.795333,0.798035,0.795664,0.795908,0.7938,0.9532,0.799867,-0.000574,-0.004533,0.5,True,0.0,4.137401
ACSIncome,geo,3,MLP,FL-2018,1,0.76,0.795333,0.035333,0.795333,0.781274,0.778885,0.779146,0.76,0.955,0.801667,0.016187,-0.006333,0.921203,True,-0.0865,4.137401
ACSIncome,geo,3,MLP,IL-2018,1,0.7724,0.795333,0.022933,0.795333,0.778885,0.776551,0.776757,0.7482,0.9528,0.799467,0.018576,-0.004133,0.934952,True,-0.0237,4.137401
ACSIncome,geo,3,MLP,MS-2018,1,0.7348,0.795333,0.060533,0.795333,0.763489,0.761219,0.761361,0.713,0.9518,0.798467,0.033972,-0.003133,0.971086,True,-0.1423,4.137401
ACSIncome,geo,3,MLP,NY-2018,1,0.7658,0.795333,0.029533,0.795333,0.783162,0.780805,0.781035,0.7654,0.9518,0.798467,0.014299,-0.003133,0.939475,True,0.0005,4.137401
ACSIncome,geo,3,MLP,OH-2018,1,0.7898,0.795333,0.005533,0.795333,0.779903,0.777605,0.777775,0.75,0.951,0.797667,0.017558,-0.002333,0.959493,True,-0.0661,4.137401
ACSIncome,geo,3,MLP,PA-2018,1,0.7708,0.795333,0.024533,0.795333,0.77515,0.772875,0.773022,0.7396,0.9468,0.793467,0.022311,0.001867,0.95972,True,-0.0551,4.137401
ACSIncome,geo,3,MLP,TX-2018,1,0.7928,0.795333,0.002533,0.795333,0.786098,0.783709,0.783971,0.7686,0.956,0.802667,0.011362,-0.007333,0.900231,True,-0.0507,4.137401
ACSIncome,geo,3,MLP,WA-2018,1,0.7766,0.795333,0.018733,0.795333,0.780139,0.777754,0.778011,0.7594,0.9488,0.795467,0.017322,-0.000133,0.842174,True,0.0193,4.137401
ACSIncome,geo,3,RandForest,ID,0,0.7932,0.805333,0.012133,0.805333,0.804437,0.797076,0.803128,0.7946,0.9388,0.796467,0.002206,0.008867,0.5,True,0.0,5.820301
ACSIncome,geo,3,RandForest,FL-2018,1,0.766,0.805333,0.039333,0.805333,0.782968,0.775389,0.781658,0.7574,0.9284,0.786067,0.023675,0.019267,0.921203,True,-0.0865,5.820301
ACSIncome,geo,3,RandForest,IL-2018,1,0.7782,0.805333,0.027133,0.805333,0.787763,0.78024,0.786453,0.7566,0.9264,0.784067,0.01888,0.021267,0.934952,True,-0.0237,5.820301
ACSIncome,geo,3,RandForest,MS-2018,1,0.7398,0.805333,0.065533,0.805333,0.774627,0.767273,0.773317,0.7276,0.9258,0.783467,0.032016,0.021867,0.971086,True,-0.1423,5.820301
ACSIncome,geo,3,RandForest,NY-2018,1,0.774,0.805333,0.031333,0.805333,0.787906,0.780274,0.786596,0.7656,0.9394,0.797067,0.018737,0.008267,0.939475,True,0.0005,5.820301
ACSIncome,geo,3,RandForest,OH-2018,1,0.7776,0.805333,0.027733,0.805333,0.788126,0.780607,0.786816,0.7628,0.9234,0.781067,0.018517,0.024267,0.959493,True,-0.0661,5.820301
ACSIncome,geo,3,RandForest,PA-2018,1,0.778,0.805333,0.027333,0.805333,0.781247,0.773889,0.779937,0.7456,0.9242,0.781867,0.025397,0.023467,0.95972,True,-0.0551,5.820301
ACSIncome,geo,3,RandForest,TX-2018,1,0.783,0.805333,0.022333,0.805333,0.788324,0.780792,0.787014,0.7644,0.9356,0.793267,0.018319,0.012067,0.900231,True,-0.0507,5.820301
ACSIncome,geo,3,RandForest,WA-2018,1,0.7872,0.805333,0.018133,0.805333,0.786792,0.779198,0.785483,0.764,0.9248,0.782467,0.019851,0.022867,0.842174,True,0.0193,5.820301
ACSIncome,geo,3,XGBoost,ID,0,0.805,0.808667,0.003667,0.808667,0.844978,0.809592,0.808131,0.8012,0.9176,0.7916,0.000535,0.017067,0.5,True,0.0,2.535427
ACSIncome,geo,3,XGBoost,FL-2018,1,0.7654,0.808667,0.043267,0.808667,0.827302,0.791382,0.790456,0.7748,0.9118,0.7858,0.01821,0.022867,0.921203,True,-0.0865,2.535427
ACSIncome,geo,3,XGBoost,IL-2018,1,0.788,0.808667,0.020667,0.808667,0.82663,0.79062,0.789784,0.7708,0.9086,0.7826,0.018883,0.026067,0.934952,True,-0.0237,2.535427
ACSIncome,geo,3,XGBoost,MS-2018,1,0.751,0.808667,0.057667,0.808667,0.823345,0.787985,0.786499,0.7636,0.9134,0.7874,0.022168,0.021267,0.971086,True,-0.1423,2.535427
ACSIncome,geo,3,XGBoost,NY-2018,1,0.7812,0.808667,0.027467,0.808667,0.83594,0.800108,0.799094,0.7914,0.922,0.796,0.009573,0.012667,0.939475,True,0.0005,2.535427
ACSIncome,geo,3,XGBoost,OH-2018,1,0.788,0.808667,0.020667,0.808667,0.830924,0.795638,0.794078,0.7822,0.9108,0.7848,0.014589,0.023867,0.959493,True,-0.0661,2.535427
ACSIncome,geo,3,XGBoost,PA-2018,1,0.7836,0.808667,0.025067,0.808667,0.825719,0.790585,0.788872,0.7668,0.92,0.794,0.019794,0.014667,0.95972,True,-0.0551,2.535427
ACSIncome,geo,3,XGBoost,TX-2018,1,0.7856,0.808667,0.023067,0.808667,0.831967,0.796214,0.795121,0.7846,0.9152,0.7892,0.013546,0.019467,0.900231,True,-0.0507,2.535427
ACSIncome,geo,3,XGBoost,WA-2018,1,0.7932,0.808667,0.015467,0.808667,0.829629,0.793983,0.792783,0.772,0.9108,0.7848,0.015883,0.023867,0.842174,True,0.0193,2.535427
ACSIncome,geo,4,CatBoost,ID,0,0.8184,0.816,-0.0024,0.816,0.820429,0.812802,0.81906,0.8254,0.939,0.821,-0.00306,-0.005,0.5,True,0.0,2.874727
ACSIncome,geo,4,CatBoost,FL-2018,1,0.7758,0.816,0.0402,0.816,0.801158,0.793359,0.79979,0.8034,0.9152,0.7972,0.01621,0.0188,0.918956,True,-0.077,2.874727
ACSIncome,geo,4,CatBoost,IL-2018,1,0.798,0.816,0.018,0.816,0.802231,0.794493,0.800862,0.8022,0.9268,0.8088,0.015138,0.0072,0.925779,True,-0.015,2.874727
ACSIncome,geo,4,CatBoost,MS-2018,1,0.7384,0.816,0.0776,0.816,0.793849,0.786084,0.792481,0.7862,0.919,0.801,0.023519,0.015,0.968204,True,-0.1388,2.874727
ACSIncome,geo,4,CatBoost,NY-2018,1,0.7888,0.816,0.0272,0.816,0.799283,0.791588,0.797915,0.7914,0.9188,0.8008,0.018085,0.0152,0.9302,True,-0.0052,2.874727
ACSIncome,geo,4,CatBoost,OH-2018,1,0.7806,0.816,0.0354,0.816,0.797341,0.789778,0.795972,0.7912,0.9274,0.8094,0.020028,0.0066,0.959996,True,-0.0738,2.874727
ACSIncome,geo,4,CatBoost,PA-2018,1,0.791,0.816,0.025,0.816,0.794337,0.786692,0.792968,0.7852,0.9244,0.8064,0.023032,0.0096,0.962523,True,-0.0408,2.874727
ACSIncome,geo,4,CatBoost,TX-2018,1,0.7896,0.816,0.0264,0.816,0.804887,0.796997,0.803518,0.8086,0.9278,0.8098,0.012482,0.0062,0.88908,True,-0.0462,2.874727
ACSIncome,geo,4,CatBoost,WA-2018,1,0.8004,0.816,0.0156,0.816,0.807935,0.800179,0.806566,0.809,0.9322,0.8142,0.009434,0.0018,0.842875,True,0.0206,2.874727
ACSIncome,geo,4,LightGBM,ID,0,0.8118,0.811,-0.0008,0.811,0.826675,0.813232,0.813364,0.8118,0.927,0.808,-0.002364,0.003,0.5,True,0.0,0.780084
ACSIncome,geo,4,LightGBM,FL-2018,1,0.771,0.811,0.04,0.811,0.806218,0.792437,0.792907,0.7806,0.92,0.801,0.018093,0.01,0.918956,True,-0.077,0.780084
ACSIncome,geo,4,LightGBM,IL-2018,1,0.799,0.811,0.012,0.811,0.808804,0.795251,0.795493,0.7782,0.9216,0.8026,0.015507,0.0084,0.925779,True,-0.015,0.780084
ACSIncome,geo,4,LightGBM,MS-2018,1,0.7282,0.811,0.0828,0.811,0.802662,0.788954,0.789351,0.7724,0.9178,0.7988,0.021649,0.0122,0.968204,True,-0.1388,0.780084
ACSIncome,geo,4,LightGBM,NY-2018,1,0.7866,0.811,0.0244,0.811,0.807287,0.793636,0.793975,0.7786,0.9152,0.7962,0.017025,0.0148,0.9302,True,-0.0052,0.780084
ACSIncome,geo,4,LightGBM,OH-2018,1,0.7704,0.811,0.0406,0.811,0.804676,0.791231,0.791364,0.7736,0.9172,0.7982,0.019636,0.0128,0.959996,True,-0.0738,0.780084
ACSIncome,geo,4,LightGBM,PA-2018,1,0.7786,0.811,0.0324,0.811,0.799393,0.785966,0.786082,0.7606,0.919,0.8,0.024918,0.011,0.962523,True,-0.0408,0.780084
ACSIncome,geo,4,LightGBM,TX-2018,1,0.7874,0.811,0.0236,0.811,0.810832,0.796886,0.797521,0.792,0.9192,0.8002,0.013479,0.0108,0.88908,True,-0.0462,0.780084
ACSIncome,geo,4,LightGBM,WA-2018,1,0.797,0.811,0.014,0.811,0.815546,0.801945,0.802235,0.7898,0.9246,0.8056,0.008765,0.0054,0.842875,True,0.0206,0.780084
ACSIncome,geo,4,LogReg,ID,0,0.7852,0.784333,-0.000867,0.784333,0.773333,0.77592,0.786244,0.779,0.9894,0.7834,-0.001911,0.000933,0.5,True,0.0,0.054309
ACSIncome,geo,4,LogReg,FL-2018,1,0.7642,0.784333,0.020133,0.784333,0.757982,0.760623,0.770893,0.7652,0.99,0.784,0.01344,0.000333,0.918956,True,-0.077,0.054309
ACSIncome,geo,4,LogReg,IL-2018,1,0.7728,0.784333,0.011533,0.784333,0.760482,0.763072,0.773393,0.7612,0.9892,0.7832,0.010941,0.001133,0.925779,True,-0.015,0.054309
ACSIncome,geo,4,LogReg,MS-2018,1,0.7434,0.784333,0.040933,0.784333,0.753614,0.756206,0.766525,0.7544,0.9914,0.7854,0.017808,-0.001067,0.968204,True,-0.1388,0.054309
ACSIncome,geo,4,LogReg,NY-2018,1,0.7672,0.784333,0.017133,0.784333,0.756833,0.759394,0.769744,0.7536,0.9886,0.7826,0.014589,0.001733,0.9302,True,-0.0052,0.054309
ACSIncome,geo,4,LogReg,OH-2018,1,0.7816,0.784333,0.002733,0.784333,0.759968,0.762539,0.772879,0.7598,0.99,0.784,0.011454,0.000333,0.959996,True,-0.0738,0.054309
ACSIncome,geo,4,LogReg,PA-2018,1,0.7642,0.784333,0.020133,0.784333,0.75869,0.761263,0.7716,0.7544,0.989,0.783,0.012733,0.001333,0.962523,True,-0.0408,0.054309
ACSIncome,geo,4,LogReg,TX-2018,1,0.7788,0.784333,0.005533,0.784333,0.766665,0.769295,0.779576,0.7764,0.9906,0.7846,0.004757,-0.000267,0.88908,True,-0.0462,0.054309
ACSIncome,geo,4,LogReg,WA-2018,1,0.768,0.784333,0.016333,0.784333,0.760263,0.762877,0.773174,0.763,0.9912,0.7852,0.011159,-0.000867,0.842875,True,0.0206,0.054309
ACSIncome,geo,4,MLP,ID,0,0.799,0.798333,-0.000667,0.798333,0.803553,0.799226,0.801566,0.801,0.9408,0.804467,-0.003233,-0.006133,0.5,True,0.0,6.051127
ACSIncome,geo,4,MLP,FL-2018,1,0.7656,0.798333,0.032733,0.798333,0.786521,0.782158,0.784535,0.7766,0.934,0.797667,0.013798,0.000667,0.918956,True,-0.077,6.051127
ACSIncome,geo,4,MLP,IL-2018,1,0.7806,0.798333,0.017733,0.798333,0.788125,0.783803,0.786138,0.7788,0.9378,0.801467,0.012195,-0.003133,0.925779,True,-0.015,6.051127
ACSIncome,geo,4,MLP,MS-2018,1,0.7236,0.798333,0.074733,0.798333,0.770647,0.766389,0.76866,0.7426,0.9238,0.787467,0.029673,0.010867,0.968204,True,-0.1388,6.051127
ACSIncome,geo,4,MLP,NY-2018,1,0.776,0.798333,0.022333,0.798333,0.786219,0.781947,0.784233,0.7684,0.9312,0.794867,0.0141,0.003467,0.9302,True,-0.0052,6.051127
ACSIncome,geo,4,MLP,OH-2018,1,0.7722,0.798333,0.026133,0.798333,0.783295,0.779167,0.781308,0.7568,0.938,0.801667,0.017025,-0.003333,0.959996,True,-0.0738,6.051127
ACSIncome,geo,4,MLP,PA-2018,1,0.7676,0.798333,0.030733,0.798333,0.781274,0.7771,0.779288,0.7556,0.932,0.795667,0.019045,0.002667,0.962523,True,-0.0408,6.051127
ACSIncome,geo,4,MLP,TX-2018,1,0.7796,0.798333,0.018733,0.798333,0.790991,0.786577,0.789005,0.7892,0.9388,0.802467,0.009328,-0.004133,0.88908,True,-0.0462,6.051127
ACSIncome,geo,4,MLP,WA-2018,1,0.7808,0.798333,0.017533,0.798333,0.78923,0.784893,0.787244,0.7784,0.9378,0.801467,0.01109,-0.003133,0.842875,True,0.0206,6.051127
ACSIncome,geo,4,RandForest,ID,0,0.8034,0.803667,0.000267,0.803667,0.801459,0.798112,0.805099,0.8134,0.9344,0.800067,-0.001432,0.0036,0.5,True,0.0,5.57905
ACSIncome,geo,4,RandForest,FL-2018,1,0.7702,0.803667,0.033467,0.803667,0.776519,0.773154,0.780159,0.765,0.929,0.794667,0.023507,0.009,0.918956,True,-0.077,5.57905
ACSIncome,geo,4,RandForest,IL-2018,1,0.7886,0.803667,0.015067,0.803667,0.785544,0.782196,0.789184,0.7838,0.933,0.798667,0.014483,0.005,0.925779,True,-0.015,5.57905
ACSIncome,geo,4,RandForest,MS-2018,1,0.7266,0.803667,0.077067,0.803667,0.77566,0.772284,0.7793,0.764,0.9262,0.791867,0.024366,0.0118,0.968204,True,-0.1388,5.57905
ACSIncome,geo,4,RandForest,NY-2018,1,0.7816,0.803667,0.022067,0.803667,0.78104,0.777665,0.784681,0.7772,0.929,0.794667,0.018986,0.009,0.9302,True,-0.0052,5.57905
ACSIncome,geo,4,RandForest,OH-2018,1,0.7662,0.803667,0.037467,0.803667,0.781991,0.778697,0.785631,0.7752,0.929,0.794667,0.018036,0.009,0.959996,True,-0.0738,5.57905
ACSIncome,geo,4,RandForest,PA-2018,1,0.7664,0.803667,0.037267,0.803667,0.776404,0.773151,0.780044,0.7592,0.9224,0.788067,0.023622,0.0156,0.962523,True,-0.0408,5.57905
ACSIncome,geo,4,RandForest,TX-2018,1,0.78,0.803667,0.023667,0.803667,0.787475,0.784076,0.791115,0.787,0.9342,0.799867,0.012551,0.0038,0.88908,True,-0.0462,5.57905
ACSIncome,geo,4,RandForest,WA-2018,1,0.7932,0.803667,0.010467,0.803667,0.787644,0.784318,0.791284,0.7868,0.9294,0.795067,0.012383,0.0086,0.842875,True,0.0206,5.57905
ACSIncome,geo,4,XGBoost,ID,0,0.8108,0.806333,-0.004467,0.806333,0.840266,0.805334,0.807577,0.8014,0.9238,0.809133,-0.001243,-0.0028,0.5,True,0.0,2.438857
ACSIncome,geo,4,XGBoost,FL-2018,1,0.7586,0.806333,0.047733,0.806333,0.820068,0.783531,0.787379,0.774,0.9092,0.794533,0.018954,0.0118,0.918956,True,-0.077,2.438857
ACSIncome,geo,4,XGBoost,IL-2018,1,0.7922,0.806333,0.014133,0.806333,0.823703,0.787874,0.791014,0.7786,0.908,0.793333,0.015319,0.013,0.925779,True,-0.015,2.438857
ACSIncome,geo,4,XGBoost,MS-2018,1,0.7166,0.806333,0.089733,0.806333,0.818905,0.782395,0.786216,0.7712,0.9038,0.789133,0.020117,0.0172,0.968204,True,-0.1388,2.438857
ACSIncome,geo,4,XGBoost,NY-2018,1,0.7882,0.806333,0.018133,0.806333,0.825482,0.789093,0.792793,0.7868,0.9128,0.798133,0.01354,0.0082,0.9302,True,-0.0052,2.438857
ACSIncome,geo,4,XGBoost,OH-2018,1,0.7734,0.806333,0.032933,0.806333,0.820467,0.784662,0.787778,0.7794,0.9146,0.799933,0.018555,0.0064,0.959996,True,-0.0738,2.438857
ACSIncome,geo,4,XGBoost,PA-2018,1,0.7786,0.806333,0.027733,0.806333,0.816346,0.780466,0.783657,0.7626,0.9122,0.797533,0.022677,0.0088,0.962523,True,-0.0408,2.438857
ACSIncome,geo,4,XGBoost,TX-2018,1,0.7802,0.806333,0.026133,0.806333,0.826057,0.789531,0.793368,0.785,0.9064,0.791733,0.012965,0.0146,0.88908,True,-0.0462,2.438857
ACSIncome,geo,4,XGBoost,WA-2018,1,0.791,0.806333,0.015333,0.806333,0.830201,0.794395,0.797512,0.7934,0.9154,0.800733,0.008822,0.0056,0.842875,True,0.0206,2.438857
ACSIncome,geotemporal,0,CatBoost,ID,0,0.8314,0.823333,-0.008067,0.823333,0.837459,0.82283,0.819468,0.8176,0.9402,0.8222,0.003866,0.001133,0.5,True,0.0,2.83994
ACSIncome,geotemporal,0,CatBoost,MS-2018,1,0.7756,0.823333,0.047733,0.823333,0.806867,0.791935,0.788876,0.759,0.9274,0.8094,0.034458,0.013933,0.970512,True,-0.0926,2.83994
ACSIncome,geotemporal,0,CatBoost,NY-2018,1,0.7824,0.823333,0.040933,0.823333,0.816453,0.80162,0.798461,0.78,0.9256,0.8076,0.024872,0.015733,0.945089,True,0.049,2.83994
ACSIncome,geotemporal,0,CatBoost,TX-2018,1,0.7948,0.823333,0.028533,0.823333,0.820723,0.805679,0.802731,0.7884,0.9394,0.8214,0.020602,0.001933,0.901809,True,0.0166,2.83994
ACSIncome,geotemporal,0,CatBoost,WA-2018,1,0.8028,0.823333,0.020533,0.823333,0.818719,0.803622,0.800727,0.7842,0.9334,0.8154,0.022607,0.007933,0.869642,True,0.0806,2.83994
ACSIncome,geotemporal,0,LightGBM,ID,0,0.8244,0.819667,-0.004733,0.819667,0.844355,0.823651,0.81717,0.814,0.9404,0.819733,0.002497,-6.7e-05,0.5,True,0.0,0.74174
ACSIncome,geotemporal,0,LightGBM,MS-2018,1,0.771,0.819667,0.048667,0.819667,0.815445,0.79407,0.78826,0.7576,0.9274,0.806733,0.031406,0.012933,0.970512,True,-0.0926,0.74174
ACSIncome,geotemporal,0,LightGBM,NY-2018,1,0.7822,0.819667,0.037467,0.819667,0.819476,0.798074,0.792291,0.7674,0.9218,0.801133,0.027376,0.018533,0.945089,True,0.049,0.74174
ACSIncome,geotemporal,0,LightGBM,TX-2018,1,0.7894,0.819667,0.030267,0.819667,0.826595,0.805388,0.79941,0.7798,0.934,0.813333,0.020257,0.006333,0.901809,True,0.0166,0.74174
ACSIncome,geotemporal,0,LightGBM,WA-2018,1,0.7984,0.819667,0.021267,0.819667,0.826458,0.804917,0.799273,0.786,0.9308,0.810133,0.020393,0.009533,0.869642,True,0.0806,0.74174
ACSIncome,geotemporal,0,LogReg,ID,0,0.8042,0.792,-0.0122,0.792,0.791551,0.787719,0.789437,0.7804,0.9858,0.7878,0.002563,0.0042,0.5,True,0.0,0.056052
ACSIncome,geotemporal,0,LogReg,MS-2018,1,0.7624,0.792,0.0296,0.792,0.767277,0.763397,0.765163,0.7404,0.9864,0.7884,0.026837,0.0036,0.970512,True,-0.0926,0.056052
ACSIncome,geotemporal,0,LogReg,NY-2018,1,0.758,0.792,0.034,0.792,0.771839,0.768003,0.769725,0.7456,0.986,0.788,0.022275,0.004,0.945089,True,0.049,0.056052
ACSIncome,geotemporal,0,LogReg,TX-2018,1,0.7816,0.792,0.0104,0.792,0.781769,0.777875,0.779655,0.77,0.9876,0.7896,0.012345,0.0024,0.901809,True,0.0166,0.056052
ACSIncome,geotemporal,0,LogReg,WA-2018,1,0.7648,0.792,0.0272,0.792,0.769218,0.765341,0.767104,0.7494,0.9814,0.7834,0.024896,0.0086,0.869642,True,0.0806,0.056052
ACSIncome,geotemporal,0,MLP,ID,0,0.803,0.807333,0.004333,0.807333,0.818393,0.805219,0.804631,0.7998,0.9216,0.8106,0.002702,-0.003267,0.5,True,0.0,10.456062
ACSIncome,geotemporal,0,MLP,MS-2018,1,0.743,0.807333,0.064333,0.807333,0.779923,0.767348,0.766161,0.7126,0.8908,0.7798,0.041172,0.027533,0.970512,True,-0.0926,10.456062
ACSIncome,geotemporal,0,MLP,NY-2018,1,0.7726,0.807333,0.034733,0.807333,0.794352,0.78146,0.78059,0.7498,0.905,0.794,0.026743,0.013333,0.945089,True,0.049,10.456062
ACSIncome,geotemporal,0,MLP,TX-2018,1,0.7874,0.807333,0.019933,0.807333,0.801414,0.788311,0.787653,0.7662,0.8972,0.7862,0.019681,0.021133,0.901809,True,0.0166,10.456062
ACSIncome,geotemporal,0,MLP,WA-2018,1,0.7818,0.807333,0.025533,0.807333,0.79734,0.784157,0.783578,0.7556,0.9084,0.7974,0.023755,0.009933,0.869642,True,0.0806,10.456062
ACSIncome,geotemporal,0,RandForest,ID,0,0.8206,0.807667,-0.012933,0.807667,0.818069,0.802761,0.803224,0.8136,0.9458,0.8088,0.004442,-0.001133,0.5,True,0.0,5.648273
ACSIncome,geotemporal,0,RandForest,MS-2018,1,0.7678,0.807667,0.039867,0.807667,0.783366,0.767407,0.768522,0.7546,0.9346,0.7976,0.039145,0.010067,0.970512,True,-0.0926,5.648273
ACSIncome,geotemporal,0,RandForest,NY-2018,1,0.7732,0.807667,0.034467,0.807667,0.788677,0.772631,0.773833,0.7682,0.9316,0.7946,0.033834,0.013067,0.945089,True,0.049,5.648273
ACSIncome,geotemporal,0,RandForest,TX-2018,1,0.7818,0.807667,0.025867,0.807667,0.79795,0.782162,0.783106,0.7744,0.9342,0.7972,0.024561,0.010467,0.901809,True,0.0166,5.648273
ACSIncome,geotemporal,0,RandForest,WA-2018,1,0.7856,0.807667,0.022067,0.807667,0.792647,0.776777,0.777802,0.7638,0.9306,0.7936,0.029864,0.014067,0.869642,True,0.0806,5.648273
ACSIncome,geotemporal,0,XGBoost,ID,0,0.828,0.815333,-0.012667,0.815333,0.857336,0.81742,0.812332,0.8094,0.9324,0.8064,0.003002,0.008933,0.5,True,0.0,0.91766
ACSIncome,geotemporal,0,XGBoost,MS-2018,1,0.769,0.815333,0.046333,0.815333,0.823591,0.781685,0.778587,0.7462,0.9086,0.7826,0.036746,0.032733,0.970512,True,-0.0926,0.91766
ACSIncome,geotemporal,0,XGBoost,NY-2018,1,0.7762,0.815333,0.039133,0.815333,0.835301,0.793689,0.790297,0.7694,0.9134,0.7874,0.025036,0.027933,0.945089,True,0.049,0.91766
ACSIncome,geotemporal,0,XGBoost,TX-2018,1,0.7854,0.815333,0.029933,0.815333,0.84061,0.799708,0.795606,0.7762,0.9204,0.7944,0.019727,0.020933,0.901809,True,0.0166,0.91766
ACSIncome,geotemporal,0,XGBoost,WA-2018,1,0.7936,0.815333,0.021733,0.815333,0.841573,0.800257,0.796569,0.7822,0.9166,0.7906,0.018764,0.024733,0.869642,True,0.0806,0.91766
ACSIncome,geotemporal,1,CatBoost,ID,0,0.8332,0.822667,-0.010533,0.822667,0.837557,0.823763,0.821472,0.819,0.9426,0.820933,0.001194,0.001733,0.5,True,0.0,2.934299
ACSIncome,geotemporal,1,CatBoost,MS-2018,1,0.7516,0.822667,0.071067,0.822667,0.807498,0.793115,0.791414,0.768,0.9364,0.814733,0.031253,0.007933,0.969844,True,-0.0794,2.934299
ACSIncome,geotemporal,1,CatBoost,NY-2018,1,0.7862,0.822667,0.036467,0.822667,0.815529,0.801425,0.799445,0.7776,0.9386,0.816933,0.023222,0.005733,0.945111,True,0.0576,2.934299
ACSIncome,geotemporal,1,CatBoost,TX-2018,1,0.7986,0.822667,0.024067,0.822667,0.81991,0.805504,0.803825,0.7976,0.9394,0.817733,0.018841,0.004933,0.895639,True,0.0178,2.934299
ACSIncome,geotemporal,1,CatBoost,WA-2018,1,0.8064,0.822667,0.016267,0.822667,0.818998,0.804654,0.802913,0.7912,0.9362,0.814533,0.019753,0.008133,0.862939,True,0.0784,2.934299
ACSIncome,geotemporal,1,LightGBM,ID,0,0.8284,0.823667,-0.004733,0.823667,0.842803,0.824619,0.82333,0.829,0.9424,0.8204,0.000337,0.003267,0.5,True,0.0,1.177166
ACSIncome,geotemporal,1,LightGBM,MS-2018,1,0.7544,0.823667,0.069267,0.823667,0.815443,0.796703,0.79597,0.79,0.9298,0.8078,0.027696,0.015867,0.969844,True,-0.0794,1.177166
ACSIncome,geotemporal,1,LightGBM,NY-2018,1,0.7856,0.823667,0.038067,0.823667,0.824337,0.805715,0.804864,0.7958,0.9322,0.8102,0.018803,0.013467,0.945111,True,0.0576,1.177166
ACSIncome,geotemporal,1,LightGBM,TX-2018,1,0.7964,0.823667,0.027267,0.823667,0.826941,0.807893,0.807468,0.815,0.9342,0.8122,0.016198,0.011467,0.895639,True,0.0178,1.177166
ACSIncome,geotemporal,1,LightGBM,WA-2018,1,0.8064,0.823667,0.017267,0.823667,0.824458,0.805663,0.804985,0.7992,0.9288,0.8068,0.018682,0.016867,0.862939,True,0.0784,1.177166
ACSIncome,geotemporal,1,LogReg,ID,0,0.8004,0.796,-0.0044,0.796,0.79949,0.796156,0.797665,0.8002,0.9904,0.7944,-0.001665,0.0016,0.5,True,0.0,0.056077
ACSIncome,geotemporal,1,LogReg,MS-2018,1,0.7614,0.796,0.0346,0.796,0.771206,0.767872,0.769381,0.7536,0.9928,0.7968,0.026619,-0.0008,0.969844,True,-0.0794,0.056077
ACSIncome,geotemporal,1,LogReg,NY-2018,1,0.7504,0.796,0.0456,0.796,0.777313,0.774009,0.775489,0.7594,0.9904,0.7944,0.020511,0.0016,0.945111,True,0.0576,0.056077
ACSIncome,geotemporal,1,LogReg,TX-2018,1,0.7858,0.796,0.0102,0.796,0.783767,0.780407,0.781942,0.7748,0.9922,0.7962,0.014058,-0.0002,0.895639,True,0.0178,0.056077
ACSIncome,geotemporal,1,LogReg,WA-2018,1,0.77,0.796,0.026,0.796,0.774378,0.771048,0.772553,0.7564,0.9908,0.7948,0.023447,0.0012,0.862939,True,0.0784,0.056077
ACSIncome,geotemporal,1,MLP,ID,0,0.804,0.803333,-0.000667,0.803333,0.820262,0.804892,0.802755,0.8028,0.9086,0.803267,0.000578,6.7e-05,0.5,True,0.0,6.509293
ACSIncome,geotemporal,1,MLP,MS-2018,1,0.746,0.803333,0.057333,0.803333,0.786121,0.770794,0.768614,0.7404,0.9024,0.797067,0.034719,0.006267,0.969844,True,-0.0794,6.509293
ACSIncome,geotemporal,1,MLP,NY-2018,1,0.7686,0.803333,0.034733,0.803333,0.799768,0.784402,0.782261,0.7668,0.9016,0.796267,0.021073,0.007067,0.945111,True,0.0576,6.509293
ACSIncome,geotemporal,1,MLP,TX-2018,1,0.7864,0.803333,0.016933,0.803333,0.802078,0.786463,0.784571,0.7752,0.9074,0.802067,0.018763,0.001267,0.895639,True,0.0178,6.509293
ACSIncome,geotemporal,1,MLP,WA-2018,1,0.7848,0.803333,0.018533,0.803333,0.798539,0.783165,0.781031,0.7652,0.9046,0.799267,0.022302,0.004067,0.862939,True,0.0784,6.509293
ACSIncome,geotemporal,1,RandForest,ID,0,0.8192,0.818333,-0.000867,0.818333,0.818935,0.808309,0.816392,0.8208,0.943,0.812667,0.001942,0.005667,0.5,True,0.0,5.459206
ACSIncome,geotemporal,1,RandForest,MS-2018,1,0.756,0.818333,0.062333,0.818333,0.784705,0.773799,0.782162,0.7606,0.9278,0.797467,0.036172,0.020867,0.969844,True,-0.0794,5.459206
ACSIncome,geotemporal,1,RandForest,NY-2018,1,0.7798,0.818333,0.038533,0.818333,0.792989,0.782139,0.790445,0.774,0.9352,0.804867,0.027888,0.013467,0.945111,True,0.0576,5.459206
ACSIncome,geotemporal,1,RandForest,TX-2018,1,0.7874,0.818333,0.030933,0.818333,0.802497,0.791532,0.799953,0.796,0.9418,0.811467,0.01838,0.006867,0.895639,True,0.0178,5.459206
ACSIncome,geotemporal,1,RandForest,WA-2018,1,0.8,0.818333,0.018333,0.818333,0.796373,0.785513,0.793829,0.7716,0.9398,0.809467,0.024504,0.008867,0.862939,True,0.0784,5.459206
ACSIncome,geotemporal,1,XGBoost,ID,0,0.8252,0.819667,-0.005533,0.819667,0.855399,0.820354,0.817803,0.8214,0.938,0.817,0.001864,0.002667,0.5,True,0.0,1.09969
ACSIncome,geotemporal,1,XGBoost,MS-2018,1,0.7578,0.819667,0.061867,0.819667,0.830505,0.793782,0.792909,0.7788,0.9128,0.7918,0.026758,0.027867,0.969844,True,-0.0794,1.09969
ACSIncome,geotemporal,1,XGBoost,NY-2018,1,0.7816,0.819667,0.038067,0.819667,0.841298,0.805207,0.803702,0.791,0.9246,0.8036,0.015964,0.016067,0.945111,True,0.0576,1.09969
ACSIncome,geotemporal,1,XGBoost,TX-2018,1,0.7966,0.819667,0.023067,0.819667,0.843512,0.806981,0.805916,0.7978,0.9332,0.8122,0.01375,0.007467,0.895639,True,0.0178,1.09969
ACSIncome,geotemporal,1,XGBoost,WA-2018,1,0.8088,0.819667,0.010867,0.819667,0.842113,0.805761,0.804517,0.7942,0.9246,0.8036,0.01515,0.016067,0.862939,True,0.0784,1.09969
ACSIncome,geotemporal,2,CatBoost,ID,0,0.8226,0.816667,-0.005933,0.816667,0.839988,0.825406,0.819943,0.8194,0.9442,0.8172,-0.003276,-0.000533,0.5,True,0.0,3.007625
ACSIncome,geotemporal,2,CatBoost,MS-2018,1,0.7692,0.816667,0.047467,0.816667,0.808052,0.792642,0.788007,0.7626,0.929,0.802,0.02866,0.014667,0.968059,True,-0.0853,3.007625
ACSIncome,geotemporal,2,CatBoost,NY-2018,1,0.7932,0.816667,0.023467,0.816667,0.810534,0.795609,0.79049,0.7616,0.9242,0.7972,0.026177,0.019467,0.949132,True,0.0591,3.007625
ACSIncome,geotemporal,2,CatBoost,TX-2018,1,0.7864,0.816667,0.030267,0.816667,0.816017,0.800791,0.795972,0.7756,0.9238,0.7968,0.020694,0.019867,0.897036,True,0.0257,3.007625
ACSIncome,geotemporal,2,CatBoost,WA-2018,1,0.8022,0.816667,0.014467,0.816667,0.821247,0.805909,0.801203,0.7918,0.9336,0.8066,0.015464,0.010067,0.861713,True,0.0493,3.007625
ACSIncome,geotemporal,2,LightGBM,ID,0,0.82,0.819333,-0.000667,0.819333,0.844889,0.827512,0.823653,0.8318,0.9438,0.824133,-0.004319,-0.0048,0.5,True,0.0,0.762152
ACSIncome,geotemporal,2,LightGBM,MS-2018,1,0.7684,0.819333,0.050933,0.819333,0.816402,0.798239,0.795166,0.7854,0.928,0.808333,0.024168,0.011,0.968059,True,-0.0853,0.762152
ACSIncome,geotemporal,2,LightGBM,NY-2018,1,0.7914,0.819333,0.027933,0.819333,0.819086,0.801041,0.79785,0.789,0.9244,0.804733,0.021483,0.0146,0.949132,True,0.0591,0.762152
ACSIncome,geotemporal,2,LightGBM,TX-2018,1,0.788,0.819333,0.031333,0.819333,0.819757,0.801826,0.79852,0.7898,0.9272,0.807533,0.020813,0.0118,0.897036,True,0.0257,0.762152
ACSIncome,geotemporal,2,LightGBM,WA-2018,1,0.8106,0.819333,0.008733,0.819333,0.827871,0.809755,0.806635,0.8046,0.9356,0.815933,0.012698,0.0034,0.861713,True,0.0493,0.762152
ACSIncome,geotemporal,2,LogReg,ID,0,0.7946,0.789667,-0.004933,0.789667,0.792161,0.787561,0.79327,0.7952,0.9914,0.7884,-0.003603,0.001267,0.5,True,0.0,0.055308
ACSIncome,geotemporal,2,LogReg,MS-2018,1,0.7626,0.789667,0.027067,0.789667,0.765486,0.760891,0.766595,0.7444,0.9902,0.7872,0.023072,0.002467,0.968059,True,-0.0853,0.055308
ACSIncome,geotemporal,2,LogReg,NY-2018,1,0.761,0.789667,0.028667,0.789667,0.769327,0.764777,0.770436,0.7552,0.9904,0.7874,0.019231,0.002267,0.949132,True,0.0591,0.055308
ACSIncome,geotemporal,2,LogReg,TX-2018,1,0.769,0.789667,0.020667,0.789667,0.77379,0.769149,0.774899,0.7658,0.9894,0.7864,0.014768,0.003267,0.897036,True,0.0257,0.055308
ACSIncome,geotemporal,2,LogReg,WA-2018,1,0.7686,0.789667,0.021067,0.789667,0.772092,0.767455,0.773201,0.7628,0.9928,0.7898,0.016466,-0.000133,0.861713,True,0.0493,0.055308
ACSIncome,geotemporal,2,MLP,ID,0,0.8038,0.800667,-0.003133,0.800667,0.815232,0.805504,0.805637,0.8044,0.9606,0.805267,-0.004971,-0.0046,0.5,True,0.0,5.306748
ACSIncome,geotemporal,2,MLP,MS-2018,1,0.7534,0.800667,0.047267,0.800667,0.775928,0.766368,0.766333,0.7246,0.9484,0.793067,0.034333,0.0076,0.968059,True,-0.0853,5.306748
ACSIncome,geotemporal,2,MLP,NY-2018,1,0.7774,0.800667,0.023267,0.800667,0.792416,0.78262,0.782821,0.7676,0.9516,0.796267,0.017845,0.0044,0.949132,True,0.0591,5.306748
ACSIncome,geotemporal,2,MLP,TX-2018,1,0.78,0.800667,0.020667,0.800667,0.792033,0.78221,0.782438,0.7604,0.9492,0.793867,0.018229,0.0068,0.897036,True,0.0257,5.306748
ACSIncome,geotemporal,2,MLP,WA-2018,1,0.7804,0.800667,0.020267,0.800667,0.795225,0.785377,0.78563,0.7712,0.947,0.791667,0.015037,0.009,0.861713,True,0.0493,5.306748
ACSIncome,geotemporal,2,RandForest,ID,0,0.8164,0.808,-0.0084,0.808,0.820781,0.807476,0.813165,0.819,0.9458,0.808133,-0.005165,-0.000133,0.5,True,0.0,4.132364
ACSIncome,geotemporal,2,RandForest,MS-2018,1,0.7646,0.808,0.0434,0.808,0.782824,0.768919,0.775209,0.7608,0.928,0.790333,0.032791,0.017667,0.968059,True,-0.0853,4.132364
ACSIncome,geotemporal,2,RandForest,NY-2018,1,0.777,0.808,0.031,0.808,0.785372,0.771356,0.777757,0.7622,0.935,0.797333,0.030243,0.010667,0.949132,True,0.0591,4.132364
ACSIncome,geotemporal,2,RandForest,TX-2018,1,0.7786,0.808,0.0294,0.808,0.790276,0.776522,0.78266,0.7704,0.927,0.789333,0.02534,0.018667,0.897036,True,0.0257,4.132364
ACSIncome,geotemporal,2,RandForest,WA-2018,1,0.7888,0.808,0.0192,0.808,0.793372,0.7795,0.785757,0.7764,0.9286,0.790933,0.022243,0.017067,0.861713,True,0.0493,4.132364
ACSIncome,geotemporal,2,XGBoost,ID,0,0.823,0.813667,-0.009333,0.813667,0.859984,0.824542,0.818487,0.8258,0.9322,0.813533,-0.00482,0.000133,0.5,True,0.0,0.949741
ACSIncome,geotemporal,2,XGBoost,MS-2018,1,0.7662,0.813667,0.047467,0.813667,0.830673,0.79289,0.789175,0.772,0.9054,0.786733,0.024492,0.026933,0.968059,True,-0.0853,0.949741
ACSIncome,geotemporal,2,XGBoost,NY-2018,1,0.79,0.813667,0.023667,0.813667,0.833456,0.796402,0.791959,0.7762,0.9112,0.792533,0.021708,0.021133,0.949132,True,0.0591,0.949741
ACSIncome,geotemporal,2,XGBoost,TX-2018,1,0.7812,0.813667,0.032467,0.813667,0.835468,0.798519,0.79397,0.7784,0.9192,0.800533,0.019696,0.013133,0.897036,True,0.0257,0.949741
ACSIncome,geotemporal,2,XGBoost,WA-2018,1,0.8032,0.813667,0.010467,0.813667,0.843856,0.806684,0.802358,0.7952,0.9166,0.797933,0.011308,0.015733,0.861713,True,0.0493,0.949741
ACSIncome,geotemporal,3,CatBoost,ID,0,0.822,0.821667,-0.000333,0.821667,0.831089,0.822389,0.818614,0.831,0.9398,0.818133,0.003053,0.003533,0.5,True,0.0,2.847344
ACSIncome,geotemporal,3,CatBoost,MS-2018,1,0.7654,0.821667,0.056267,0.821667,0.808398,0.7995,0.795923,0.7982,0.9316,0.809933,0.025744,0.011733,0.973875,True,-0.0963,2.847344
ACSIncome,geotemporal,3,CatBoost,NY-2018,1,0.795,0.821667,0.026667,0.821667,0.819091,0.810348,0.806617,0.8052,0.9348,0.813133,0.01505,0.008533,0.942829,True,0.0471,2.847344
ACSIncome,geotemporal,3,CatBoost,TX-2018,1,0.7994,0.821667,0.022267,0.821667,0.817878,0.809107,0.805403,0.8046,0.9322,0.810533,0.016264,0.011133,0.903938,True,0.0095,2.847344
ACSIncome,geotemporal,3,CatBoost,WA-2018,1,0.7978,0.821667,0.023867,0.821667,0.81184,0.803016,0.799365,0.7914,0.936,0.814333,0.022301,0.007333,0.868504,True,0.0611,2.847344
ACSIncome,geotemporal,3,LightGBM,ID,0,0.8222,0.826667,0.004467,0.826667,0.837536,0.82392,0.822572,0.826,0.9386,0.815933,0.004095,0.010733,0.5,True,0.0,0.78454
ACSIncome,geotemporal,3,LightGBM,MS-2018,1,0.7612,0.826667,0.065467,0.826667,0.81253,0.798812,0.797565,0.7782,0.921,0.798333,0.029102,0.028333,0.973875,True,-0.0963,0.78454
ACSIncome,geotemporal,3,LightGBM,NY-2018,1,0.7904,0.826667,0.036267,0.826667,0.823261,0.809582,0.808297,0.7946,0.9304,0.807733,0.01837,0.018933,0.942829,True,0.0471,0.78454
ACSIncome,geotemporal,3,LightGBM,TX-2018,1,0.8048,0.826667,0.021867,0.826667,0.824139,0.810417,0.809174,0.7988,0.9314,0.808733,0.017492,0.017933,0.903938,True,0.0095,0.78454
ACSIncome,geotemporal,3,LightGBM,WA-2018,1,0.8004,0.826667,0.026267,0.826667,0.818872,0.805165,0.803907,0.7828,0.9292,0.806533,0.022759,0.020133,0.868504,True,0.0611,0.78454
ACSIncome,geotemporal,3,LogReg,ID,0,0.7906,0.793667,0.003067,0.793667,0.790039,0.790312,0.79137,0.7938,0.985,0.790667,0.002296,0.003,0.5,True,0.0,0.142573
ACSIncome,geotemporal,3,LogReg,MS-2018,1,0.7568,0.793667,0.036867,0.793667,0.766645,0.766918,0.767976,0.753,0.9836,0.789267,0.02569,0.0044,0.973875,True,-0.0963,0.142573
ACSIncome,geotemporal,3,LogReg,NY-2018,1,0.7634,0.793667,0.030267,0.793667,0.775019,0.77529,0.77635,0.773,0.986,0.791667,0.017316,0.002,0.942829,True,0.0471,0.142573
ACSIncome,geotemporal,3,LogReg,TX-2018,1,0.7818,0.793667,0.011867,0.793667,0.781942,0.782215,0.783274,0.7752,0.9848,0.790467,0.010393,0.0032,0.903938,True,0.0095,0.142573
ACSIncome,geotemporal,3,LogReg,WA-2018,1,0.762,0.793667,0.031667,0.793667,0.773311,0.773587,0.774643,0.77,0.982,0.787667,0.019024,0.006,0.868504,True,0.0611,0.142573
ACSIncome,geotemporal,3,MLP,ID,0,0.7936,0.795,0.0014,0.795,0.787607,0.797417,0.794578,0.8034,0.8966,0.7936,0.000422,0.0014,0.5,True,0.0,3.92372
ACSIncome,geotemporal,3,MLP,MS-2018,1,0.7342,0.795,0.0608,0.795,0.765403,0.775217,0.772374,0.7686,0.8778,0.7748,0.022626,0.0202,0.973875,True,-0.0963,3.92372
ACSIncome,geotemporal,3,MLP,NY-2018,1,0.7626,0.795,0.0324,0.795,0.772928,0.782656,0.779899,0.7754,0.8838,0.7808,0.015101,0.0142,0.942829,True,0.0471,3.92372
ACSIncome,geotemporal,3,MLP,TX-2018,1,0.779,0.795,0.016,0.795,0.778974,0.788852,0.785945,0.7904,0.8874,0.7844,0.009055,0.0106,0.903938,True,0.0095,3.92372
ACSIncome,geotemporal,3,MLP,WA-2018,1,0.765,0.795,0.03,0.795,0.772736,0.782659,0.779707,0.7842,0.8834,0.7804,0.015293,0.0146,0.868504,True,0.0611,3.92372
ACSIncome,geotemporal,3,RandForest,ID,0,0.806,0.815667,0.009667,0.815667,0.810951,0.804165,0.810902,0.8266,0.9442,0.819867,0.004765,-0.0042,0.5,True,0.0,4.041783
ACSIncome,geotemporal,3,RandForest,MS-2018,1,0.757,0.815667,0.058667,0.815667,0.781713,0.774633,0.781664,0.785,0.935,0.810667,0.034003,0.005,0.973875,True,-0.0963,4.041783
ACSIncome,geotemporal,3,RandForest,NY-2018,1,0.786,0.815667,0.029667,0.815667,0.791319,0.78436,0.791269,0.801,0.9382,0.813867,0.024397,0.0018,0.942829,True,0.0471,4.041783
ACSIncome,geotemporal,3,RandForest,TX-2018,1,0.796,0.815667,0.019667,0.815667,0.792317,0.785438,0.792268,0.7896,0.9352,0.810867,0.023399,0.0048,0.903938,True,0.0095,4.041783
ACSIncome,geotemporal,3,RandForest,WA-2018,1,0.7794,0.815667,0.036267,0.815667,0.786361,0.779385,0.786312,0.7908,0.933,0.808667,0.029355,0.007,0.868504,True,0.0611,4.041783
ACSIncome,geotemporal,3,XGBoost,ID,0,0.8214,0.819,-0.0024,0.819,0.85057,0.817328,0.815114,0.8172,0.931,0.820333,0.003886,-0.001333,0.5,True,0.0,3.107198
ACSIncome,geotemporal,3,XGBoost,MS-2018,1,0.7626,0.819,0.0564,0.819,0.832228,0.797932,0.796772,0.79,0.9094,0.798733,0.022228,0.020267,0.973875,True,-0.0963,3.107198
ACSIncome,geotemporal,3,XGBoost,NY-2018,1,0.7924,0.819,0.0266,0.819,0.843068,0.809922,0.807612,0.7998,0.921,0.810333,0.011388,0.008667,0.942829,True,0.0471,3.107198
ACSIncome,geotemporal,3,XGBoost,TX-2018,1,0.8018,0.819,0.0172,0.819,0.838427,0.80495,0.802971,0.791,0.9098,0.799133,0.016029,0.019867,0.903938,True,0.0095,3.107198
ACSIncome,geotemporal,3,XGBoost,WA-2018,1,0.7936,0.819,0.0254,0.819,0.837944,0.804065,0.802488,0.7966,0.9156,0.804933,0.016512,0.014067,0.868504,True,0.0611,3.107198
ACSIncome,geotemporal,4,CatBoost,ID,0,0.8302,0.82,-0.0102,0.82,0.831216,0.821707,0.821511,0.8114,0.9324,0.8224,-0.001511,-0.0024,0.5,True,0.0,3.944038
ACSIncome,geotemporal,4,CatBoost,MS-2018,1,0.7552,0.82,0.0648,0.82,0.798647,0.788512,0.788942,0.7586,0.9142,0.8042,0.031058,0.0158,0.969228,True,-0.0794,3.944038
ACSIncome,geotemporal,4,CatBoost,NY-2018,1,0.796,0.82,0.024,0.82,0.811134,0.801025,0.801429,0.7898,0.9222,0.8122,0.018571,0.0078,0.937787,True,0.0526,3.944038
ACSIncome,geotemporal,4,CatBoost,TX-2018,1,0.7888,0.82,0.0312,0.82,0.814017,0.803775,0.804312,0.7924,0.9268,0.8168,0.015688,0.0032,0.901164,True,0.0186,3.944038
ACSIncome,geotemporal,4,CatBoost,WA-2018,1,0.8,0.82,0.02,0.82,0.814666,0.804487,0.804961,0.791,0.926,0.816,0.015039,0.004,0.868689,True,0.076,3.944038
ACSIncome,geotemporal,4,LightGBM,ID,0,0.831,0.820333,-0.010667,0.820333,0.835361,0.818902,0.822292,0.8188,0.9354,0.831733,-0.001958,-0.0114,0.5,True,0.0,0.764233
ACSIncome,geotemporal,4,LightGBM,MS-2018,1,0.7542,0.820333,0.066133,0.820333,0.802513,0.785329,0.789444,0.7628,0.915,0.811333,0.030889,0.009,0.969228,True,-0.0794,0.764233
ACSIncome,geotemporal,4,LightGBM,NY-2018,1,0.7954,0.820333,0.024933,0.820333,0.818112,0.800667,0.805043,0.8026,0.9256,0.821933,0.01529,-0.0016,0.937787,True,0.0526,0.764233
ACSIncome,geotemporal,4,LightGBM,TX-2018,1,0.7906,0.820333,0.029733,0.820333,0.81729,0.799848,0.804221,0.7964,0.9306,0.826933,0.016112,-0.0066,0.901164,True,0.0186,0.764233
ACSIncome,geotemporal,4,LightGBM,WA-2018,1,0.805,0.820333,0.015333,0.820333,0.818429,0.801057,0.80536,0.7966,0.931,0.827333,0.014974,-0.007,0.868689,True,0.076,0.764233
ACSIncome,geotemporal,4,LogReg,ID,0,0.8034,0.794667,-0.008733,0.794667,0.794869,0.787744,0.796794,0.7958,0.9902,0.7912,-0.002128,0.003467,0.5,True,0.0,0.054206
ACSIncome,geotemporal,4,LogReg,MS-2018,1,0.7564,0.794667,0.038267,0.794667,0.769501,0.762286,0.771426,0.7504,0.9906,0.7916,0.02324,0.003067,0.969228,True,-0.0794,0.054206
ACSIncome,geotemporal,4,LogReg,NY-2018,1,0.7708,0.794667,0.023867,0.794667,0.775211,0.767986,0.777136,0.7658,0.9908,0.7918,0.01753,0.002867,0.937787,True,0.0526,0.054206
ACSIncome,geotemporal,4,LogReg,TX-2018,1,0.7836,0.794667,0.011067,0.794667,0.778862,0.771525,0.780788,0.773,0.9914,0.7924,0.013879,0.002267,0.901164,True,0.0186,0.054206
ACSIncome,geotemporal,4,LogReg,WA-2018,1,0.7654,0.794667,0.029267,0.794667,0.775808,0.768485,0.777733,0.7732,0.991,0.792,0.016933,0.002667,0.868689,True,0.076,0.054206
ACSIncome,geotemporal,4,MLP,ID,0,0.8118,0.806667,-0.005133,0.806667,0.802801,0.806367,0.80721,0.7988,0.9478,0.8038,-0.000543,0.002867,0.5,True,0.0,4.453738
ACSIncome,geotemporal,4,MLP,MS-2018,1,0.7434,0.806667,0.063267,0.806667,0.767624,0.771184,0.772033,0.738,0.9458,0.8018,0.034634,0.004867,0.969228,True,-0.0794,4.453738
ACSIncome,geotemporal,4,MLP,NY-2018,1,0.7856,0.806667,0.021067,0.806667,0.782817,0.78642,0.787226,0.767,0.9404,0.7964,0.019441,0.010267,0.937787,True,0.0526,4.453738
ACSIncome,geotemporal,4,MLP,TX-2018,1,0.7854,0.806667,0.021267,0.806667,0.784246,0.787916,0.788655,0.7728,0.9436,0.7996,0.018012,0.007067,0.901164,True,0.0186,4.453738
ACSIncome,geotemporal,4,MLP,WA-2018,1,0.7804,0.806667,0.026267,0.806667,0.783595,0.787216,0.788004,0.7658,0.9512,0.8072,0.018663,-0.000533,0.868689,True,0.076,4.453738
ACSIncome,geotemporal,4,RandForest,ID,0,0.8194,0.807333,-0.012067,0.807333,0.810683,0.806728,0.810361,0.8126,0.9304,0.7974,-0.003028,0.009933,0.5,True,0.0,5.437947
ACSIncome,geotemporal,4,RandForest,MS-2018,1,0.75,0.807333,0.057333,0.807333,0.775396,0.771263,0.775075,0.763,0.9168,0.7838,0.032259,0.023533,0.969228,True,-0.0794,5.437947
ACSIncome,geotemporal,4,RandForest,NY-2018,1,0.7836,0.807333,0.023733,0.807333,0.784361,0.780197,0.78404,0.784,0.931,0.798,0.023293,0.009333,0.937787,True,0.0526,5.437947
ACSIncome,geotemporal,4,RandForest,TX-2018,1,0.7838,0.807333,0.023533,0.807333,0.78932,0.785077,0.788998,0.8008,0.9408,0.8078,0.018335,-0.000467,0.901164,True,0.0186,5.437947
ACSIncome,geotemporal,4,RandForest,WA-2018,1,0.7938,0.807333,0.013533,0.807333,0.79006,0.785851,0.789739,0.7922,0.933,0.8,0.017594,0.007333,0.868689,True,0.076,5.437947
ACSIncome,geotemporal,4,XGBoost,ID,0,0.8222,0.808,-0.0142,0.808,0.849926,0.816061,0.810562,0.8114,0.9256,0.8036,-0.002562,0.0044,0.5,True,0.0,0.976376
ACSIncome,geotemporal,4,XGBoost,MS-2018,1,0.7408,0.808,0.0672,0.808,0.823499,0.787323,0.784135,0.7708,0.9118,0.7898,0.023865,0.0182,0.969228,True,-0.0794,0.976376
ACSIncome,geotemporal,4,XGBoost,NY-2018,1,0.7926,0.808,0.0154,0.808,0.830769,0.794742,0.791406,0.784,0.9148,0.7928,0.016594,0.0152,0.937787,True,0.0526,0.976376
ACSIncome,geotemporal,4,XGBoost,TX-2018,1,0.7846,0.808,0.0234,0.808,0.833006,0.797291,0.793642,0.7786,0.923,0.801,0.014358,0.007,0.901164,True,0.0186,0.976376
ACSIncome,geotemporal,4,XGBoost,WA-2018,1,0.798,0.808,0.01,0.808,0.83574,0.799403,0.796377,0.792,0.9284,0.8064,0.011623,0.0016,0.868689,True,0.076,0.976376
ACSIncome,temporal,0,CatBoost,ID,0,0.8314,0.823333,-0.008067,0.823333,0.837459,0.82283,0.819468,0.8176,0.9498,0.827133,0.003866,-0.0038,0.5,True,0.0,2.765245
ACSIncome,temporal,0,CatBoost,CA-2015,1,0.8246,0.823333,-0.001267,0.823333,0.838959,0.824455,0.820968,0.8146,0.9442,0.821533,0.002366,0.0018,0.499772,True,0.016,2.765245
ACSIncome,temporal,0,CatBoost,CA-2016,1,0.8196,0.823333,0.003733,0.823333,0.836334,0.821714,0.818342,0.81,0.9446,0.821933,0.004992,0.0014,0.495236,True,0.0216,2.765245
ACSIncome,temporal,0,CatBoost,CA-2017,1,0.817,0.823333,0.006333,0.823333,0.83701,0.822398,0.819019,0.8186,0.9462,0.823533,0.004315,-0.0002,0.508976,True,0.042,2.765245
ACSIncome,temporal,0,CatBoost,CA-2018,1,0.818,0.823333,0.005333,0.823333,0.836965,0.822285,0.818974,0.811,0.943,0.820333,0.00436,0.003,0.630702,True,0.054,2.765245
ACSIncome,temporal,0,LightGBM,ID,0,0.8244,0.819667,-0.004733,0.819667,0.844355,0.823651,0.81717,0.814,0.9386,0.811933,0.002497,0.007733,0.5,True,0.0,0.757546
ACSIncome,temporal,0,LightGBM,CA-2015,1,0.8252,0.819667,-0.005533,0.819667,0.844414,0.823857,0.817229,0.812,0.941,0.814333,0.002438,0.005333,0.499772,True,0.016,0.757546
ACSIncome,temporal,0,LightGBM,CA-2016,1,0.8202,0.819667,-0.000533,0.819667,0.842781,0.822003,0.815596,0.8074,0.942,0.815333,0.004071,0.004333,0.495236,True,0.0216,0.757546
ACSIncome,temporal,0,LightGBM,CA-2017,1,0.8154,0.819667,0.004267,0.819667,0.843783,0.823247,0.816598,0.8104,0.9444,0.817733,0.003068,0.001933,0.508976,True,0.042,0.757546
ACSIncome,temporal,0,LightGBM,CA-2018,1,0.8152,0.819667,0.004467,0.819667,0.842105,0.8213,0.81492,0.8114,0.9412,0.814533,0.004747,0.005133,0.630702,True,0.054,0.757546
ACSIncome,temporal,0,LogReg,ID,0,0.8042,0.792,-0.0122,0.792,0.791551,0.787719,0.789437,0.7804,0.9808,0.7878,0.002563,0.0042,0.5,True,0.0,0.055442
ACSIncome,temporal,0,LogReg,CA-2015,1,0.7948,0.792,-0.0028,0.792,0.793725,0.789827,0.791611,0.7926,0.9838,0.7908,0.000389,0.0012,0.499772,True,0.016,0.055442
ACSIncome,temporal,0,LogReg,CA-2016,1,0.7782,0.792,0.0138,0.792,0.790143,0.786292,0.788029,0.7812,0.9818,0.7888,0.003971,0.0032,0.495236,True,0.0216,0.055442
ACSIncome,temporal,0,LogReg,CA-2017,1,0.786,0.792,0.006,0.792,0.790609,0.786784,0.788495,0.7778,0.9804,0.7874,0.003505,0.0046,0.508976,True,0.042,0.055442
ACSIncome,temporal,0,LogReg,CA-2018,1,0.7776,0.792,0.0144,0.792,0.789138,0.785265,0.787024,0.7786,0.9832,0.7902,0.004976,0.0018,0.630702,True,0.054,0.055442
ACSIncome,temporal,0,MLP,ID,0,0.803,0.807333,0.004333,0.807333,0.818393,0.805219,0.804631,0.7998,0.9466,0.8106,0.002702,-0.003267,0.5,True,0.0,7.84095
ACSIncome,temporal,0,MLP,CA-2015,1,0.8114,0.807333,-0.004067,0.807333,0.817356,0.804297,0.803594,0.8008,0.944,0.808,0.003739,-0.000667,0.499772,True,0.016,7.84095
ACSIncome,temporal,0,MLP,CA-2016,1,0.791,0.807333,0.016333,0.807333,0.814498,0.801445,0.800737,0.7862,0.9408,0.8048,0.006597,0.002533,0.495236,True,0.0216,7.84095
ACSIncome,temporal,0,MLP,CA-2017,1,0.8006,0.807333,0.006733,0.807333,0.814902,0.801853,0.80114,0.7966,0.9396,0.8036,0.006193,0.003733,0.508976,True,0.042,7.84095
ACSIncome,temporal,0,MLP,CA-2018,1,0.7966,0.807333,0.010733,0.807333,0.815157,0.801973,0.801396,0.7918,0.9396,0.8036,0.005938,0.003733,0.630702,True,0.054,7.84095
ACSIncome,temporal,0,RandForest,ID,0,0.8206,0.807667,-0.012933,0.807667,0.818069,0.802761,0.803224,0.8136,0.946,0.806667,0.004442,0.001,0.5,True,0.0,4.279485
ACSIncome,temporal,0,RandForest,CA-2015,1,0.8176,0.807667,-0.009933,0.807667,0.818479,0.803336,0.803635,0.8058,0.9414,0.802067,0.004032,0.0056,0.499772,True,0.016,4.279485
ACSIncome,temporal,0,RandForest,CA-2016,1,0.8092,0.807667,-0.001533,0.807667,0.816363,0.800981,0.801519,0.8096,0.9432,0.803867,0.006148,0.0038,0.495236,True,0.0216,4.279485
ACSIncome,temporal,0,RandForest,CA-2017,1,0.8036,0.807667,0.004067,0.807667,0.817577,0.80256,0.802732,0.805,0.9412,0.801867,0.004934,0.0058,0.508976,True,0.042,4.279485
ACSIncome,temporal,0,RandForest,CA-2018,1,0.8054,0.807667,0.002267,0.807667,0.815372,0.800047,0.800527,0.807,0.9414,0.802067,0.00714,0.0056,0.630702,True,0.054,4.279485
ACSIncome,temporal,0,XGBoost,ID,0,0.828,0.815333,-0.012667,0.815333,0.857336,0.81742,0.812332,0.8094,0.9404,0.822733,0.003002,-0.0074,0.5,True,0.0,0.955304
ACSIncome,temporal,0,XGBoost,CA-2015,1,0.8212,0.815333,-0.005867,0.815333,0.857267,0.817952,0.812263,0.8086,0.9284,0.810733,0.00307,0.0046,0.499772,True,0.016,0.955304
ACSIncome,temporal,0,XGBoost,CA-2016,1,0.8112,0.815333,0.004133,0.815333,0.855953,0.816107,0.810949,0.8116,0.9288,0.811133,0.004384,0.0042,0.495236,True,0.0216,0.955304
ACSIncome,temporal,0,XGBoost,CA-2017,1,0.8126,0.815333,0.002733,0.815333,0.858552,0.818979,0.813548,0.8098,0.936,0.818333,0.001785,-0.003,0.508976,True,0.042,0.955304
ACSIncome,temporal,0,XGBoost,CA-2018,1,0.817,0.815333,-0.001667,0.815333,0.854799,0.814987,0.809795,0.8056,0.9296,0.811933,0.005538,0.0034,0.630702,True,0.054,0.955304
ACSIncome,temporal,1,CatBoost,ID,0,0.8332,0.822667,-0.010533,0.822667,0.837557,0.823763,0.821472,0.819,0.9416,0.825933,0.001194,-0.003267,0.5,True,0.0,2.810699
ACSIncome,temporal,1,CatBoost,CA-2015,1,0.8084,0.822667,0.014267,0.822667,0.837774,0.823842,0.821689,0.822,0.939,0.823333,0.000977,-0.000667,0.500361,True,0.0104,2.810699
ACSIncome,temporal,1,CatBoost,CA-2016,1,0.8218,0.822667,0.000867,0.822667,0.838114,0.824436,0.822029,0.8192,0.94,0.824333,0.000638,-0.001667,0.503755,True,0.0174,2.810699
ACSIncome,temporal,1,CatBoost,CA-2017,1,0.8148,0.822667,0.007867,0.822667,0.836719,0.822863,0.820634,0.8228,0.9372,0.821533,0.002032,0.001133,0.517193,True,0.035,2.810699
ACSIncome,temporal,1,CatBoost,CA-2018,1,0.7988,0.822667,0.023867,0.822667,0.831906,0.818051,0.815821,0.812,0.9356,0.819933,0.006845,0.002733,0.645695,True,0.048,2.810699
ACSIncome,temporal,1,LightGBM,ID,0,0.8284,0.823667,-0.004733,0.823667,0.842803,0.824619,0.82333,0.829,0.9438,0.829467,0.000337,-0.0058,0.5,True,0.0,0.740417
ACSIncome,temporal,1,LightGBM,CA-2015,1,0.8104,0.823667,0.013267,0.823667,0.842074,0.823924,0.822601,0.8262,0.9386,0.824267,0.001066,-0.0006,0.500361,True,0.0104,0.740417
ACSIncome,temporal,1,LightGBM,CA-2016,1,0.8194,0.823667,0.004267,0.823667,0.842274,0.824509,0.822801,0.8156,0.9386,0.824267,0.000866,-0.0006,0.503755,True,0.0174,0.740417
ACSIncome,temporal,1,LightGBM,CA-2017,1,0.8176,0.823667,0.006067,0.823667,0.840304,0.822295,0.820831,0.821,0.9358,0.821467,0.002836,0.0022,0.517193,True,0.035,0.740417
ACSIncome,temporal,1,LightGBM,CA-2018,1,0.797,0.823667,0.026667,0.823667,0.836838,0.818784,0.817365,0.8132,0.9366,0.822267,0.006302,0.0014,0.645695,True,0.048,0.740417
ACSIncome,temporal,1,LogReg,ID,0,0.8004,0.796,-0.0044,0.796,0.79949,0.796156,0.797665,0.8002,0.987,0.792333,-0.001665,0.003667,0.5,True,0.0,0.093505
ACSIncome,temporal,1,LogReg,CA-2015,1,0.7872,0.796,0.0088,0.796,0.796263,0.792928,0.794439,0.7932,0.993,0.798333,0.001561,-0.002333,0.500361,True,0.0104,0.093505
ACSIncome,temporal,1,LogReg,CA-2016,1,0.7942,0.796,0.0018,0.796,0.79459,0.791333,0.792765,0.7832,0.9868,0.792133,0.003235,0.003867,0.503755,True,0.0174,0.093505
ACSIncome,temporal,1,LogReg,CA-2017,1,0.789,0.796,0.007,0.796,0.795429,0.79211,0.793605,0.796,0.9884,0.793733,0.002395,0.002267,0.517193,True,0.035,0.093505
ACSIncome,temporal,1,LogReg,CA-2018,1,0.7746,0.796,0.0214,0.796,0.79281,0.78949,0.790985,0.7854,0.99,0.795333,0.005015,0.000667,0.645695,True,0.048,0.093505
ACSIncome,temporal,1,MLP,ID,0,0.804,0.803333,-0.000667,0.803333,0.820262,0.804892,0.802755,0.8028,0.9204,0.803067,0.000578,0.000267,0.5,True,0.0,9.976524
ACSIncome,temporal,1,MLP,CA-2015,1,0.7934,0.803333,0.009933,0.803333,0.81798,0.802586,0.800473,0.8002,0.9094,0.792067,0.002861,0.011267,0.500361,True,0.0104,9.976524
ACSIncome,temporal,1,MLP,CA-2016,1,0.802,0.803333,0.001333,0.803333,0.818176,0.803016,0.800669,0.798,0.9164,0.799067,0.002664,0.004267,0.503755,True,0.0174,9.976524
ACSIncome,temporal,1,MLP,CA-2017,1,0.8034,0.803333,-6.7e-05,0.803333,0.817959,0.802668,0.800451,0.799,0.9066,0.789267,0.002882,0.014067,0.517193,True,0.035,9.976524
ACSIncome,temporal,1,MLP,CA-2018,1,0.787,0.803333,0.016333,0.803333,0.815196,0.79983,0.797689,0.7932,0.9114,0.794067,0.005645,0.009267,0.645695,True,0.048,9.976524
ACSIncome,temporal,1,RandForest,ID,0,0.8192,0.818333,-0.000867,0.818333,0.818935,0.808309,0.816392,0.8208,0.946,0.816667,0.001942,0.001667,0.5,True,0.0,5.35987
ACSIncome,temporal,1,RandForest,CA-2015,1,0.8046,0.818333,0.013733,0.818333,0.819666,0.80906,0.817122,0.816,0.9458,0.816467,0.001211,0.001867,0.500361,True,0.0104,5.35987
ACSIncome,temporal,1,RandForest,CA-2016,1,0.811,0.818333,0.007333,0.818333,0.819613,0.809113,0.817069,0.8136,0.9426,0.813267,0.001264,0.005067,0.503755,True,0.0174,5.35987
ACSIncome,temporal,1,RandForest,CA-2017,1,0.802,0.818333,0.016333,0.818333,0.816395,0.805973,0.813851,0.8088,0.9446,0.815267,0.004482,0.003067,0.517193,True,0.035,5.35987
ACSIncome,temporal,1,RandForest,CA-2018,1,0.7912,0.818333,0.027133,0.818333,0.812606,0.801961,0.810062,0.8038,0.9438,0.814467,0.008271,0.003867,0.645695,True,0.048,5.35987
ACSIncome,temporal,1,XGBoost,ID,0,0.8252,0.819667,-0.005533,0.819667,0.855399,0.820354,0.817803,0.8214,0.9308,0.814133,0.001864,0.005533,0.5,True,0.0,0.916928
ACSIncome,temporal,1,XGBoost,CA-2015,1,0.8144,0.819667,0.005267,0.819667,0.854472,0.819611,0.816876,0.811,0.933,0.816333,0.002791,0.003333,0.500361,True,0.0104,0.916928
ACSIncome,temporal,1,XGBoost,CA-2016,1,0.8164,0.819667,0.003267,0.819667,0.857104,0.822617,0.819508,0.8186,0.9324,0.815733,0.000159,0.003933,0.503755,True,0.0174,0.916928
ACSIncome,temporal,1,XGBoost,CA-2017,1,0.8136,0.819667,0.006067,0.819667,0.852191,0.817563,0.814595,0.8094,0.9292,0.812533,0.005072,0.007133,0.517193,True,0.035,0.916928
ACSIncome,temporal,1,XGBoost,CA-2018,1,0.7948,0.819667,0.024867,0.819667,0.849149,0.814444,0.811553,0.8054,0.929,0.812333,0.008114,0.007333,0.645695,True,0.048,0.916928
ACSIncome,temporal,2,CatBoost,ID,0,0.8226,0.816667,-0.005933,0.816667,0.839988,0.825406,0.819943,0.8194,0.9486,0.8206,-0.003276,-0.003933,0.5,True,0.0,3.234601
ACSIncome,temporal,2,CatBoost,CA-2015,1,0.8146,0.816667,0.002067,0.816667,0.837152,0.822598,0.817107,0.813,0.9432,0.8152,-0.000441,0.001467,0.505957,True,0.0135,3.234601
ACSIncome,temporal,2,CatBoost,CA-2016,1,0.8162,0.816667,0.000467,0.816667,0.835791,0.821082,0.815747,0.814,0.941,0.813,0.00092,0.003667,0.495574,True,0.0321,3.234601
ACSIncome,temporal,2,CatBoost,CA-2017,1,0.8146,0.816667,0.002067,0.816667,0.833977,0.819262,0.813932,0.8066,0.9418,0.8138,0.002735,0.002867,0.511084,True,0.0425,3.234601
ACSIncome,temporal,2,CatBoost,CA-2018,1,0.8068,0.816667,0.009867,0.816667,0.835404,0.820552,0.81536,0.8156,0.9434,0.8154,0.001307,0.001267,0.625385,True,0.0493,3.234601
ACSIncome,temporal,2,LightGBM,ID,0,0.82,0.819333,-0.000667,0.819333,0.844889,0.827512,0.823653,0.8318,0.9466,0.8216,-0.004319,-0.002267,0.5,True,0.0,0.903201
ACSIncome,temporal,2,LightGBM,CA-2015,1,0.8142,0.819333,0.005133,0.819333,0.840819,0.823445,0.819583,0.8224,0.944,0.819,-0.00025,0.000333,0.505957,True,0.0135,0.903201
ACSIncome,temporal,2,LightGBM,CA-2016,1,0.8178,0.819333,0.001533,0.819333,0.839826,0.822338,0.81859,0.8232,0.943,0.818,0.000743,0.001333,0.495574,True,0.0321,0.903201
ACSIncome,temporal,2,LightGBM,CA-2017,1,0.8154,0.819333,0.003933,0.819333,0.838608,0.821156,0.817372,0.8178,0.9404,0.8154,0.001961,0.003933,0.511084,True,0.0425,0.903201
ACSIncome,temporal,2,LightGBM,CA-2018,1,0.812,0.819333,0.007333,0.819333,0.839172,0.821616,0.817936,0.819,0.941,0.816,0.001397,0.003333,0.625385,True,0.0493,0.903201
ACSIncome,temporal,2,LogReg,ID,0,0.7946,0.789667,-0.004933,0.789667,0.792161,0.787561,0.79327,0.7952,0.9896,0.793933,-0.003603,-0.004267,0.5,True,0.0,0.052973
ACSIncome,temporal,2,LogReg,CA-2015,1,0.7924,0.789667,-0.002733,0.789667,0.791609,0.78702,0.792718,0.7918,0.9908,0.795133,-0.003051,-0.005467,0.505957,True,0.0135,0.052973
ACSIncome,temporal,2,LogReg,CA-2016,1,0.7886,0.789667,0.001067,0.789667,0.789235,0.784694,0.790343,0.789,0.9886,0.792933,-0.000677,-0.003267,0.495574,True,0.0321,0.052973
ACSIncome,temporal,2,LogReg,CA-2017,1,0.7844,0.789667,0.005267,0.789667,0.782809,0.778254,0.783917,0.7742,0.9896,0.793933,0.005749,-0.004267,0.511084,True,0.0425,0.052973
ACSIncome,temporal,2,LogReg,CA-2018,1,0.7848,0.789667,0.004867,0.789667,0.78841,0.783829,0.789519,0.785,0.989,0.793333,0.000148,-0.003667,0.625385,True,0.0493,0.052973
ACSIncome,temporal,2,MLP,ID,0,0.8038,0.800667,-0.003133,0.800667,0.815232,0.805504,0.805637,0.8044,0.9426,0.800933,-0.004971,-0.000267,0.5,True,0.0,5.14776
ACSIncome,temporal,2,MLP,CA-2015,1,0.7982,0.800667,0.002467,0.800667,0.813879,0.804175,0.804284,0.8042,0.9372,0.795533,-0.003618,0.005133,0.505957,True,0.0135,5.14776
ACSIncome,temporal,2,MLP,CA-2016,1,0.8008,0.800667,-0.000133,0.800667,0.811108,0.801362,0.801513,0.7968,0.9458,0.804133,-0.000846,-0.003467,0.495574,True,0.0321,5.14776
ACSIncome,temporal,2,MLP,CA-2017,1,0.794,0.800667,0.006667,0.800667,0.807036,0.797258,0.797441,0.7968,0.9416,0.799933,0.003226,0.000733,0.511084,True,0.0425,5.14776
ACSIncome,temporal,2,MLP,CA-2018,1,0.7966,0.800667,0.004067,0.800667,0.80968,0.799923,0.800085,0.7944,0.9414,0.799733,0.000582,0.000933,0.625385,True,0.0493,5.14776
ACSIncome,temporal,2,RandForest,ID,0,0.8164,0.808,-0.0084,0.808,0.820781,0.807476,0.813165,0.819,0.9472,0.813867,-0.005165,-0.005867,0.5,True,0.0,5.6241
ACSIncome,temporal,2,RandForest,CA-2015,1,0.8092,0.808,-0.0012,0.808,0.815001,0.801924,0.807385,0.7998,0.9446,0.811267,0.000615,-0.003267,0.505957,True,0.0135,5.6241
ACSIncome,temporal,2,RandForest,CA-2016,1,0.812,0.808,-0.004,0.808,0.813204,0.799965,0.805588,0.8032,0.9448,0.811467,0.002412,-0.003467,0.495574,True,0.0321,5.6241
ACSIncome,temporal,2,RandForest,CA-2017,1,0.806,0.808,0.002,0.808,0.812295,0.79904,0.804679,0.7992,0.9382,0.804867,0.003321,0.003133,0.511084,True,0.0425,5.6241
ACSIncome,temporal,2,RandForest,CA-2018,1,0.798,0.808,0.01,0.808,0.811385,0.798009,0.803769,0.7994,0.94,0.806667,0.004231,0.001333,0.625385,True,0.0493,5.6241
ACSIncome,temporal,2,XGBoost,ID,0,0.823,0.813667,-0.009333,0.813667,0.859984,0.824542,0.818487,0.8258,0.9318,0.806133,-0.00482,0.007533,0.5,True,0.0,0.905039
ACSIncome,temporal,2,XGBoost,CA-2015,1,0.8146,0.813667,-0.000933,0.813667,0.854746,0.819325,0.813248,0.8108,0.9408,0.815133,0.000418,-0.001467,0.505957,True,0.0135,0.905039
ACSIncome,temporal,2,XGBoost,CA-2016,1,0.809,0.813667,0.004667,0.813667,0.853465,0.817998,0.811968,0.8058,0.9332,0.807533,0.001699,0.006133,0.495574,True,0.0321,0.905039
ACSIncome,temporal,2,XGBoost,CA-2017,1,0.8092,0.813667,0.004467,0.813667,0.853275,0.817581,0.811778,0.8092,0.9342,0.808533,0.001889,0.005133,0.511084,True,0.0425,0.905039
ACSIncome,temporal,2,XGBoost,CA-2018,1,0.805,0.813667,0.008667,0.813667,0.854609,0.818319,0.813112,0.8156,0.9302,0.804533,0.000555,0.009133,0.625385,True,0.0493,0.905039
ACSIncome,temporal,3,CatBoost,ID,0,0.822,0.821667,-0.000333,0.821667,0.831089,0.822389,0.818614,0.831,0.9392,0.816867,0.003053,0.0048,0.5,True,0.0,2.837234
ACSIncome,temporal,3,CatBoost,CA-2015,1,0.8112,0.821667,0.010467,0.821667,0.831665,0.823008,0.81919,0.8284,0.9392,0.816867,0.002477,0.0048,0.485856,True,0.0031,2.837234
ACSIncome,temporal,3,CatBoost,CA-2016,1,0.8092,0.821667,0.012467,0.821667,0.831984,0.823351,0.819509,0.8298,0.9374,0.815067,0.002158,0.0066,0.500703,True,0.0251,2.837234
ACSIncome,temporal,3,CatBoost,CA-2017,1,0.8208,0.821667,0.000867,0.821667,0.831057,0.822348,0.818582,0.8302,0.943,0.820667,0.003085,0.001,0.523759,True,0.0355,2.837234
ACSIncome,temporal,3,CatBoost,CA-2018,1,0.7998,0.821667,0.021867,0.821667,0.828808,0.819977,0.816333,0.8334,0.9332,0.810867,0.005334,0.0108,0.648605,True,0.0545,2.837234
ACSIncome,temporal,3,LightGBM,ID,0,0.8222,0.826667,0.004467,0.826667,0.837536,0.82392,0.822572,0.826,0.9408,0.833133,0.004095,-0.006467,0.5,True,0.0,0.759459
ACSIncome,temporal,3,LightGBM,CA-2015,1,0.809,0.826667,0.017667,0.826667,0.837267,0.823654,0.822302,0.82,0.9402,0.832533,0.004365,-0.005867,0.485856,True,0.0031,0.759459
ACSIncome,temporal,3,LightGBM,CA-2016,1,0.8074,0.826667,0.019267,0.826667,0.836874,0.823246,0.821909,0.8248,0.9372,0.829533,0.004758,-0.002867,0.500703,True,0.0251,0.759459
ACSIncome,temporal,3,LightGBM,CA-2017,1,0.8164,0.826667,0.010267,0.826667,0.835745,0.822235,0.82078,0.8196,0.936,0.828333,0.005886,-0.001667,0.523759,True,0.0355,0.759459
ACSIncome,temporal,3,LightGBM,CA-2018,1,0.7984,0.826667,0.028267,0.826667,0.83508,0.821297,0.820116,0.816,0.9338,0.826133,0.006551,0.000533,0.648605,True,0.0545,0.759459
ACSIncome,temporal,3,LogReg,ID,0,0.7906,0.793667,0.003067,0.793667,0.790039,0.790312,0.79137,0.7938,0.987,0.798667,0.002296,-0.005,0.5,True,0.0,0.050215
ACSIncome,temporal,3,LogReg,CA-2015,1,0.7852,0.793667,0.008467,0.793667,0.791369,0.791642,0.792701,0.7964,0.987,0.798667,0.000966,-0.005,0.485856,True,0.0031,0.050215
ACSIncome,temporal,3,LogReg,CA-2016,1,0.7862,0.793667,0.007467,0.793667,0.792896,0.793166,0.794228,0.7974,0.9852,0.796867,-0.000561,-0.0032,0.500703,True,0.0251,0.050215
ACSIncome,temporal,3,LogReg,CA-2017,1,0.7912,0.793667,0.002467,0.793667,0.788914,0.789187,0.790246,0.7926,0.9836,0.795267,0.003421,-0.0016,0.523759,True,0.0355,0.050215
ACSIncome,temporal,3,LogReg,CA-2018,1,0.7724,0.793667,0.021267,0.793667,0.78577,0.786042,0.787101,0.7876,0.9838,0.795467,0.006566,-0.0018,0.648605,True,0.0545,0.050215
ACSIncome,temporal,3,MLP,ID,0,0.7936,0.795,0.0014,0.795,0.787607,0.797417,0.794578,0.8034,0.8808,0.794467,0.000422,0.000533,0.5,True,0.0,7.716172
ACSIncome,temporal,3,MLP,CA-2015,1,0.7888,0.795,0.0062,0.795,0.789272,0.799094,0.796244,0.806,0.8672,0.780867,-0.001244,0.014133,0.485856,True,0.0031,7.716172
ACSIncome,temporal,3,MLP,CA-2016,1,0.7844,0.795,0.0106,0.795,0.790609,0.80038,0.79758,0.8044,0.8712,0.784867,-0.00258,0.010133,0.500703,True,0.0251,7.716172
ACSIncome,temporal,3,MLP,CA-2017,1,0.7938,0.795,0.0012,0.795,0.787504,0.797264,0.794475,0.7966,0.8778,0.791467,0.000525,0.003533,0.523759,True,0.0355,7.716172
ACSIncome,temporal,3,MLP,CA-2018,1,0.7736,0.795,0.0214,0.795,0.785464,0.795224,0.792435,0.7954,0.8656,0.779267,0.002565,0.015733,0.648605,True,0.0545,7.716172
ACSIncome,temporal,3,RandForest,ID,0,0.806,0.815667,0.009667,0.815667,0.810951,0.804165,0.810902,0.8266,0.948,0.823,0.004765,-0.007333,0.5,True,0.0,4.21231
ACSIncome,temporal,3,RandForest,CA-2015,1,0.7996,0.815667,0.016067,0.815667,0.811491,0.804735,0.811441,0.8252,0.9376,0.8126,0.004225,0.003067,0.485856,True,0.0031,4.21231
ACSIncome,temporal,3,RandForest,CA-2016,1,0.7974,0.815667,0.018267,0.815667,0.813682,0.806895,0.813633,0.8312,0.9464,0.8214,0.002034,-0.005733,0.500703,True,0.0251,4.21231
ACSIncome,temporal,3,RandForest,CA-2017,1,0.8048,0.815667,0.010867,0.815667,0.811202,0.804404,0.811153,0.8242,0.9408,0.8158,0.004514,-0.000133,0.523759,True,0.0355,4.21231
ACSIncome,temporal,3,RandForest,CA-2018,1,0.7878,0.815667,0.027867,0.815667,0.807099,0.800278,0.807049,0.8192,0.9388,0.8138,0.008617,0.001867,0.648605,True,0.0545,4.21231
ACSIncome,temporal,3,XGBoost,ID,0,0.8214,0.819,-0.0024,0.819,0.85057,0.817328,0.815114,0.8172,0.9292,0.818533,0.003886,0.000467,0.5,True,0.0,0.980339
ACSIncome,temporal,3,XGBoost,CA-2015,1,0.8138,0.819,0.0052,0.819,0.851388,0.817935,0.815933,0.8164,0.9256,0.814933,0.003067,0.004067,0.485856,True,0.0031,0.980339
ACSIncome,temporal,3,XGBoost,CA-2016,1,0.8114,0.819,0.0076,0.819,0.851751,0.818277,0.816295,0.822,0.9316,0.820933,0.002705,-0.001933,0.500703,True,0.0251,0.980339
ACSIncome,temporal,3,XGBoost,CA-2017,1,0.818,0.819,0.001,0.819,0.849853,0.816497,0.814397,0.816,0.9264,0.815733,0.004603,0.003267,0.523759,True,0.0355,0.980339
ACSIncome,temporal,3,XGBoost,CA-2018,1,0.7954,0.819,0.0236,0.819,0.847615,0.813737,0.812159,0.8152,0.924,0.813333,0.006841,0.005667,0.648605,True,0.0545,0.980339
ACSIncome,temporal,4,CatBoost,ID,0,0.8302,0.82,-0.0102,0.82,0.831216,0.821707,0.821511,0.8114,0.94,0.819667,-0.001511,0.000333,0.5,True,0.0,2.785807
ACSIncome,temporal,4,CatBoost,CA-2015,1,0.8268,0.82,-0.0068,0.82,0.828838,0.819171,0.819133,0.8094,0.936,0.815667,0.000867,0.004333,0.500281,True,0.0158,2.785807
ACSIncome,temporal,4,CatBoost,CA-2016,1,0.8138,0.82,0.0062,0.82,0.828578,0.818815,0.818873,0.8092,0.9358,0.815467,0.001127,0.004533,0.514697,True,0.035,2.785807
ACSIncome,temporal,4,CatBoost,CA-2017,1,0.8074,0.82,0.0126,0.82,0.82628,0.816319,0.816575,0.8134,0.9388,0.818467,0.003425,0.001533,0.527715,True,0.0552,2.785807
ACSIncome,temporal,4,CatBoost,CA-2018,1,0.809,0.82,0.011,0.82,0.829272,0.819479,0.819567,0.8148,0.935,0.814667,0.000433,0.005333,0.634612,True,0.045,2.785807
ACSIncome,temporal,4,LightGBM,ID,0,0.831,0.820333,-0.010667,0.820333,0.835361,0.818902,0.822292,0.8188,0.9408,0.8248,-0.001958,-0.004467,0.5,True,0.0,0.773434
ACSIncome,temporal,4,LightGBM,CA-2015,1,0.8258,0.820333,-0.005467,0.820333,0.833494,0.816828,0.820424,0.8176,0.939,0.823,-9.1e-05,-0.002667,0.500281,True,0.0158,0.773434
ACSIncome,temporal,4,LightGBM,CA-2016,1,0.8112,0.820333,0.009133,0.820333,0.833558,0.816806,0.820489,0.8206,0.9344,0.8184,-0.000156,0.001933,0.514697,True,0.035,0.773434
ACSIncome,temporal,4,LightGBM,CA-2017,1,0.8112,0.820333,0.009133,0.820333,0.829363,0.812271,0.816293,0.8168,0.9352,0.8192,0.00404,0.001133,0.527715,True,0.0552,0.773434
ACSIncome,temporal,4,LightGBM,CA-2018,1,0.8118,0.820333,0.008533,0.820333,0.832432,0.815664,0.819362,0.8172,0.9426,0.8266,0.000971,-0.006267,0.634612,True,0.045,0.773434
ACSIncome,temporal,4,LogReg,ID,0,0.8034,0.794667,-0.008733,0.794667,0.794869,0.787744,0.796794,0.7958,0.9884,0.796067,-0.002128,-0.0014,0.5,True,0.0,0.138875
ACSIncome,temporal,4,LogReg,CA-2015,1,0.7946,0.794667,6.7e-05,0.794667,0.793456,0.786205,0.795382,0.8002,0.9892,0.796867,-0.000715,-0.0022,0.500281,True,0.0158,0.138875
ACSIncome,temporal,4,LogReg,CA-2016,1,0.7864,0.794667,0.008267,0.794667,0.791812,0.784588,0.793737,0.7922,0.9892,0.796867,0.00093,-0.0022,0.514697,True,0.035,0.138875
ACSIncome,temporal,4,LogReg,CA-2017,1,0.7792,0.794667,0.015467,0.794667,0.789057,0.781803,0.790983,0.7914,0.99,0.797667,0.003684,-0.003,0.527715,True,0.0552,0.138875
ACSIncome,temporal,4,LogReg,CA-2018,1,0.7804,0.794667,0.014267,0.794667,0.791076,0.783893,0.793002,0.7882,0.9866,0.794267,0.001665,0.0004,0.634612,True,0.045,0.138875
ACSIncome,temporal,4,MLP,ID,0,0.8118,0.806667,-0.005133,0.806667,0.802801,0.806367,0.80721,0.7988,0.9132,0.800533,-0.000543,0.006133,0.5,True,0.0,9.721657
ACSIncome,temporal,4,MLP,CA-2015,1,0.8094,0.806667,-0.002733,0.806667,0.802278,0.805911,0.806687,0.8056,0.9096,0.796933,-2e-05,0.009733,0.500281,True,0.0158,9.721657
ACSIncome,temporal,4,MLP,CA-2016,1,0.798,0.806667,0.008667,0.806667,0.800327,0.803936,0.804736,0.7974,0.9128,0.800133,0.00193,0.006533,0.514697,True,0.035,9.721657
ACSIncome,temporal,4,MLP,CA-2017,1,0.7876,0.806667,0.019067,0.806667,0.796073,0.799726,0.800482,0.7938,0.918,0.805333,0.006185,0.001333,0.527715,True,0.0552,9.721657
ACSIncome,temporal,4,MLP,CA-2018,1,0.7932,0.806667,0.013467,0.806667,0.800684,0.804276,0.805093,0.7912,0.9118,0.799133,0.001574,0.007533,0.634612,True,0.045,9.721657
ACSIncome,temporal,4,RandForest,ID,0,0.8194,0.807333,-0.012067,0.807333,0.810683,0.806728,0.810361,0.8126,0.9428,0.811133,-0.003028,-0.0038,0.5,True,0.0,4.531496
ACSIncome,temporal,4,RandForest,CA-2015,1,0.819,0.807333,-0.011667,0.807333,0.807012,0.803014,0.806691,0.8126,0.9418,0.810133,0.000642,-0.0028,0.500281,True,0.0158,4.531496
ACSIncome,temporal,4,RandForest,CA-2016,1,0.8062,0.807333,0.001133,0.807333,0.807951,0.803947,0.80763,0.8158,0.9382,0.806533,-0.000296,0.0008,0.514697,True,0.035,4.531496
ACSIncome,temporal,4,RandForest,CA-2017,1,0.7986,0.807333,0.008733,0.807333,0.802541,0.798499,0.802219,0.8086,0.9396,0.807933,0.005114,-0.0006,0.527715,True,0.0552,4.531496
ACSIncome,temporal,4,RandForest,CA-2018,1,0.803,0.807333,0.004333,0.807333,0.805636,0.801576,0.805315,0.8108,0.9382,0.806533,0.002019,0.0008,0.634612,True,0.045,4.531496
ACSIncome,temporal,4,XGBoost,ID,0,0.8222,0.808,-0.0142,0.808,0.849926,0.816061,0.810562,0.8114,0.9302,0.807867,-0.002562,0.000133,0.5,True,0.0,0.915107
ACSIncome,temporal,4,XGBoost,CA-2015,1,0.8166,0.808,-0.0086,0.808,0.84692,0.812811,0.807556,0.8056,0.9254,0.803067,0.000444,0.004933,0.500281,True,0.0158,0.915107
ACSIncome,temporal,4,XGBoost,CA-2016,1,0.8052,0.808,0.0028,0.808,0.846812,0.812547,0.807449,0.8072,0.9308,0.808467,0.000551,-0.000467,0.514697,True,0.035,0.915107
ACSIncome,temporal,4,XGBoost,CA-2017,1,0.8092,0.808,-0.0012,0.808,0.843874,0.808708,0.804511,0.807,0.9314,0.809067,0.003489,-0.001067,0.527715,True,0.0552,0.915107
ACSIncome,temporal,4,XGBoost,CA-2018,1,0.8074,0.808,0.0006,0.808,0.84767,0.812928,0.808307,0.8098,0.9284,0.806067,-0.000307,0.001933,0.634612,True,0.045,0.915107
ACSPublicCoverage,geo,0,CatBoost,ID,0,0.7092,0.724333,0.015133,0.724333,0.740226,0.713,0.721683,0.7176,0.9154,0.726733,0.002651,-0.0024,0.5,True,0.0,2.830371
ACSPublicCoverage,geo,0,CatBoost,FL-2018,1,0.778,0.724333,-0.053667,0.724333,0.749082,0.721218,0.730539,0.7414,0.9108,0.722133,-0.006205,0.0022,1.0,False,-0.1573,2.830371
ACSPublicCoverage,geo,0,CatBoost,IL-2018,1,0.7874,0.724333,-0.063067,0.724333,0.762246,0.733809,0.743703,0.7604,0.924,0.735333,-0.01937,-0.011,1.0,False,-0.0793,2.830371
ACSPublicCoverage,geo,0,CatBoost,MS-2018,1,0.7524,0.724333,-0.028067,0.724333,0.752196,0.725289,0.733653,0.7318,0.9154,0.726733,-0.00932,-0.0024,1.0,False,-0.0893,2.830371
ACSPublicCoverage,geo,0,CatBoost,NY-2018,1,0.7288,0.724333,-0.004467,0.724333,0.753936,0.726187,0.735393,0.743,0.9104,0.721733,-0.01106,0.0026,1.0,False,0.0285,2.830371
ACSPublicCoverage,geo,0,CatBoost,OH-2018,1,0.777,0.724333,-0.052667,0.724333,0.769444,0.740869,0.750901,0.7788,0.9246,0.735933,-0.026568,-0.0116,1.0,False,-0.0383,2.830371
ACSPublicCoverage,geo,0,CatBoost,PA-2018,1,0.782,0.724333,-0.057667,0.724333,0.774261,0.745012,0.755718,0.7998,0.9316,0.742933,-0.031385,-0.0186,1.0,False,-0.0617,2.830371
ACSPublicCoverage,geo,0,CatBoost,TX-2018,1,0.7666,0.724333,-0.042267,0.724333,0.742571,0.715269,0.724028,0.715,0.9054,0.716733,0.000306,0.0076,1.0,False,-0.1905,2.830371
ACSPublicCoverage,geo,0,CatBoost,WA-2018,1,0.7716,0.724333,-0.047267,0.724333,0.771053,0.742311,0.75251,0.7858,0.9222,0.733533,-0.028177,-0.0092,1.0,False,-0.0421,2.830371
ACSPublicCoverage,geo,0,LightGBM,ID,0,0.7078,0.718,0.0102,0.718,0.74257,0.714535,0.715379,0.7212,0.9088,0.7208,0.002621,-0.0028,0.5,True,0.0,0.872858
ACSPublicCoverage,geo,0,LightGBM,FL-2018,1,0.7758,0.718,-0.0578,0.718,0.753378,0.724734,0.726187,0.7422,0.9082,0.7202,-0.008187,-0.0022,1.0,False,-0.1573,0.872858
ACSPublicCoverage,geo,0,LightGBM,IL-2018,1,0.7856,0.718,-0.0676,0.718,0.765711,0.736396,0.738519,0.7622,0.9184,0.7304,-0.020519,-0.0124,1.0,False,-0.0793,0.872858
ACSPublicCoverage,geo,0,LightGBM,MS-2018,1,0.7438,0.718,-0.0258,0.718,0.75434,0.726392,0.727149,0.7344,0.8996,0.7116,-0.009149,0.0064,1.0,False,-0.0893,0.872858
ACSPublicCoverage,geo,0,LightGBM,NY-2018,1,0.7288,0.718,-0.0108,0.718,0.756434,0.727716,0.729243,0.7438,0.9132,0.7252,-0.011243,-0.0072,1.0,False,0.0285,0.872858
ACSPublicCoverage,geo,0,LightGBM,OH-2018,1,0.7746,0.718,-0.0566,0.718,0.770138,0.74075,0.742947,0.7708,0.9168,0.7288,-0.024947,-0.0108,1.0,False,-0.0383,0.872858
ACSPublicCoverage,geo,0,LightGBM,PA-2018,1,0.7874,0.718,-0.0694,0.718,0.774854,0.744878,0.747663,0.7924,0.924,0.736,-0.029663,-0.018,1.0,False,-0.0617,0.872858
ACSPublicCoverage,geo,0,LightGBM,TX-2018,1,0.7626,0.718,-0.0446,0.718,0.744472,0.716362,0.717281,0.7156,0.9018,0.7138,0.000719,0.0042,1.0,False,-0.1905,0.872858
ACSPublicCoverage,geo,0,LightGBM,WA-2018,1,0.7686,0.718,-0.0506,0.718,0.773641,0.744195,0.74645,0.784,0.9164,0.7284,-0.02845,-0.0104,1.0,False,-0.0421,0.872858
ACSPublicCoverage,geo,0,LogReg,ID,0,0.6842,0.685,0.0008,0.685,0.693805,0.687253,0.683205,0.6736,0.9782,0.6842,0.001795,0.0008,0.5,True,0.0,0.107794
ACSPublicCoverage,geo,0,LogReg,FL-2018,1,0.7962,0.685,-0.1112,0.685,0.704865,0.698033,0.694266,0.7172,0.9752,0.6812,-0.009266,0.0038,1.0,False,-0.1573,0.107794
ACSPublicCoverage,geo,0,LogReg,IL-2018,1,0.7532,0.685,-0.0682,0.685,0.709578,0.702632,0.698979,0.737,0.9782,0.6842,-0.013979,0.0008,1.0,False,-0.0793,0.107794
ACSPublicCoverage,geo,0,LogReg,MS-2018,1,0.7692,0.685,-0.0842,0.685,0.701215,0.69455,0.690615,0.6932,0.9754,0.6814,-0.005615,0.0036,1.0,False,-0.0893,0.107794
ACSPublicCoverage,geo,0,LogReg,NY-2018,1,0.6868,0.685,-0.0018,0.685,0.702896,0.696135,0.692297,0.7034,0.9772,0.6832,-0.007297,0.0018,1.0,False,0.0285,0.107794
ACSPublicCoverage,geo,0,LogReg,OH-2018,1,0.7424,0.685,-0.0574,0.685,0.711925,0.704914,0.701325,0.7434,0.9822,0.6882,-0.016325,-0.0032,1.0,False,-0.0383,0.107794
ACSPublicCoverage,geo,0,LogReg,PA-2018,1,0.7672,0.685,-0.0822,0.685,0.711183,0.704162,0.700584,0.751,0.9832,0.6892,-0.015584,-0.0042,1.0,False,-0.0617,0.107794
ACSPublicCoverage,geo,0,LogReg,TX-2018,1,0.7938,0.685,-0.1088,0.685,0.702512,0.695728,0.691913,0.7166,0.9822,0.6882,-0.006913,-0.0032,1.0,False,-0.1905,0.107794
ACSPublicCoverage,geo,0,LogReg,WA-2018,1,0.7408,0.685,-0.0558,0.685,0.711907,0.704856,0.701307,0.7518,0.9846,0.6906,-0.016307,-0.0056,1.0,False,-0.0421,0.107794
ACSPublicCoverage,geo,0,MLP,ID,0,0.698,0.713333,0.015333,0.713333,0.738782,0.705484,0.712962,0.718,0.8714,0.711733,0.000372,0.0016,0.5,True,0.0,11.486641
ACSPublicCoverage,geo,0,MLP,FL-2018,1,0.7828,0.713333,-0.069467,0.713333,0.749455,0.71558,0.723635,0.7374,0.8802,0.720533,-0.010302,-0.0072,1.0,False,-0.1573,11.486641
ACSPublicCoverage,geo,0,MLP,IL-2018,1,0.7706,0.713333,-0.057267,0.713333,0.759134,0.724844,0.733313,0.7538,0.895,0.735333,-0.01998,-0.022,1.0,False,-0.0793,11.486641
ACSPublicCoverage,geo,0,MLP,MS-2018,1,0.7478,0.713333,-0.034467,0.713333,0.753423,0.720631,0.727603,0.7222,0.8804,0.720733,-0.014269,-0.0074,1.0,False,-0.0893,11.486641
ACSPublicCoverage,geo,0,MLP,NY-2018,1,0.7122,0.713333,0.001133,0.713333,0.752329,0.718343,0.726508,0.7442,0.8842,0.724533,-0.013175,-0.0112,1.0,False,0.0285,11.486641
ACSPublicCoverage,geo,0,MLP,OH-2018,1,0.7588,0.713333,-0.045467,0.713333,0.761857,0.727555,0.736037,0.7594,0.9016,0.741933,-0.022704,-0.0286,1.0,False,-0.0383,11.486641
ACSPublicCoverage,geo,0,MLP,PA-2018,1,0.7716,0.713333,-0.058267,0.713333,0.766623,0.732008,0.740803,0.7668,0.9036,0.743933,-0.02747,-0.0306,1.0,False,-0.0617,11.486641
ACSPublicCoverage,geo,0,MLP,TX-2018,1,0.7692,0.713333,-0.055867,0.713333,0.741748,0.708526,0.715928,0.715,0.8662,0.706533,-0.002594,0.0068,1.0,False,-0.1905,11.486641
ACSPublicCoverage,geo,0,MLP,WA-2018,1,0.7618,0.713333,-0.048467,0.713333,0.767734,0.733068,0.741914,0.7684,0.897,0.737333,-0.02858,-0.024,1.0,False,-0.0421,11.486641
ACSPublicCoverage,geo,0,RandForest,ID,0,0.6858,0.713,0.0272,0.713,0.744939,0.675305,0.70842,0.7108,0.8932,0.7122,0.00458,0.0008,0.5,True,0.0,13.585886
ACSPublicCoverage,geo,0,RandForest,FL-2018,1,0.7554,0.713,-0.0424,0.713,0.750084,0.679642,0.713566,0.7166,0.8976,0.7166,-0.000566,-0.0036,1.0,False,-0.1573,13.585886
ACSPublicCoverage,geo,0,RandForest,IL-2018,1,0.758,0.713,-0.045,0.713,0.763665,0.691859,0.727146,0.7442,0.9002,0.7192,-0.014146,-0.0062,1.0,False,-0.0793,13.585886
ACSPublicCoverage,geo,0,RandForest,MS-2018,1,0.7338,0.713,-0.0208,0.713,0.755155,0.683952,0.718637,0.7302,0.9032,0.7222,-0.005637,-0.0092,1.0,False,-0.0893,13.585886
ACSPublicCoverage,geo,0,RandForest,NY-2018,1,0.7114,0.713,0.0016,0.713,0.7553,0.684457,0.718781,0.7348,0.904,0.723,-0.005781,-0.01,1.0,False,0.0285,13.585886
ACSPublicCoverage,geo,0,RandForest,OH-2018,1,0.7552,0.713,-0.0422,0.713,0.767928,0.69532,0.731409,0.7464,0.9114,0.7304,-0.018409,-0.0174,1.0,False,-0.0383,13.585886
ACSPublicCoverage,geo,0,RandForest,PA-2018,1,0.7604,0.713,-0.0474,0.713,0.774008,0.700769,0.737489,0.7666,0.911,0.73,-0.024489,-0.017,1.0,False,-0.0617,13.585886
ACSPublicCoverage,geo,0,RandForest,TX-2018,1,0.7342,0.713,-0.0212,0.713,0.750009,0.680033,0.71349,0.7174,0.895,0.714,-0.00049,-0.001,1.0,False,-0.1905,13.585886
ACSPublicCoverage,geo,0,RandForest,WA-2018,1,0.7528,0.713,-0.0398,0.713,0.766042,0.694331,0.729523,0.7464,0.9034,0.7224,-0.016523,-0.0094,1.0,False,-0.0421,13.585886
ACSPublicCoverage,geo,0,XGBoost,ID,0,0.702,0.713333,0.011333,0.713333,0.763361,0.70578,0.713201,0.7248,0.8866,0.7146,0.000132,-0.001267,0.5,True,0.0,0.976419
ACSPublicCoverage,geo,0,XGBoost,FL-2018,1,0.7624,0.713333,-0.049067,0.713333,0.772474,0.714039,0.722314,0.7408,0.89,0.718,-0.00898,-0.004667,1.0,False,-0.1573,0.976419
ACSPublicCoverage,geo,0,XGBoost,IL-2018,1,0.7706,0.713333,-0.057267,0.713333,0.784196,0.725201,0.734036,0.7522,0.9024,0.7304,-0.020703,-0.017067,1.0,False,-0.0793,0.976419
ACSPublicCoverage,geo,0,XGBoost,MS-2018,1,0.7248,0.713333,-0.011467,0.713333,0.775057,0.71836,0.724897,0.7372,0.891,0.719,-0.011564,-0.005667,1.0,False,-0.0893,0.976419
ACSPublicCoverage,geo,0,XGBoost,NY-2018,1,0.723,0.713333,-0.009667,0.713333,0.775617,0.717545,0.725457,0.7408,0.894,0.722,-0.012123,-0.008667,1.0,False,0.0285,0.976419
ACSPublicCoverage,geo,0,XGBoost,OH-2018,1,0.769,0.713333,-0.055667,0.713333,0.791781,0.731958,0.741621,0.775,0.9,0.728,-0.028288,-0.014667,1.0,False,-0.0383,0.976419
ACSPublicCoverage,geo,0,XGBoost,PA-2018,1,0.7684,0.713333,-0.055067,0.713333,0.795321,0.73486,0.745161,0.7886,0.9066,0.7346,-0.031828,-0.021267,1.0,False,-0.0617,0.976419
ACSPublicCoverage,geo,0,XGBoost,TX-2018,1,0.741,0.713333,-0.027667,0.713333,0.765642,0.707833,0.715482,0.7242,0.8876,0.7156,-0.002148,-0.002267,1.0,False,-0.1905,0.976419
ACSPublicCoverage,geo,0,XGBoost,WA-2018,1,0.7568,0.713333,-0.043467,0.713333,0.791405,0.731882,0.741245,0.7744,0.8978,0.7258,-0.027912,-0.012467,1.0,False,-0.0421,0.976419
ACSPublicCoverage,geo,1,CatBoost,ID,0,0.7126,0.721,0.0084,0.721,0.733414,0.715506,0.724132,0.7348,0.9176,0.7256,-0.003132,-0.0046,0.5,True,0.0,3.037887
ACSPublicCoverage,geo,1,CatBoost,FL-2018,1,0.7648,0.721,-0.0438,0.721,0.74045,0.722286,0.731168,0.7518,0.9206,0.7286,-0.010168,-0.0076,1.0,False,-0.1575,3.037887
ACSPublicCoverage,geo,1,CatBoost,IL-2018,1,0.7818,0.721,-0.0608,0.721,0.754965,0.736278,0.745682,0.7784,0.9288,0.7368,-0.024682,-0.0158,1.0,False,-0.0821,3.037887
ACSPublicCoverage,geo,1,CatBoost,MS-2018,1,0.7498,0.721,-0.0288,0.721,0.745708,0.727739,0.736426,0.7564,0.9102,0.7182,-0.015426,0.0028,1.0,False,-0.1005,3.037887
ACSPublicCoverage,geo,1,CatBoost,NY-2018,1,0.7146,0.721,0.0064,0.721,0.749738,0.731282,0.740456,0.7722,0.9166,0.7246,-0.019456,-0.0036,1.0,False,0.0245,3.037887
ACSPublicCoverage,geo,1,CatBoost,OH-2018,1,0.7736,0.721,-0.0526,0.721,0.761326,0.742449,0.752044,0.795,0.9336,0.7416,-0.031044,-0.0206,1.0,False,-0.0417,3.037887
ACSPublicCoverage,geo,1,CatBoost,PA-2018,1,0.7838,0.721,-0.0628,0.721,0.764716,0.745682,0.755434,0.7932,0.9238,0.7318,-0.034434,-0.0108,1.0,False,-0.0639,3.037887
ACSPublicCoverage,geo,1,CatBoost,TX-2018,1,0.7786,0.721,-0.0576,0.721,0.73631,0.718363,0.727028,0.7418,0.92,0.728,-0.006028,-0.007,1.0,False,-0.1777,3.037887
ACSPublicCoverage,geo,1,CatBoost,WA-2018,1,0.767,0.721,-0.046,0.721,0.759059,0.740286,0.749777,0.7832,0.9276,0.7356,-0.028777,-0.0146,1.0,False,-0.0483,3.037887
ACSPublicCoverage,geo,1,LightGBM,ID,0,0.7072,0.709667,0.002467,0.709667,0.73354,0.710224,0.712527,0.714,0.9068,0.716133,-0.002861,-0.006467,0.5,True,0.0,0.964663
ACSPublicCoverage,geo,1,LightGBM,FL-2018,1,0.7608,0.709667,-0.051133,0.709667,0.740667,0.716877,0.719655,0.7362,0.9076,0.716933,-0.009988,-0.007267,1.0,False,-0.1575,0.964663
ACSPublicCoverage,geo,1,LightGBM,IL-2018,1,0.7802,0.709667,-0.070533,0.709667,0.755134,0.730603,0.734122,0.7658,0.9206,0.729933,-0.024455,-0.020267,1.0,False,-0.0821,0.964663
ACSPublicCoverage,geo,1,LightGBM,MS-2018,1,0.7498,0.709667,-0.040133,0.709667,0.745296,0.721835,0.724284,0.733,0.9136,0.722933,-0.014617,-0.013267,1.0,False,-0.1005,0.964663
ACSPublicCoverage,geo,1,LightGBM,NY-2018,1,0.7134,0.709667,-0.003733,0.709667,0.750348,0.726109,0.729336,0.7628,0.9162,0.725533,-0.01967,-0.015867,1.0,False,0.0245,0.964663
ACSPublicCoverage,geo,1,LightGBM,OH-2018,1,0.7676,0.709667,-0.057933,0.709667,0.760863,0.736238,0.739851,0.768,0.917,0.726333,-0.030184,-0.016667,1.0,False,-0.0417,0.964663
ACSPublicCoverage,geo,1,LightGBM,PA-2018,1,0.778,0.709667,-0.068333,0.709667,0.763732,0.738795,0.74272,0.7828,0.928,0.737333,-0.033053,-0.027667,1.0,False,-0.0639,0.964663
ACSPublicCoverage,geo,1,LightGBM,TX-2018,1,0.7726,0.709667,-0.062933,0.709667,0.736116,0.712643,0.715104,0.7226,0.9132,0.722533,-0.005437,-0.012867,1.0,False,-0.1777,0.964663
ACSPublicCoverage,geo,1,LightGBM,WA-2018,1,0.7652,0.709667,-0.055533,0.709667,0.759661,0.73511,0.738649,0.7714,0.918,0.727333,-0.028982,-0.017667,1.0,False,-0.0483,0.964663
ACSPublicCoverage,geo,1,LogReg,ID,0,0.6856,0.677333,-0.008267,0.677333,0.689341,0.675014,0.676207,0.678,0.986,0.679,0.001126,-0.001667,0.5,True,0.0,0.196149
ACSPublicCoverage,geo,1,LogReg,FL-2018,1,0.7766,0.677333,-0.099267,0.677333,0.699952,0.685054,0.686818,0.7152,0.9798,0.6728,-0.009485,0.004533,1.0,False,-0.1575,0.196149
ACSPublicCoverage,geo,1,LogReg,IL-2018,1,0.7698,0.677333,-0.092467,0.677333,0.703405,0.688268,0.690271,0.731,0.987,0.68,-0.012937,-0.002667,1.0,False,-0.0821,0.196149
ACSPublicCoverage,geo,1,LogReg,MS-2018,1,0.7766,0.677333,-0.099267,0.677333,0.692907,0.678516,0.679773,0.6722,0.9834,0.6764,-0.00244,0.000933,1.0,False,-0.1005,0.196149
ACSPublicCoverage,geo,1,LogReg,NY-2018,1,0.6762,0.677333,0.001133,0.677333,0.69678,0.682045,0.683646,0.7016,0.9836,0.6766,-0.006313,0.000733,1.0,False,0.0245,0.196149
ACSPublicCoverage,geo,1,LogReg,OH-2018,1,0.743,0.677333,-0.065667,0.677333,0.703201,0.68806,0.690066,0.733,0.9868,0.6798,-0.012733,-0.002467,1.0,False,-0.0417,0.196149
ACSPublicCoverage,geo,1,LogReg,PA-2018,1,0.7618,0.677333,-0.084467,0.677333,0.70278,0.687597,0.689646,0.7338,0.9836,0.6766,-0.012312,0.000733,1.0,False,-0.0639,0.196149
ACSPublicCoverage,geo,1,LogReg,TX-2018,1,0.8026,0.677333,-0.125267,0.677333,0.693457,0.678872,0.680323,0.6948,0.9862,0.6792,-0.00299,-0.001867,1.0,False,-0.1777,0.196149
ACSPublicCoverage,geo,1,LogReg,WA-2018,1,0.7408,0.677333,-0.063467,0.677333,0.703338,0.688148,0.690203,0.735,0.985,0.678,-0.01287,-0.000667,1.0,False,-0.0483,0.196149
ACSPublicCoverage,geo,1,MLP,ID,0,0.7008,0.702,0.0012,0.702,0.705177,0.70171,0.70566,0.7068,0.8754,0.714067,-0.00366,-0.012067,0.5,True,0.0,9.155329
ACSPublicCoverage,geo,1,MLP,FL-2018,1,0.7612,0.702,-0.0592,0.702,0.714909,0.711348,0.715392,0.7312,0.8718,0.710467,-0.013392,-0.008467,1.0,False,-0.1575,9.155329
ACSPublicCoverage,geo,1,MLP,IL-2018,1,0.7748,0.702,-0.0728,0.702,0.72434,0.720715,0.724824,0.752,0.8942,0.732867,-0.022824,-0.030867,1.0,False,-0.0821,9.155329
ACSPublicCoverage,geo,1,MLP,MS-2018,1,0.7498,0.702,-0.0478,0.702,0.718236,0.714724,0.71872,0.7208,0.8782,0.716867,-0.01672,-0.014867,1.0,False,-0.1005,9.155329
ACSPublicCoverage,geo,1,MLP,NY-2018,1,0.7004,0.702,0.0016,0.702,0.709857,0.706384,0.71034,0.7128,0.8882,0.726867,-0.00834,-0.024867,1.0,False,0.0245,9.155329
ACSPublicCoverage,geo,1,MLP,OH-2018,1,0.763,0.702,-0.061,0.702,0.721266,0.71767,0.721749,0.7408,0.8908,0.729467,-0.019749,-0.027467,1.0,False,-0.0417,9.155329
ACSPublicCoverage,geo,1,MLP,PA-2018,1,0.7694,0.702,-0.0674,0.702,0.724324,0.720673,0.724807,0.752,0.8906,0.729267,-0.022807,-0.027267,1.0,False,-0.0639,9.155329
ACSPublicCoverage,geo,1,MLP,TX-2018,1,0.7666,0.702,-0.0646,0.702,0.698893,0.695516,0.699377,0.679,0.8746,0.713267,0.002623,-0.011267,1.0,False,-0.1777,9.155329
ACSPublicCoverage,geo,1,MLP,WA-2018,1,0.7574,0.702,-0.0554,0.702,0.712182,0.708644,0.712666,0.7194,0.8822,0.720867,-0.010666,-0.018867,1.0,False,-0.0483,9.155329
ACSPublicCoverage,geo,1,RandForest,ID,0,0.6916,0.690667,-0.000933,0.690667,0.741737,0.675886,0.693451,0.6964,0.8964,0.702733,-0.002784,-0.012067,0.5,True,0.0,4.903653
ACSPublicCoverage,geo,1,RandForest,FL-2018,1,0.7316,0.690667,-0.040933,0.690667,0.737674,0.671948,0.689388,0.6914,0.8904,0.696733,0.001279,-0.006067,1.0,False,-0.1575,4.903653
ACSPublicCoverage,geo,1,RandForest,IL-2018,1,0.7512,0.690667,-0.060533,0.690667,0.755063,0.687239,0.706777,0.7254,0.9024,0.708733,-0.016111,-0.018067,1.0,False,-0.0821,4.903653
ACSPublicCoverage,geo,1,RandForest,MS-2018,1,0.7284,0.690667,-0.037733,0.690667,0.745406,0.67834,0.69712,0.7096,0.891,0.697333,-0.006453,-0.006667,1.0,False,-0.1005,4.903653
ACSPublicCoverage,geo,1,RandForest,NY-2018,1,0.698,0.690667,-0.007333,0.690667,0.747429,0.680916,0.699143,0.7072,0.9034,0.709733,-0.008477,-0.019067,1.0,False,0.0245,4.903653
ACSPublicCoverage,geo,1,RandForest,OH-2018,1,0.7486,0.690667,-0.057933,0.690667,0.75888,0.690691,0.710594,0.7366,0.9052,0.711533,-0.019927,-0.020867,1.0,False,-0.0417,4.903653
ACSPublicCoverage,geo,1,RandForest,PA-2018,1,0.7596,0.690667,-0.068933,0.690667,0.762978,0.694117,0.714692,0.744,0.9132,0.719533,-0.024026,-0.028867,1.0,False,-0.0639,4.903653
ACSPublicCoverage,geo,1,RandForest,TX-2018,1,0.7504,0.690667,-0.059733,0.690667,0.740695,0.674669,0.692409,0.6932,0.8934,0.699733,-0.001742,-0.009067,1.0,False,-0.1777,4.903653
ACSPublicCoverage,geo,1,RandForest,WA-2018,1,0.7448,0.690667,-0.054133,0.690667,0.753558,0.686084,0.705272,0.7328,0.9054,0.711733,-0.014605,-0.021067,1.0,False,-0.0483,4.903653
ACSPublicCoverage,geo,1,XGBoost,ID,0,0.6996,0.713333,0.013733,0.713333,0.752874,0.70051,0.714292,0.7252,0.8884,0.729733,-0.000958,-0.0164,0.5,True,0.0,0.997928
ACSPublicCoverage,geo,1,XGBoost,FL-2018,1,0.7482,0.713333,-0.034867,0.713333,0.758573,0.705657,0.71999,0.735,0.8866,0.727933,-0.006656,-0.0146,1.0,False,-0.1575,0.997928
ACSPublicCoverage,geo,1,XGBoost,IL-2018,1,0.777,0.713333,-0.063667,0.713333,0.774159,0.719184,0.735576,0.7722,0.9056,0.746933,-0.022243,-0.0336,1.0,False,-0.0821,0.997928
ACSPublicCoverage,geo,1,XGBoost,MS-2018,1,0.7392,0.713333,-0.025867,0.713333,0.765212,0.712673,0.726629,0.7388,0.8944,0.735733,-0.013296,-0.0224,1.0,False,-0.1005,0.997928
ACSPublicCoverage,geo,1,XGBoost,NY-2018,1,0.7022,0.713333,0.011133,0.713333,0.768756,0.714745,0.730173,0.7574,0.8958,0.737133,-0.01684,-0.0238,1.0,False,0.0245,0.997928
ACSPublicCoverage,geo,1,XGBoost,OH-2018,1,0.7612,0.713333,-0.047867,0.713333,0.779933,0.724668,0.74135,0.7844,0.9064,0.747733,-0.028016,-0.0344,1.0,False,-0.0417,0.997928
ACSPublicCoverage,geo,1,XGBoost,PA-2018,1,0.7718,0.713333,-0.058467,0.713333,0.783154,0.727396,0.744571,0.7914,0.9062,0.747533,-0.031238,-0.0342,1.0,False,-0.0639,0.997928
ACSPublicCoverage,geo,1,XGBoost,TX-2018,1,0.7562,0.713333,-0.042867,0.713333,0.754909,0.702548,0.716326,0.7222,0.8968,0.738133,-0.002993,-0.0248,1.0,False,-0.1777,0.997928
ACSPublicCoverage,geo,1,XGBoost,WA-2018,1,0.7544,0.713333,-0.041067,0.713333,0.777486,0.722781,0.738904,0.7686,0.9008,0.742133,-0.02557,-0.0288,1.0,False,-0.0483,0.997928
ACSPublicCoverage,geo,2,CatBoost,ID,0,0.7176,0.704667,-0.012933,0.704667,0.735023,0.706074,0.699214,0.6804,0.9108,0.705467,0.005452,-0.0008,0.5,True,0.0,2.797224
ACSPublicCoverage,geo,2,CatBoost,FL-2018,1,0.7676,0.704667,-0.062933,0.704667,0.745097,0.715557,0.709288,0.7038,0.917,0.711667,-0.004621,-0.007,1.0,False,-0.156,2.797224
ACSPublicCoverage,geo,2,CatBoost,IL-2018,1,0.7768,0.704667,-0.072133,0.704667,0.756819,0.726562,0.72101,0.7298,0.9302,0.724867,-0.016343,-0.0202,1.0,False,-0.0692,2.797224
ACSPublicCoverage,geo,2,CatBoost,MS-2018,1,0.7646,0.704667,-0.059933,0.704667,0.745039,0.716479,0.70923,0.6842,0.9168,0.711467,-0.004564,-0.0068,1.0,False,-0.0836,2.797224
ACSPublicCoverage,geo,2,CatBoost,NY-2018,1,0.7106,0.704667,-0.005933,0.704667,0.748578,0.718698,0.712769,0.7146,0.9234,0.718067,-0.008103,-0.0134,1.0,False,0.037,2.797224
ACSPublicCoverage,geo,2,CatBoost,OH-2018,1,0.7746,0.704667,-0.069933,0.704667,0.768358,0.737627,0.732549,0.7518,0.9266,0.721267,-0.027883,-0.0166,1.0,False,-0.0184,2.797224
ACSPublicCoverage,geo,2,CatBoost,PA-2018,1,0.7814,0.704667,-0.076733,0.704667,0.769395,0.738106,0.733586,0.7632,0.9338,0.728467,-0.02892,-0.0238,1.0,False,-0.0676,2.797224
ACSPublicCoverage,geo,2,CatBoost,TX-2018,1,0.7866,0.704667,-0.081933,0.704667,0.741431,0.71203,0.705623,0.6958,0.9118,0.706467,-0.000956,-0.0018,1.0,False,-0.192,2.797224
ACSPublicCoverage,geo,2,CatBoost,WA-2018,1,0.7708,0.704667,-0.066133,0.704667,0.766992,0.736031,0.731183,0.754,0.9342,0.728867,-0.026516,-0.0242,1.0,False,-0.045,2.797224
ACSPublicCoverage,geo,2,LightGBM,ID,0,0.7142,0.705,-0.0092,0.705,0.738475,0.705347,0.700681,0.6792,0.9116,0.702267,0.004319,0.002733,0.5,True,0.0,1.279613
ACSPublicCoverage,geo,2,LightGBM,FL-2018,1,0.7722,0.705,-0.0672,0.705,0.746798,0.713223,0.709003,0.6978,0.9098,0.700467,-0.004003,0.004533,1.0,False,-0.156,1.279613
ACSPublicCoverage,geo,2,LightGBM,IL-2018,1,0.7758,0.705,-0.0708,0.705,0.76016,0.725634,0.722366,0.7282,0.9204,0.711067,-0.017366,-0.006067,1.0,False,-0.0692,1.279613
ACSPublicCoverage,geo,2,LightGBM,MS-2018,1,0.7568,0.705,-0.0518,0.705,0.747145,0.714552,0.709351,0.6718,0.899,0.689667,-0.004351,0.015333,1.0,False,-0.0836,1.279613
ACSPublicCoverage,geo,2,LightGBM,NY-2018,1,0.7102,0.705,-0.0052,0.705,0.750323,0.716391,0.712529,0.7126,0.9136,0.704267,-0.007529,0.000733,1.0,False,0.037,1.279613
ACSPublicCoverage,geo,2,LightGBM,OH-2018,1,0.7696,0.705,-0.0646,0.705,0.77022,0.73528,0.732426,0.7486,0.9184,0.709067,-0.027426,-0.004067,1.0,False,-0.0184,1.279613
ACSPublicCoverage,geo,2,LightGBM,PA-2018,1,0.7732,0.705,-0.0682,0.705,0.772556,0.737079,0.734762,0.764,0.925,0.715667,-0.029762,-0.010667,1.0,False,-0.0676,1.279613
ACSPublicCoverage,geo,2,LightGBM,TX-2018,1,0.786,0.705,-0.081,0.705,0.741814,0.708676,0.70402,0.6826,0.9086,0.699267,0.00098,0.005733,1.0,False,-0.192,1.279613
ACSPublicCoverage,geo,2,LightGBM,WA-2018,1,0.7622,0.705,-0.0572,0.705,0.769429,0.734267,0.731635,0.7504,0.9232,0.713867,-0.026635,-0.008867,1.0,False,-0.045,1.279613
ACSPublicCoverage,geo,2,LogReg,ID,0,0.6956,0.693667,-0.001933,0.693667,0.685497,0.685809,0.691978,0.687,0.984,0.694667,0.001688,-0.001,0.5,True,0.0,0.088745
ACSPublicCoverage,geo,2,LogReg,FL-2018,1,0.784,0.693667,-0.090333,0.693667,0.695633,0.695958,0.702115,0.7236,0.987,0.697667,-0.008448,-0.004,1.0,False,-0.156,0.088745
ACSPublicCoverage,geo,2,LogReg,IL-2018,1,0.7498,0.693667,-0.056133,0.693667,0.70067,0.701,0.707151,0.7378,0.9848,0.695467,-0.013485,-0.0018,1.0,False,-0.0692,0.088745
ACSPublicCoverage,geo,2,LogReg,MS-2018,1,0.7782,0.693667,-0.084533,0.693667,0.693594,0.693913,0.700076,0.7028,0.9884,0.699067,-0.006409,-0.0054,1.0,False,-0.0836,0.088745
ACSPublicCoverage,geo,2,LogReg,NY-2018,1,0.6824,0.693667,0.011267,0.693667,0.694591,0.694913,0.701072,0.7134,0.9858,0.696467,-0.007405,-0.0028,1.0,False,0.037,0.088745
ACSPublicCoverage,geo,2,LogReg,OH-2018,1,0.7472,0.693667,-0.053533,0.693667,0.702531,0.702865,0.709013,0.7476,0.99,0.700667,-0.015346,-0.007,1.0,False,-0.0184,0.088745
ACSPublicCoverage,geo,2,LogReg,PA-2018,1,0.7652,0.693667,-0.071533,0.693667,0.700289,0.70062,0.70677,0.741,0.989,0.699667,-0.013103,-0.006,1.0,False,-0.0676,0.088745
ACSPublicCoverage,geo,2,LogReg,TX-2018,1,0.8048,0.693667,-0.111133,0.693667,0.692265,0.692585,0.698746,0.7102,0.9824,0.693067,-0.00508,0.0006,1.0,False,-0.192,0.088745
ACSPublicCoverage,geo,2,LogReg,WA-2018,1,0.7482,0.693667,-0.054533,0.693667,0.704436,0.704772,0.710917,0.7522,0.9894,0.700067,-0.01725,-0.0064,1.0,False,-0.045,0.088745
ACSPublicCoverage,geo,2,MLP,ID,0,0.712,0.715,0.003,0.715,0.737094,0.702441,0.711768,0.7084,0.8714,0.7104,0.003232,0.0046,0.5,True,0.0,13.935566
ACSPublicCoverage,geo,2,MLP,FL-2018,1,0.7754,0.715,-0.0604,0.715,0.750127,0.71438,0.724802,0.738,0.8648,0.7038,-0.009802,0.0112,1.0,False,-0.156,13.935566
ACSPublicCoverage,geo,2,MLP,IL-2018,1,0.7674,0.715,-0.0524,0.715,0.761899,0.725363,0.736573,0.7708,0.8784,0.7174,-0.021573,-0.0024,1.0,False,-0.0692,13.935566
ACSPublicCoverage,geo,2,MLP,MS-2018,1,0.7708,0.715,-0.0558,0.715,0.754229,0.719125,0.728903,0.729,0.8672,0.7062,-0.013903,0.0088,1.0,False,-0.0836,13.935566
ACSPublicCoverage,geo,2,MLP,NY-2018,1,0.7024,0.715,0.0126,0.715,0.750212,0.714604,0.724886,0.7338,0.8676,0.7066,-0.009886,0.0084,1.0,False,0.037,13.935566
ACSPublicCoverage,geo,2,MLP,OH-2018,1,0.7692,0.715,-0.0542,0.715,0.769575,0.732572,0.74425,0.7798,0.8886,0.7276,-0.02925,-0.0126,1.0,False,-0.0184,13.935566
ACSPublicCoverage,geo,2,MLP,PA-2018,1,0.7732,0.715,-0.0582,0.715,0.771204,0.733858,0.745879,0.7896,0.893,0.732,-0.030879,-0.017,1.0,False,-0.0676,13.935566
ACSPublicCoverage,geo,2,MLP,TX-2018,1,0.7968,0.715,-0.0818,0.715,0.744351,0.709325,0.719025,0.7148,0.8656,0.7046,-0.004025,0.0104,1.0,False,-0.192,13.935566
ACSPublicCoverage,geo,2,MLP,WA-2018,1,0.7626,0.715,-0.0476,0.715,0.766572,0.729427,0.741246,0.7778,0.8836,0.7226,-0.026246,-0.0076,1.0,False,-0.045,13.935566
ACSPublicCoverage,geo,2,RandForest,ID,0,0.699,0.679667,-0.019333,0.679667,0.741491,0.676792,0.675862,0.6682,0.9014,0.6904,0.003805,-0.010733,0.5,True,0.0,3.90208
ACSPublicCoverage,geo,2,RandForest,FL-2018,1,0.7458,0.679667,-0.066133,0.679667,0.743687,0.678733,0.678058,0.67,0.9042,0.6932,0.001609,-0.013533,1.0,False,-0.156,3.90208
ACSPublicCoverage,geo,2,RandForest,IL-2018,1,0.7474,0.679667,-0.067733,0.679667,0.7609,0.694433,0.695271,0.7078,0.9012,0.6902,-0.015604,-0.010533,1.0,False,-0.0692,3.90208
ACSPublicCoverage,geo,2,RandForest,MS-2018,1,0.7374,0.679667,-0.057733,0.679667,0.745646,0.680475,0.680017,0.6782,0.8978,0.6868,-0.00035,-0.007133,1.0,False,-0.0836,3.90208
ACSPublicCoverage,geo,2,RandForest,NY-2018,1,0.6924,0.679667,-0.012733,0.679667,0.74715,0.68252,0.68152,0.6706,0.9038,0.6928,-0.001854,-0.013133,1.0,False,0.037,3.90208
ACSPublicCoverage,geo,2,RandForest,OH-2018,1,0.755,0.679667,-0.075333,0.679667,0.767723,0.700113,0.702094,0.7202,0.9076,0.6966,-0.022427,-0.016933,1.0,False,-0.0184,3.90208
ACSPublicCoverage,geo,2,RandForest,PA-2018,1,0.7602,0.679667,-0.080533,0.679667,0.769298,0.701476,0.703668,0.7264,0.9036,0.6926,-0.024002,-0.012933,1.0,False,-0.0676,3.90208
ACSPublicCoverage,geo,2,RandForest,TX-2018,1,0.7638,0.679667,-0.084133,0.679667,0.748286,0.682647,0.682657,0.6816,0.8922,0.6812,-0.002991,-0.001533,1.0,False,-0.192,3.90208
ACSPublicCoverage,geo,2,RandForest,WA-2018,1,0.7458,0.679667,-0.066133,0.679667,0.760409,0.693755,0.69478,0.7078,0.911,0.7,-0.015113,-0.020333,1.0,False,-0.045,3.90208
ACSPublicCoverage,geo,2,XGBoost,ID,0,0.7098,0.694333,-0.015467,0.694333,0.760028,0.697826,0.691365,0.672,0.888,0.685667,0.002968,0.008667,0.5,True,0.0,1.025292
ACSPublicCoverage,geo,2,XGBoost,FL-2018,1,0.751,0.694333,-0.056667,0.694333,0.765572,0.703177,0.696909,0.6852,0.8898,0.687467,-0.002576,0.006867,1.0,False,-0.156,1.025292
ACSPublicCoverage,geo,2,XGBoost,IL-2018,1,0.7656,0.694333,-0.071267,0.694333,0.781147,0.716518,0.712485,0.73,0.9048,0.702467,-0.018151,-0.008133,1.0,False,-0.0692,1.025292
ACSPublicCoverage,geo,2,XGBoost,MS-2018,1,0.75,0.694333,-0.055667,0.694333,0.768525,0.707612,0.699862,0.6804,0.8872,0.684867,-0.005529,0.009467,1.0,False,-0.0836,1.025292
ACSPublicCoverage,geo,2,XGBoost,NY-2018,1,0.7052,0.694333,-0.010867,0.694333,0.771083,0.70782,0.70242,0.7066,0.8944,0.692067,-0.008087,0.002267,1.0,False,0.037,1.025292
ACSPublicCoverage,geo,2,XGBoost,OH-2018,1,0.7632,0.694333,-0.068867,0.694333,0.792261,0.727332,0.723598,0.7458,0.9086,0.706267,-0.029265,-0.011933,1.0,False,-0.0184,1.025292
ACSPublicCoverage,geo,2,XGBoost,PA-2018,1,0.768,0.694333,-0.073667,0.694333,0.793935,0.728075,0.725272,0.7552,0.9084,0.706067,-0.030939,-0.011733,1.0,False,-0.0676,1.025292
ACSPublicCoverage,geo,2,XGBoost,TX-2018,1,0.7696,0.694333,-0.075267,0.694333,0.763222,0.700957,0.694559,0.683,0.8888,0.686467,-0.000226,0.007867,1.0,False,-0.192,1.025292
ACSPublicCoverage,geo,2,XGBoost,WA-2018,1,0.762,0.694333,-0.067667,0.694333,0.788517,0.723351,0.719855,0.74,0.9102,0.707867,-0.025521,-0.013533,1.0,False,-0.045,1.025292
ACSPublicCoverage,geo,3,CatBoost,ID,0,0.712,0.717333,0.005333,0.717333,0.730117,0.716282,0.715672,0.7154,0.9066,0.7186,0.001661,-0.001267,0.5,True,0.0,2.797849
ACSPublicCoverage,geo,3,CatBoost,FL-2018,1,0.763,0.717333,-0.045667,0.717333,0.739399,0.725132,0.724953,0.7384,0.915,0.727,-0.00762,-0.009667,1.0,False,-0.1595,2.797849
ACSPublicCoverage,geo,3,CatBoost,IL-2018,1,0.7814,0.717333,-0.064067,0.717333,0.750833,0.736192,0.736388,0.7686,0.9274,0.7394,-0.019055,-0.022067,1.0,False,-0.0697,2.797849
ACSPublicCoverage,geo,3,CatBoost,MS-2018,1,0.7588,0.717333,-0.041467,0.717333,0.736964,0.723155,0.722518,0.7262,0.9192,0.7312,-0.005185,-0.013867,1.0,False,-0.1001,2.797849
ACSPublicCoverage,geo,3,CatBoost,NY-2018,1,0.7088,0.717333,0.008533,0.717333,0.747572,0.733134,0.733126,0.7554,0.9236,0.7356,-0.015793,-0.018267,1.0,False,0.0311,2.797849
ACSPublicCoverage,geo,3,CatBoost,OH-2018,1,0.7678,0.717333,-0.050467,0.717333,0.755788,0.741032,0.741342,0.7786,0.9248,0.7368,-0.024009,-0.019467,1.0,False,-0.0379,2.797849
ACSPublicCoverage,geo,3,CatBoost,PA-2018,1,0.7818,0.717333,-0.064467,0.717333,0.756936,0.742232,0.742491,0.7696,0.9232,0.7352,-0.025158,-0.017867,1.0,False,-0.0645,2.797849
ACSPublicCoverage,geo,3,CatBoost,TX-2018,1,0.7724,0.717333,-0.055067,0.717333,0.732859,0.718794,0.718413,0.7214,0.9094,0.7214,-0.00108,-0.004067,1.0,False,-0.1967,2.797849
ACSPublicCoverage,geo,3,CatBoost,WA-2018,1,0.767,0.717333,-0.049667,0.717333,0.757453,0.74282,0.743008,0.7704,0.9188,0.7308,-0.025674,-0.013467,1.0,False,-0.0545,2.797849
ACSPublicCoverage,geo,3,LightGBM,ID,0,0.7074,0.718667,0.011267,0.718667,0.7317,0.712456,0.715698,0.7056,0.898,0.716667,0.002968,0.002,0.5,True,0.0,0.853441
ACSPublicCoverage,geo,3,LightGBM,FL-2018,1,0.7646,0.718667,-0.045933,0.718667,0.741156,0.721316,0.725154,0.7398,0.9052,0.723867,-0.006487,-0.0052,1.0,False,-0.1595,0.853441
ACSPublicCoverage,geo,3,LightGBM,IL-2018,1,0.7812,0.718667,-0.062533,0.718667,0.75218,0.731782,0.736178,0.7602,0.9112,0.729867,-0.017511,-0.0112,1.0,False,-0.0697,0.853441
ACSPublicCoverage,geo,3,LightGBM,MS-2018,1,0.759,0.718667,-0.040333,0.718667,0.73773,0.718628,0.721728,0.7122,0.907,0.725667,-0.003061,-0.007,1.0,False,-0.1001,0.853441
ACSPublicCoverage,geo,3,LightGBM,NY-2018,1,0.7086,0.718667,0.010067,0.718667,0.748632,0.728596,0.73263,0.7474,0.9122,0.730867,-0.013964,-0.0122,1.0,False,0.0311,0.853441
ACSPublicCoverage,geo,3,LightGBM,OH-2018,1,0.7666,0.718667,-0.047933,0.718667,0.758632,0.737942,0.74263,0.78,0.9262,0.744867,-0.023963,-0.0262,1.0,False,-0.0379,0.853441
ACSPublicCoverage,geo,3,LightGBM,PA-2018,1,0.78,0.718667,-0.061333,0.718667,0.760546,0.73988,0.744543,0.7782,0.9218,0.740467,-0.025877,-0.0218,1.0,False,-0.0645,0.853441
ACSPublicCoverage,geo,3,LightGBM,TX-2018,1,0.777,0.718667,-0.058333,0.718667,0.73248,0.712983,0.716478,0.709,0.8948,0.713467,0.002189,0.0052,1.0,False,-0.1967,0.853441
ACSPublicCoverage,geo,3,LightGBM,WA-2018,1,0.7632,0.718667,-0.044533,0.718667,0.75946,0.738875,0.743458,0.7692,0.9126,0.731267,-0.024791,-0.0126,1.0,False,-0.0545,0.853441
ACSPublicCoverage,geo,3,LogReg,ID,0,0.681,0.686667,0.005667,0.686667,0.681695,0.682103,0.687431,0.6846,0.9856,0.689933,-0.000764,-0.003267,0.5,True,0.0,0.098262
ACSPublicCoverage,geo,3,LogReg,FL-2018,1,0.7806,0.686667,-0.093933,0.686667,0.688499,0.688917,0.694235,0.702,0.9816,0.685933,-0.007569,0.000733,1.0,False,-0.1595,0.098262
ACSPublicCoverage,geo,3,LogReg,IL-2018,1,0.754,0.686667,-0.067333,0.686667,0.696628,0.697062,0.702364,0.7436,0.9844,0.688733,-0.015698,-0.002067,1.0,False,-0.0697,0.098262
ACSPublicCoverage,geo,3,LogReg,MS-2018,1,0.784,0.686667,-0.097333,0.686667,0.682814,0.683219,0.68855,0.6694,0.984,0.688333,-0.001883,-0.001667,1.0,False,-0.1001,0.098262
ACSPublicCoverage,geo,3,LogReg,NY-2018,1,0.685,0.686667,0.001667,0.686667,0.691076,0.691498,0.696812,0.7128,0.9858,0.690133,-0.010146,-0.003467,1.0,False,0.0311,0.098262
ACSPublicCoverage,geo,3,LogReg,OH-2018,1,0.7444,0.686667,-0.057733,0.686667,0.693783,0.694211,0.699519,0.7332,0.9842,0.688533,-0.012852,-0.001867,1.0,False,-0.0379,0.098262
ACSPublicCoverage,geo,3,LogReg,PA-2018,1,0.7646,0.686667,-0.077933,0.686667,0.693116,0.693546,0.698852,0.7444,0.9838,0.688133,-0.012185,-0.001467,1.0,False,-0.0645,0.098262
ACSPublicCoverage,geo,3,LogReg,TX-2018,1,0.8048,0.686667,-0.118133,0.686667,0.685561,0.685975,0.691297,0.7034,0.9846,0.688933,-0.00463,-0.002267,1.0,False,-0.1967,0.098262
ACSPublicCoverage,geo,3,LogReg,WA-2018,1,0.7422,0.686667,-0.055533,0.686667,0.693706,0.694138,0.699443,0.7444,0.9842,0.688533,-0.012776,-0.001867,1.0,False,-0.0545,0.098262
ACSPublicCoverage,geo,3,MLP,ID,0,0.7074,0.709,0.0016,0.709,0.737118,0.706271,0.708472,0.6964,0.8776,0.7016,0.000528,0.0074,0.5,True,0.0,7.193184
ACSPublicCoverage,geo,3,MLP,FL-2018,1,0.7616,0.709,-0.0526,0.709,0.746935,0.715122,0.718288,0.7282,0.8668,0.6908,-0.009288,0.0182,1.0,False,-0.1595,7.193184
ACSPublicCoverage,geo,3,MLP,IL-2018,1,0.7728,0.709,-0.0638,0.709,0.759613,0.726631,0.730967,0.7688,0.893,0.717,-0.021967,-0.008,1.0,False,-0.0697,7.193184
ACSPublicCoverage,geo,3,MLP,MS-2018,1,0.755,0.709,-0.046,0.709,0.741783,0.710926,0.713137,0.716,0.87,0.694,-0.004137,0.015,1.0,False,-0.1001,7.193184
ACSPublicCoverage,geo,3,MLP,NY-2018,1,0.6986,0.709,0.0104,0.709,0.75215,0.720216,0.723504,0.7424,0.885,0.709,-0.014504,0.0,1.0,False,0.0311,7.193184
ACSPublicCoverage,geo,3,MLP,OH-2018,1,0.7616,0.709,-0.0526,0.709,0.758678,0.725776,0.730032,0.7684,0.8936,0.7176,-0.021032,-0.0086,1.0,False,-0.0379,7.193184
ACSPublicCoverage,geo,3,MLP,PA-2018,1,0.7778,0.709,-0.0688,0.709,0.762082,0.729124,0.733436,0.7678,0.888,0.712,-0.024436,-0.003,1.0,False,-0.0645,7.193184
ACSPublicCoverage,geo,3,MLP,TX-2018,1,0.764,0.709,-0.055,0.709,0.740623,0.709077,0.711977,0.717,0.871,0.695,-0.002977,0.014,1.0,False,-0.1967,7.193184
ACSPublicCoverage,geo,3,MLP,WA-2018,1,0.7518,0.709,-0.0428,0.709,0.760837,0.728,0.732191,0.7626,0.8942,0.7182,-0.023191,-0.0092,1.0,False,-0.0545,7.193184
ACSPublicCoverage,geo,3,RandForest,ID,0,0.6988,0.704333,0.005533,0.704333,0.740906,0.685728,0.703221,0.6882,0.8848,0.701133,0.001113,0.0032,0.5,True,0.0,4.763465
ACSPublicCoverage,geo,3,RandForest,FL-2018,1,0.739,0.704333,-0.034667,0.704333,0.740437,0.684175,0.702752,0.7112,0.8942,0.710533,0.001581,-0.0062,1.0,False,-0.1595,4.763465
ACSPublicCoverage,geo,3,RandForest,IL-2018,1,0.7518,0.704333,-0.047467,0.704333,0.755992,0.698782,0.718307,0.732,0.908,0.724333,-0.013973,-0.02,1.0,False,-0.0697,4.763465
ACSPublicCoverage,geo,3,RandForest,MS-2018,1,0.7344,0.704333,-0.030067,0.704333,0.738522,0.683281,0.700837,0.6898,0.8906,0.706933,0.003497,-0.0026,1.0,False,-0.1001,4.763465
ACSPublicCoverage,geo,3,RandForest,NY-2018,1,0.6912,0.704333,0.013133,0.704333,0.749221,0.69299,0.711536,0.7146,0.9078,0.724133,-0.007203,-0.0198,1.0,False,0.0311,4.763465
ACSPublicCoverage,geo,3,RandForest,OH-2018,1,0.7444,0.704333,-0.040067,0.704333,0.760304,0.702263,0.722619,0.7414,0.9074,0.723733,-0.018285,-0.0194,1.0,False,-0.0379,4.763465
ACSPublicCoverage,geo,3,RandForest,PA-2018,1,0.7562,0.704333,-0.051867,0.704333,0.763023,0.705225,0.725338,0.7476,0.9138,0.730133,-0.021004,-0.0258,1.0,False,-0.0645,4.763465
ACSPublicCoverage,geo,3,RandForest,TX-2018,1,0.7434,0.704333,-0.039067,0.704333,0.743237,0.687068,0.705552,0.71,0.8892,0.705533,-0.001218,-0.0012,1.0,False,-0.1967,4.763465
ACSPublicCoverage,geo,3,RandForest,WA-2018,1,0.7458,0.704333,-0.041467,0.704333,0.756183,0.699476,0.718497,0.729,0.9038,0.720133,-0.014164,-0.0158,1.0,False,-0.0545,4.763465
ACSPublicCoverage,geo,3,XGBoost,ID,0,0.7028,0.709667,0.006867,0.709667,0.754802,0.702298,0.70898,0.7054,0.8798,0.712133,0.000686,-0.002467,0.5,True,0.0,3.270564
ACSPublicCoverage,geo,3,XGBoost,FL-2018,1,0.7476,0.709667,-0.037933,0.709667,0.761454,0.708174,0.715632,0.7162,0.8828,0.715133,-0.005966,-0.005467,1.0,False,-0.1595,3.270564
ACSPublicCoverage,geo,3,XGBoost,IL-2018,1,0.7668,0.709667,-0.057133,0.709667,0.774264,0.719132,0.728442,0.751,0.8992,0.731533,-0.018775,-0.021867,1.0,False,-0.0697,3.270564
ACSPublicCoverage,geo,3,XGBoost,MS-2018,1,0.7362,0.709667,-0.026533,0.709667,0.76057,0.70843,0.714748,0.7108,0.89,0.722333,-0.005081,-0.012667,1.0,False,-0.1001,3.270564
ACSPublicCoverage,geo,3,XGBoost,NY-2018,1,0.7108,0.709667,-0.001133,0.709667,0.769255,0.715214,0.723433,0.7374,0.8968,0.729133,-0.013766,-0.019467,1.0,False,0.0311,3.270564
ACSPublicCoverage,geo,3,XGBoost,OH-2018,1,0.7534,0.709667,-0.043733,0.709667,0.780555,0.725195,0.734733,0.7608,0.906,0.738333,-0.025066,-0.028667,1.0,False,-0.0379,3.270564
ACSPublicCoverage,geo,3,XGBoost,PA-2018,1,0.7694,0.709667,-0.059733,0.709667,0.783722,0.728024,0.7379,0.7722,0.9084,0.740733,-0.028233,-0.031067,1.0,False,-0.0645,3.270564
ACSPublicCoverage,geo,3,XGBoost,TX-2018,1,0.7486,0.709667,-0.038933,0.709667,0.755322,0.702426,0.7095,0.7066,0.875,0.707333,0.000166,0.002333,1.0,False,-0.1967,3.270564
ACSPublicCoverage,geo,3,XGBoost,WA-2018,1,0.7512,0.709667,-0.041533,0.709667,0.781568,0.726327,0.735746,0.7654,0.8986,0.730933,-0.026079,-0.021267,1.0,False,-0.0545,3.270564
ACSPublicCoverage,geo,4,CatBoost,ID,0,0.7014,0.715333,0.013933,0.715333,0.728567,0.703389,0.707656,0.6922,0.8944,0.706067,0.007677,0.009267,0.5,True,0.0,3.481871
ACSPublicCoverage,geo,4,CatBoost,FL-2018,1,0.7842,0.715333,-0.068867,0.715333,0.742946,0.716626,0.722035,0.7256,0.9098,0.721467,-0.006702,-0.006133,1.0,False,-0.1385,3.481871
ACSPublicCoverage,geo,4,CatBoost,IL-2018,1,0.7854,0.715333,-0.070067,0.715333,0.75853,0.731547,0.737619,0.7602,0.9252,0.736867,-0.022286,-0.021533,1.0,False,-0.0775,3.481871
ACSPublicCoverage,geo,4,CatBoost,MS-2018,1,0.7488,0.715333,-0.033467,0.715333,0.738854,0.713509,0.717943,0.7018,0.9032,0.714867,-0.00261,0.000467,1.0,False,-0.0903,3.481871
ACSPublicCoverage,geo,4,CatBoost,NY-2018,1,0.7188,0.715333,-0.003467,0.715333,0.74997,0.723443,0.729059,0.737,0.9168,0.728467,-0.013726,-0.013133,1.0,False,0.0395,3.481871
ACSPublicCoverage,geo,4,CatBoost,OH-2018,1,0.7722,0.715333,-0.056867,0.715333,0.761039,0.733829,0.740129,0.7672,0.917,0.728667,-0.024796,-0.013333,1.0,False,-0.0263,3.481871
ACSPublicCoverage,geo,4,CatBoost,PA-2018,1,0.7836,0.715333,-0.068267,0.715333,0.767229,0.739583,0.746319,0.7838,0.9292,0.740867,-0.030985,-0.025533,1.0,False,-0.0517,3.481871
ACSPublicCoverage,geo,4,CatBoost,TX-2018,1,0.7702,0.715333,-0.054867,0.715333,0.734541,0.709004,0.713631,0.7056,0.9106,0.722267,0.001703,-0.006933,1.0,False,-0.1701,3.481871
ACSPublicCoverage,geo,4,CatBoost,WA-2018,1,0.7682,0.715333,-0.052867,0.715333,0.758496,0.731632,0.737586,0.7614,0.9182,0.729867,-0.022253,-0.014533,1.0,False,-0.0273,3.481871
ACSPublicCoverage,geo,4,LightGBM,ID,0,0.7002,0.714,0.0138,0.714,0.730192,0.707012,0.708623,0.7028,0.895,0.711667,0.005377,0.002333,0.5,True,0.0,0.857428
ACSPublicCoverage,geo,4,LightGBM,FL-2018,1,0.7778,0.714,-0.0638,0.714,0.742313,0.718458,0.720744,0.727,0.8988,0.715467,-0.006744,-0.001467,1.0,False,-0.1385,0.857428
ACSPublicCoverage,geo,4,LightGBM,IL-2018,1,0.7862,0.714,-0.0722,0.714,0.758019,0.733567,0.73645,0.7602,0.917,0.733667,-0.02245,-0.019667,1.0,False,-0.0775,0.857428
ACSPublicCoverage,geo,4,LightGBM,MS-2018,1,0.7392,0.714,-0.0252,0.714,0.736393,0.713545,0.714824,0.6992,0.8856,0.702267,-0.000824,0.011733,1.0,False,-0.0903,0.857428
ACSPublicCoverage,geo,4,LightGBM,NY-2018,1,0.7164,0.714,-0.0024,0.714,0.750699,0.726403,0.72913,0.7524,0.9068,0.723467,-0.01513,-0.009467,1.0,False,0.0395,0.857428
ACSPublicCoverage,geo,4,LightGBM,OH-2018,1,0.774,0.714,-0.06,0.714,0.76147,0.736654,0.739901,0.7726,0.9124,0.729067,-0.025901,-0.015067,1.0,False,-0.0263,0.857428
ACSPublicCoverage,geo,4,LightGBM,PA-2018,1,0.7814,0.714,-0.0674,0.714,0.766999,0.741964,0.74543,0.7822,0.9094,0.726067,-0.03143,-0.012067,1.0,False,-0.0517,0.857428
ACSPublicCoverage,geo,4,LightGBM,TX-2018,1,0.7604,0.714,-0.0464,0.714,0.734184,0.710964,0.712615,0.7048,0.8914,0.708067,0.001385,0.005933,1.0,False,-0.1701,0.857428
ACSPublicCoverage,geo,4,LightGBM,WA-2018,1,0.766,0.714,-0.052,0.714,0.760261,0.735771,0.738692,0.7698,0.9176,0.734267,-0.024692,-0.020267,1.0,False,-0.0273,0.857428
ACSPublicCoverage,geo,4,LogReg,ID,0,0.6722,0.679667,0.007467,0.679667,0.679034,0.667009,0.675958,0.6644,0.9828,0.6788,0.003708,0.000867,0.5,True,0.0,0.099624
ACSPublicCoverage,geo,4,LogReg,FL-2018,1,0.7854,0.679667,-0.105733,0.679667,0.689668,0.677132,0.686593,0.6972,0.9812,0.6772,-0.006926,0.002467,1.0,False,-0.1385,0.099624
ACSPublicCoverage,geo,4,LogReg,IL-2018,1,0.77,0.679667,-0.090333,0.679667,0.695948,0.683038,0.692873,0.725,0.988,0.684,-0.013206,-0.004333,1.0,False,-0.0775,0.099624
ACSPublicCoverage,geo,4,LogReg,MS-2018,1,0.7692,0.679667,-0.089533,0.679667,0.679889,0.667944,0.676814,0.6482,0.9806,0.6766,0.002853,0.003067,1.0,False,-0.0903,0.099624
ACSPublicCoverage,geo,4,LogReg,NY-2018,1,0.6738,0.679667,0.005867,0.679667,0.688108,0.675611,0.685033,0.7018,0.9848,0.6808,-0.005366,-0.001133,1.0,False,0.0395,0.099624
ACSPublicCoverage,geo,4,LogReg,OH-2018,1,0.745,0.679667,-0.065333,0.679667,0.691497,0.678824,0.688421,0.7132,0.9844,0.6804,-0.008755,-0.000733,1.0,False,-0.0263,0.099624
ACSPublicCoverage,geo,4,LogReg,PA-2018,1,0.7652,0.679667,-0.085533,0.679667,0.692673,0.679925,0.689598,0.718,0.9862,0.6822,-0.009931,-0.002533,1.0,False,-0.0517,0.099624
ACSPublicCoverage,geo,4,LogReg,TX-2018,1,0.8092,0.679667,-0.129533,0.679667,0.683665,0.671475,0.680589,0.6732,0.9846,0.6806,-0.000923,-0.000933,1.0,False,-0.1701,0.099624
ACSPublicCoverage,geo,4,LogReg,WA-2018,1,0.7366,0.679667,-0.056933,0.679667,0.693736,0.680921,0.69066,0.728,0.9864,0.6824,-0.010994,-0.002733,1.0,False,-0.0273,0.099624
ACSPublicCoverage,geo,4,MLP,ID,0,0.6922,0.709333,0.017133,0.709333,0.735864,0.696714,0.702626,0.6908,0.8324,0.695067,0.006708,0.014267,0.5,True,0.0,13.906703
ACSPublicCoverage,geo,4,MLP,FL-2018,1,0.781,0.709333,-0.071667,0.709333,0.75366,0.712991,0.720422,0.7282,0.8384,0.701067,-0.011089,0.008267,1.0,False,-0.1385,13.906703
ACSPublicCoverage,geo,4,MLP,IL-2018,1,0.7776,0.709333,-0.068267,0.709333,0.764806,0.723264,0.731568,0.7602,0.863,0.725667,-0.022235,-0.016333,1.0,False,-0.0775,13.906703
ACSPublicCoverage,geo,4,MLP,MS-2018,1,0.7534,0.709333,-0.044067,0.709333,0.751875,0.712069,0.718637,0.7182,0.838,0.700667,-0.009304,0.008667,1.0,False,-0.0903,13.906703
ACSPublicCoverage,geo,4,MLP,NY-2018,1,0.7076,0.709333,0.001733,0.709333,0.755049,0.714213,0.721811,0.7326,0.85,0.712667,-0.012478,-0.003333,1.0,False,0.0395,13.906703
ACSPublicCoverage,geo,4,MLP,OH-2018,1,0.7644,0.709333,-0.055067,0.709333,0.763566,0.722189,0.730328,0.75,0.853,0.715667,-0.020994,-0.006333,1.0,False,-0.0263,13.906703
ACSPublicCoverage,geo,4,MLP,PA-2018,1,0.7744,0.709333,-0.065067,0.709333,0.770688,0.728716,0.737449,0.7712,0.8534,0.716067,-0.028116,-0.006733,1.0,False,-0.0517,13.906703
ACSPublicCoverage,geo,4,MLP,TX-2018,1,0.7684,0.709333,-0.059067,0.709333,0.739956,0.700836,0.706718,0.69,0.8184,0.681067,0.002616,0.028267,1.0,False,-0.1701,13.906703
ACSPublicCoverage,geo,4,MLP,WA-2018,1,0.7548,0.709333,-0.045467,0.709333,0.765076,0.723526,0.731837,0.7576,0.8366,0.699267,-0.022504,0.010067,1.0,False,-0.0273,13.906703
ACSPublicCoverage,geo,4,RandForest,ID,0,0.6832,0.687,0.0038,0.687,0.739536,0.665732,0.682228,0.6804,0.8906,0.6846,0.004772,0.0024,0.5,True,0.0,5.663692
ACSPublicCoverage,geo,4,RandForest,FL-2018,1,0.7448,0.687,-0.0578,0.687,0.739117,0.664553,0.681809,0.6912,0.8986,0.6926,0.005191,-0.0056,1.0,False,-0.1385,5.663692
ACSPublicCoverage,geo,4,RandForest,IL-2018,1,0.7548,0.687,-0.0678,0.687,0.760431,0.683662,0.703123,0.7228,0.9106,0.7046,-0.016123,-0.0176,1.0,False,-0.0775,5.663692
ACSPublicCoverage,geo,4,RandForest,MS-2018,1,0.724,0.687,-0.037,0.687,0.74025,0.666059,0.682942,0.6856,0.8964,0.6904,0.004058,-0.0034,1.0,False,-0.0903,5.663692
ACSPublicCoverage,geo,4,RandForest,NY-2018,1,0.7046,0.687,-0.0176,0.687,0.750952,0.675416,0.693644,0.7046,0.8948,0.6888,-0.006644,-0.0018,1.0,False,0.0395,5.663692
ACSPublicCoverage,geo,4,RandForest,OH-2018,1,0.7538,0.687,-0.0668,0.687,0.757909,0.681141,0.7006,0.7234,0.8974,0.6914,-0.0136,-0.0044,1.0,False,-0.0263,5.663692
ACSPublicCoverage,geo,4,RandForest,PA-2018,1,0.7636,0.687,-0.0766,0.687,0.765552,0.688602,0.708244,0.7286,0.9114,0.7054,-0.021244,-0.0184,1.0,False,-0.0517,5.663692
ACSPublicCoverage,geo,4,RandForest,TX-2018,1,0.7292,0.687,-0.0422,0.687,0.740464,0.666867,0.683155,0.6848,0.8886,0.6826,0.003845,0.0044,1.0,False,-0.1701,5.663692
ACSPublicCoverage,geo,4,RandForest,WA-2018,1,0.7486,0.687,-0.0616,0.687,0.755846,0.679791,0.698538,0.72,0.9096,0.7036,-0.011538,-0.0166,1.0,False,-0.0273,5.663692
ACSPublicCoverage,geo,4,XGBoost,ID,0,0.6954,0.702,0.0066,0.702,0.750241,0.697934,0.696329,0.6888,0.8752,0.689867,0.005671,0.012133,0.5,True,0.0,1.025132
ACSPublicCoverage,geo,4,XGBoost,FL-2018,1,0.759,0.702,-0.057,0.702,0.763415,0.709633,0.709502,0.7176,0.8804,0.695067,-0.007502,0.006933,1.0,False,-0.1385,1.025132
ACSPublicCoverage,geo,4,XGBoost,IL-2018,1,0.7744,0.702,-0.0724,0.702,0.777847,0.723369,0.723935,0.747,0.8912,0.705867,-0.021935,-0.003867,1.0,False,-0.0775,1.025132
ACSPublicCoverage,geo,4,XGBoost,MS-2018,1,0.721,0.702,-0.019,0.702,0.762116,0.709826,0.708203,0.7126,0.8734,0.688067,-0.006203,0.013933,1.0,False,-0.0903,1.025132
ACSPublicCoverage,geo,4,XGBoost,NY-2018,1,0.7144,0.702,-0.0124,0.702,0.770678,0.716358,0.716766,0.7404,0.8882,0.702867,-0.014766,-0.000867,1.0,False,0.0395,1.025132
ACSPublicCoverage,geo,4,XGBoost,OH-2018,1,0.7662,0.702,-0.0642,0.702,0.785666,0.729898,0.731754,0.7656,0.905,0.719667,-0.029754,-0.017667,1.0,False,-0.0263,1.025132
ACSPublicCoverage,geo,4,XGBoost,PA-2018,1,0.7728,0.702,-0.0708,0.702,0.788173,0.732433,0.734261,0.773,0.8988,0.713467,-0.032261,-0.011467,1.0,False,-0.0517,1.025132
ACSPublicCoverage,geo,4,XGBoost,TX-2018,1,0.743,0.702,-0.041,0.702,0.756691,0.70399,0.702779,0.7018,0.8786,0.693267,-0.000779,0.008733,1.0,False,-0.1701,1.025132
ACSPublicCoverage,geo,4,XGBoost,WA-2018,1,0.7568,0.702,-0.0548,0.702,0.780538,0.725736,0.726625,0.7528,0.89,0.704667,-0.024625,-0.002667,1.0,False,-0.0273,1.025132
ACSPublicCoverage,geotemporal,0,CatBoost,ID,0,0.7468,0.772,0.0252,0.772,0.775113,0.764358,0.771274,0.773,0.9268,0.7668,0.000726,0.0052,0.5,True,0.0,2.950201
ACSPublicCoverage,geotemporal,0,CatBoost,MS-2018,1,0.819,0.772,-0.047,0.772,0.778998,0.76852,0.775158,0.7628,0.9234,0.7634,-0.003158,0.0086,1.0,False,-0.0289,2.950201
ACSPublicCoverage,geotemporal,0,CatBoost,NY-2018,1,0.7014,0.772,0.0706,0.772,0.790711,0.779908,0.786872,0.7944,0.942,0.782,-0.014872,-0.01,1.0,False,0.1101,2.950201
ACSPublicCoverage,geotemporal,0,CatBoost,TX-2018,1,0.8382,0.772,-0.0662,0.772,0.783954,0.773226,0.780115,0.7812,0.9376,0.7776,-0.008115,-0.0056,1.0,False,-0.1089,2.950201
ACSPublicCoverage,geotemporal,0,CatBoost,WA-2018,1,0.76,0.772,0.012,0.772,0.802545,0.791768,0.798705,0.8146,0.9422,0.7822,-0.026705,-0.0102,1.0,False,0.0287,2.950201
ACSPublicCoverage,geotemporal,0,LightGBM,ID,0,0.7468,0.768667,0.021867,0.768667,0.777026,0.765441,0.769478,0.7772,0.9224,0.7624,-0.000812,0.006267,0.5,True,0.0,1.316961
ACSPublicCoverage,geotemporal,0,LightGBM,MS-2018,1,0.82,0.768667,-0.051333,0.768667,0.777993,0.766551,0.770446,0.7692,0.9198,0.7598,-0.001779,0.008867,1.0,False,-0.0289,1.316961
ACSPublicCoverage,geotemporal,0,LightGBM,NY-2018,1,0.6986,0.768667,0.070067,0.768667,0.789482,0.777864,0.781935,0.7932,0.9346,0.7746,-0.013268,-0.005933,1.0,False,0.1101,1.316961
ACSPublicCoverage,geotemporal,0,LightGBM,TX-2018,1,0.835,0.768667,-0.066333,0.768667,0.782984,0.771413,0.775437,0.7834,0.9368,0.7768,-0.00677,-0.008133,1.0,False,-0.1089,1.316961
ACSPublicCoverage,geotemporal,0,LightGBM,WA-2018,1,0.7594,0.768667,0.009267,0.768667,0.802511,0.790871,0.794963,0.8162,0.9372,0.7772,-0.026297,-0.008533,1.0,False,0.0287,1.316961
ACSPublicCoverage,geotemporal,0,LogReg,ID,0,0.7222,0.740333,0.018133,0.740333,0.738494,0.732375,0.740746,0.7424,0.9872,0.744867,-0.000412,-0.004533,0.5,True,0.0,0.100152
ACSPublicCoverage,geotemporal,0,LogReg,MS-2018,1,0.7908,0.740333,-0.050467,0.740333,0.731226,0.725263,0.733477,0.7106,0.983,0.740667,0.006856,-0.000333,1.0,False,-0.0289,0.100152
ACSPublicCoverage,geotemporal,0,LogReg,NY-2018,1,0.6636,0.740333,0.076733,0.740333,0.742811,0.736635,0.745063,0.7568,0.9878,0.745467,-0.00473,-0.005133,1.0,False,0.1101,0.100152
ACSPublicCoverage,geotemporal,0,LogReg,TX-2018,1,0.8284,0.740333,-0.088067,0.740333,0.740945,0.734799,0.743197,0.7408,0.9864,0.744067,-0.002864,-0.003733,1.0,False,-0.1089,0.100152
ACSPublicCoverage,geotemporal,0,LogReg,WA-2018,1,0.737,0.740333,0.003333,0.740333,0.747209,0.740976,0.749461,0.7628,0.987,0.744667,-0.009127,-0.004333,1.0,False,0.0287,0.100152
ACSPublicCoverage,geotemporal,0,MLP,ID,0,0.7346,0.754667,0.020067,0.754667,0.76777,0.750639,0.753103,0.752,0.8974,0.740733,0.001564,0.013933,0.5,True,0.0,5.56657
ACSPublicCoverage,geotemporal,0,MLP,MS-2018,1,0.7778,0.754667,-0.023133,0.754667,0.732616,0.717298,0.71795,0.6226,0.8826,0.725933,0.036717,0.028733,1.0,False,-0.0289,5.56657
ACSPublicCoverage,geotemporal,0,MLP,NY-2018,1,0.6936,0.754667,0.061067,0.754667,0.712756,0.697983,0.69809,0.5766,0.8626,0.705933,0.056577,0.048733,1.0,False,0.1101,5.56657
ACSPublicCoverage,geotemporal,0,MLP,TX-2018,1,0.7334,0.754667,0.021267,0.754667,0.69141,0.677623,0.676743,0.5102,0.8026,0.645933,0.077924,0.108733,1.0,False,-0.1089,5.56657
ACSPublicCoverage,geotemporal,0,MLP,WA-2018,1,0.7116,0.754667,0.043067,0.754667,0.697637,0.683566,0.682971,0.5224,0.791,0.634333,0.071696,0.120333,1.0,False,0.0287,5.56657
ACSPublicCoverage,geotemporal,0,RandForest,ID,0,0.7222,0.752667,0.030467,0.752667,0.774351,0.727255,0.753171,0.7582,0.9188,0.762133,-0.000505,-0.009467,0.5,True,0.0,5.485806
ACSPublicCoverage,geotemporal,0,RandForest,MS-2018,1,0.798,0.752667,-0.045333,0.752667,0.770704,0.723064,0.749524,0.7516,0.9168,0.760133,0.003143,-0.007467,1.0,False,-0.0289,5.485806
ACSPublicCoverage,geotemporal,0,RandForest,NY-2018,1,0.6926,0.752667,0.060067,0.752667,0.782193,0.734823,0.761014,0.7736,0.9306,0.773933,-0.008347,-0.021267,1.0,False,0.1101,5.485806
ACSPublicCoverage,geotemporal,0,RandForest,TX-2018,1,0.8132,0.752667,-0.060533,0.752667,0.782476,0.735174,0.761296,0.7756,0.9182,0.761533,-0.00863,-0.008867,1.0,False,-0.1089,5.485806
ACSPublicCoverage,geotemporal,0,RandForest,WA-2018,1,0.7474,0.752667,0.005267,0.752667,0.79025,0.742042,0.769071,0.7952,0.9362,0.779533,-0.016404,-0.026867,1.0,False,0.0287,5.485806
ACSPublicCoverage,geotemporal,0,XGBoost,ID,0,0.7416,0.759,0.0174,0.759,0.794989,0.755248,0.759909,0.7622,0.9134,0.766067,-0.000909,-0.007067,0.5,True,0.0,1.036438
ACSPublicCoverage,geotemporal,0,XGBoost,MS-2018,1,0.809,0.759,-0.05,0.759,0.797197,0.757899,0.762117,0.7622,0.9116,0.764267,-0.003117,-0.005267,1.0,False,-0.0289,1.036438
ACSPublicCoverage,geotemporal,0,XGBoost,NY-2018,1,0.6974,0.759,0.0616,0.759,0.808543,0.768648,0.773464,0.7912,0.921,0.773667,-0.014464,-0.014667,1.0,False,0.1101,1.036438
ACSPublicCoverage,geotemporal,0,XGBoost,TX-2018,1,0.825,0.759,-0.066,0.759,0.80265,0.76272,0.767571,0.7822,0.9196,0.772267,-0.008571,-0.013267,1.0,False,-0.1089,1.036438
ACSPublicCoverage,geotemporal,0,XGBoost,WA-2018,1,0.755,0.759,0.004,0.759,0.821412,0.78144,0.786333,0.81,0.9328,0.785467,-0.027333,-0.026467,1.0,False,0.0287,1.036438
ACSPublicCoverage,geotemporal,1,CatBoost,ID,0,0.7594,0.763667,0.004267,0.763667,0.778641,0.767834,0.763234,0.757,0.9346,0.762933,0.000433,0.000733,0.5,True,0.0,2.778471
ACSPublicCoverage,geotemporal,1,CatBoost,MS-2018,1,0.8002,0.763667,-0.036533,0.763667,0.775228,0.764793,0.759821,0.737,0.9206,0.748933,0.003845,0.014733,1.0,False,-0.0212,2.778471
ACSPublicCoverage,geotemporal,1,CatBoost,NY-2018,1,0.713,0.763667,0.050667,0.763667,0.797896,0.78708,0.78249,0.7948,0.9386,0.766933,-0.018823,-0.003267,1.0,False,0.0922,2.778471
ACSPublicCoverage,geotemporal,1,CatBoost,TX-2018,1,0.828,0.763667,-0.064333,0.763667,0.786553,0.775703,0.771147,0.7746,0.9388,0.767133,-0.00748,-0.003467,1.0,False,-0.114,2.778471
ACSPublicCoverage,geotemporal,1,CatBoost,WA-2018,1,0.7734,0.763667,-0.009733,0.763667,0.805903,0.795151,0.790497,0.8018,0.9502,0.778533,-0.02683,-0.014867,1.0,False,0.0178,2.778471
ACSPublicCoverage,geotemporal,1,LightGBM,ID,0,0.756,0.759333,0.003333,0.759333,0.778758,0.76354,0.761221,0.7638,0.935,0.768333,-0.001887,-0.009,0.5,True,0.0,0.875526
ACSPublicCoverage,geotemporal,1,LightGBM,MS-2018,1,0.8042,0.759333,-0.044867,0.759333,0.775807,0.760952,0.75827,0.7458,0.9156,0.748933,0.001064,0.0104,1.0,False,-0.0212,0.875526
ACSPublicCoverage,geotemporal,1,LightGBM,NY-2018,1,0.7136,0.759333,0.045733,0.759333,0.798918,0.783565,0.781381,0.8002,0.934,0.767333,-0.022048,-0.008,1.0,False,0.0922,0.875526
ACSPublicCoverage,geotemporal,1,LightGBM,TX-2018,1,0.8268,0.759333,-0.067467,0.759333,0.786075,0.770692,0.768538,0.7818,0.9334,0.766733,-0.009204,-0.0074,1.0,False,-0.114,0.875526
ACSPublicCoverage,geotemporal,1,LightGBM,WA-2018,1,0.7714,0.759333,-0.012067,0.759333,0.806266,0.791017,0.788728,0.8094,0.9374,0.770733,-0.029395,-0.0114,1.0,False,0.0178,0.875526
ACSPublicCoverage,geotemporal,1,LogReg,ID,0,0.7394,0.734,-0.0054,0.734,0.737453,0.739854,0.735172,0.7356,0.9892,0.732867,-0.001172,0.001133,0.5,True,0.0,0.094069
ACSPublicCoverage,geotemporal,1,LogReg,MS-2018,1,0.7964,0.734,-0.0624,0.734,0.731979,0.734331,0.729698,0.7138,0.9878,0.731467,0.004302,0.002533,1.0,False,-0.0212,0.094069
ACSPublicCoverage,geotemporal,1,LogReg,NY-2018,1,0.6792,0.734,0.0548,0.734,0.745253,0.747686,0.742972,0.7534,0.99,0.733667,-0.008972,0.000333,1.0,False,0.0922,0.094069
ACSPublicCoverage,geotemporal,1,LogReg,TX-2018,1,0.8274,0.734,-0.0934,0.734,0.743232,0.745665,0.740951,0.7532,0.9902,0.733867,-0.006951,0.000133,1.0,False,-0.114,0.094069
ACSPublicCoverage,geotemporal,1,LogReg,WA-2018,1,0.7462,0.734,-0.0122,0.734,0.746691,0.74914,0.744409,0.7654,0.9882,0.731867,-0.010409,0.002133,1.0,False,0.0178,0.094069
ACSPublicCoverage,geotemporal,1,MLP,ID,0,0.7462,0.755333,0.009133,0.755333,0.78842,0.761251,0.754969,0.751,0.8882,0.7472,0.000364,0.008133,0.5,True,0.0,19.012777
ACSPublicCoverage,geotemporal,1,MLP,MS-2018,1,0.8002,0.755333,-0.044867,0.755333,0.790346,0.763985,0.756895,0.7312,0.8768,0.7358,-0.001562,0.019533,1.0,False,-0.0212,19.012777
ACSPublicCoverage,geotemporal,1,MLP,NY-2018,1,0.702,0.755333,0.053333,0.755333,0.810604,0.783454,0.777154,0.7922,0.9,0.759,-0.02182,-0.003667,1.0,False,0.0922,19.012777
ACSPublicCoverage,geotemporal,1,MLP,TX-2018,1,0.8328,0.755333,-0.077467,0.755333,0.800477,0.773315,0.767026,0.7742,0.8854,0.7444,-0.011693,0.010933,1.0,False,-0.114,19.012777
ACSPublicCoverage,geotemporal,1,MLP,WA-2018,1,0.7522,0.755333,0.003133,0.755333,0.814566,0.787832,0.781116,0.7982,0.8856,0.7446,-0.025782,0.010733,1.0,False,0.0178,19.012777
ACSPublicCoverage,geotemporal,1,RandForest,ID,0,0.7416,0.746333,0.004733,0.746333,0.779409,0.734033,0.748274,0.7488,0.9234,0.746733,-0.001941,-0.0004,0.5,True,0.0,3.933697
ACSPublicCoverage,geotemporal,1,RandForest,MS-2018,1,0.7876,0.746333,-0.041267,0.746333,0.769689,0.724757,0.738553,0.722,0.9144,0.737733,0.00778,0.0086,1.0,False,-0.0212,3.933697
ACSPublicCoverage,geotemporal,1,RandForest,NY-2018,1,0.7024,0.746333,0.043933,0.746333,0.790936,0.745336,0.7598,0.7686,0.9272,0.750533,-0.013467,-0.0042,1.0,False,0.0922,3.933697
ACSPublicCoverage,geotemporal,1,RandForest,TX-2018,1,0.8026,0.746333,-0.056267,0.746333,0.785163,0.739449,0.754027,0.7666,0.9246,0.747933,-0.007694,-0.0016,1.0,False,-0.114,3.933697
ACSPublicCoverage,geotemporal,1,RandForest,WA-2018,1,0.7588,0.746333,-0.012467,0.746333,0.796426,0.751149,0.765291,0.784,0.9326,0.755933,-0.018958,-0.0096,1.0,False,0.0178,3.933697
ACSPublicCoverage,geotemporal,1,XGBoost,ID,0,0.7522,0.762667,0.010467,0.762667,0.798098,0.758754,0.76402,0.7552,0.9186,0.7736,-0.001353,-0.010933,0.5,True,0.0,1.01529
ACSPublicCoverage,geotemporal,1,XGBoost,MS-2018,1,0.7856,0.762667,-0.022933,0.762667,0.794205,0.755895,0.760127,0.7372,0.8946,0.7496,0.00254,0.013067,1.0,False,-0.0212,1.01529
ACSPublicCoverage,geotemporal,1,XGBoost,NY-2018,1,0.7166,0.762667,0.046067,0.762667,0.81631,0.776816,0.782231,0.7958,0.921,0.776,-0.019565,-0.013333,1.0,False,0.0922,1.01529
ACSPublicCoverage,geotemporal,1,XGBoost,TX-2018,1,0.8118,0.762667,-0.049133,0.762667,0.803456,0.764118,0.769377,0.7726,0.9148,0.7698,-0.006711,-0.007133,1.0,False,-0.114,1.01529
ACSPublicCoverage,geotemporal,1,XGBoost,WA-2018,1,0.7696,0.762667,-0.006933,0.762667,0.825783,0.786307,0.791705,0.8144,0.9248,0.7798,-0.029038,-0.017133,1.0,False,0.0178,1.01529
ACSPublicCoverage,geotemporal,2,CatBoost,ID,0,0.769,0.760667,-0.008333,0.760667,0.783925,0.75808,0.758791,0.7496,0.9378,0.7618,0.001876,-0.001133,0.5,True,0.0,2.880836
ACSPublicCoverage,geotemporal,2,CatBoost,MS-2018,1,0.8112,0.760667,-0.050533,0.760667,0.782873,0.758094,0.757739,0.722,0.9382,0.7622,0.002928,-0.001533,1.0,False,-0.0178,2.880836
ACSPublicCoverage,geotemporal,2,CatBoost,NY-2018,1,0.698,0.760667,0.062667,0.760667,0.803671,0.777868,0.778537,0.782,0.9414,0.7654,-0.01787,-0.004733,1.0,False,0.117,2.880836
ACSPublicCoverage,geotemporal,2,CatBoost,TX-2018,1,0.8352,0.760667,-0.074533,0.760667,0.793595,0.767858,0.768461,0.758,0.9342,0.7582,-0.007794,0.002467,1.0,False,-0.1056,2.880836
ACSPublicCoverage,geotemporal,2,CatBoost,WA-2018,1,0.766,0.760667,-0.005333,0.760667,0.8142,0.788303,0.789066,0.7988,0.9476,0.7716,-0.0284,-0.010933,1.0,False,0.0354,2.880836
ACSPublicCoverage,geotemporal,2,LightGBM,ID,0,0.7678,0.759333,-0.008467,0.759333,0.784893,0.756905,0.757215,0.7512,0.933,0.761667,0.002118,-0.002333,0.5,True,0.0,0.845522
ACSPublicCoverage,geotemporal,2,LightGBM,MS-2018,1,0.8072,0.759333,-0.047867,0.759333,0.782637,0.755766,0.754959,0.7226,0.9222,0.750867,0.004375,0.008467,1.0,False,-0.0178,0.845522
ACSPublicCoverage,geotemporal,2,LightGBM,NY-2018,1,0.6946,0.759333,0.064733,0.759333,0.804025,0.776075,0.776347,0.7848,0.9354,0.764067,-0.017014,-0.004733,1.0,False,0.117,0.845522
ACSPublicCoverage,geotemporal,2,LightGBM,TX-2018,1,0.8374,0.759333,-0.078067,0.759333,0.792781,0.765038,0.765104,0.7594,0.9354,0.764067,-0.00577,-0.004733,1.0,False,-0.1056,0.845522
ACSPublicCoverage,geotemporal,2,LightGBM,WA-2018,1,0.7632,0.759333,-0.003867,0.759333,0.814465,0.786326,0.786788,0.8058,0.9388,0.767467,-0.027454,-0.008133,1.0,False,0.0354,0.845522
ACSPublicCoverage,geotemporal,2,LogReg,ID,0,0.7494,0.734667,-0.014733,0.734667,0.75027,0.730128,0.733113,0.7352,0.9842,0.7282,0.001554,0.006467,0.5,True,0.0,0.087995
ACSPublicCoverage,geotemporal,2,LogReg,MS-2018,1,0.7948,0.734667,-0.060133,0.734667,0.745759,0.72611,0.728601,0.7126,0.9784,0.7224,0.006065,0.012267,1.0,False,-0.0178,0.087995
ACSPublicCoverage,geotemporal,2,LogReg,NY-2018,1,0.6676,0.734667,0.067067,0.734667,0.757267,0.736903,0.740109,0.7506,0.9886,0.7326,-0.005442,0.002067,1.0,False,0.117,0.087995
ACSPublicCoverage,geotemporal,2,LogReg,TX-2018,1,0.824,0.734667,-0.089333,0.734667,0.755714,0.73547,0.738557,0.7442,0.9876,0.7316,-0.00389,0.003067,1.0,False,-0.1056,0.087995
ACSPublicCoverage,geotemporal,2,LogReg,WA-2018,1,0.7358,0.734667,-0.001133,0.734667,0.762613,0.742031,0.745455,0.7656,0.9894,0.7334,-0.010788,0.001267,1.0,False,0.0354,0.087995
ACSPublicCoverage,geotemporal,2,MLP,ID,0,0.757,0.744333,-0.012667,0.744333,0.755605,0.746424,0.744125,0.7462,0.8778,0.7458,0.000209,-0.001467,0.5,True,0.0,5.36822
ACSPublicCoverage,geotemporal,2,MLP,MS-2018,1,0.7328,0.744333,0.011533,0.744333,0.905222,0.897977,0.893741,0.9438,0.7142,0.5822,-0.149408,0.162133,1.0,False,-0.0178,5.36822
ACSPublicCoverage,geotemporal,2,MLP,NY-2018,1,0.5918,0.744333,0.152533,0.744333,0.959849,0.95483,0.948368,0.9926,0.8022,0.6702,-0.204035,0.074133,1.0,False,0.117,5.36822
ACSPublicCoverage,geotemporal,2,MLP,TX-2018,1,0.8138,0.744333,-0.069467,0.744333,0.987947,0.985532,0.976466,0.9996,0.785,0.653,-0.232132,0.091333,1.0,False,-0.1056,5.36822
ACSPublicCoverage,geotemporal,2,MLP,WA-2018,1,0.6728,0.744333,0.071533,0.744333,0.994095,0.992629,0.982614,1.0,0.7878,0.6558,-0.238281,0.088533,1.0,False,0.0354,5.36822
ACSPublicCoverage,geotemporal,2,RandForest,ID,0,0.7534,0.748,-0.0054,0.748,0.780898,0.726368,0.744567,0.726,0.9236,0.755267,0.003433,-0.007267,0.5,True,0.0,5.532876
ACSPublicCoverage,geotemporal,2,RandForest,MS-2018,1,0.7964,0.748,-0.0484,0.748,0.775698,0.721905,0.739368,0.7176,0.9198,0.751467,0.008632,-0.003467,1.0,False,-0.0178,5.532876
ACSPublicCoverage,geotemporal,2,RandForest,NY-2018,1,0.6854,0.748,0.0626,0.748,0.794825,0.74049,0.758494,0.7572,0.9292,0.760867,-0.010494,-0.012867,1.0,False,0.117,5.532876
ACSPublicCoverage,geotemporal,2,RandForest,TX-2018,1,0.8158,0.748,-0.0678,0.748,0.786307,0.732236,0.749977,0.7418,0.9244,0.756067,-0.001977,-0.008067,1.0,False,-0.1056,5.532876
ACSPublicCoverage,geotemporal,2,RandForest,WA-2018,1,0.754,0.748,-0.006,0.748,0.801469,0.746562,0.765139,0.7692,0.9406,0.772267,-0.017139,-0.024267,1.0,False,0.0354,5.532876
ACSPublicCoverage,geotemporal,2,XGBoost,ID,0,0.7598,0.751667,-0.008133,0.751667,0.800332,0.749406,0.7495,0.7348,0.911,0.740333,0.002166,0.011333,0.5,True,0.0,2.737617
ACSPublicCoverage,geotemporal,2,XGBoost,MS-2018,1,0.7956,0.751667,-0.043933,0.751667,0.798705,0.749657,0.747874,0.7148,0.909,0.738333,0.003793,0.013333,1.0,False,-0.0178,2.737617
ACSPublicCoverage,geotemporal,2,XGBoost,NY-2018,1,0.6922,0.751667,0.059467,0.751667,0.818939,0.768553,0.768108,0.7694,0.9216,0.750933,-0.016441,0.000733,1.0,False,0.117,2.737617
ACSPublicCoverage,geotemporal,2,XGBoost,TX-2018,1,0.8224,0.751667,-0.070733,0.751667,0.807972,0.757212,0.757141,0.7496,0.921,0.750333,-0.005474,0.001333,1.0,False,-0.1056,2.737617
ACSPublicCoverage,geotemporal,2,XGBoost,WA-2018,1,0.7544,0.751667,-0.002733,0.751667,0.831209,0.780165,0.780378,0.8034,0.9282,0.757533,-0.028711,-0.005867,1.0,False,0.0354,2.737617
ACSPublicCoverage,geotemporal,3,CatBoost,ID,0,0.7598,0.752333,-0.007467,0.752333,0.782929,0.759697,0.753608,0.7504,0.9368,0.755133,-0.001274,-0.0028,0.5,True,0.0,3.883503
ACSPublicCoverage,geotemporal,3,CatBoost,MS-2018,1,0.8,0.752333,-0.047667,0.752333,0.78128,0.75863,0.751958,0.7362,0.928,0.746333,0.000375,0.006,1.0,False,-0.0075,3.883503
ACSPublicCoverage,geotemporal,3,CatBoost,NY-2018,1,0.6942,0.752333,0.058133,0.752333,0.802883,0.779426,0.773562,0.788,0.9368,0.755133,-0.021228,-0.0028,1.0,False,0.1177,3.883503
ACSPublicCoverage,geotemporal,3,CatBoost,TX-2018,1,0.8264,0.752333,-0.074067,0.752333,0.79041,0.767136,0.761089,0.7662,0.9326,0.750933,-0.008755,0.0014,1.0,False,-0.1003,3.883503
ACSPublicCoverage,geotemporal,3,CatBoost,WA-2018,1,0.7506,0.752333,0.001733,0.752333,0.806516,0.783355,0.777195,0.7932,0.943,0.761333,-0.024861,-0.009,1.0,False,0.0463,3.883503
ACSPublicCoverage,geotemporal,3,LightGBM,ID,0,0.764,0.754667,-0.009333,0.754667,0.784678,0.759627,0.756231,0.7506,0.9308,0.762467,-0.001565,-0.0078,0.5,True,0.0,0.879525
ACSPublicCoverage,geotemporal,3,LightGBM,MS-2018,1,0.7996,0.754667,-0.044933,0.754667,0.781543,0.75688,0.753096,0.7334,0.9198,0.751467,0.00157,0.0032,1.0,False,-0.0075,0.879525
ACSPublicCoverage,geotemporal,3,LightGBM,NY-2018,1,0.695,0.754667,0.059667,0.754667,0.801155,0.775946,0.772708,0.782,0.9322,0.763867,-0.018041,-0.0092,1.0,False,0.1177,0.879525
ACSPublicCoverage,geotemporal,3,LightGBM,TX-2018,1,0.8256,0.754667,-0.070933,0.754667,0.789055,0.763997,0.760608,0.7542,0.9262,0.757867,-0.005941,-0.0032,1.0,False,-0.1003,0.879525
ACSPublicCoverage,geotemporal,3,LightGBM,WA-2018,1,0.7496,0.754667,0.005067,0.754667,0.8077,0.782682,0.779253,0.7906,0.94,0.771667,-0.024586,-0.017,1.0,False,0.0463,0.879525
ACSPublicCoverage,geotemporal,3,LogReg,ID,0,0.7374,0.730667,-0.006733,0.730667,0.750963,0.732786,0.732753,0.7382,0.9882,0.732533,-0.002086,-0.001867,0.5,True,0.0,0.090897
ACSPublicCoverage,geotemporal,3,LogReg,MS-2018,1,0.797,0.730667,-0.066333,0.730667,0.745625,0.727797,0.727415,0.7174,0.9872,0.731533,0.003252,-0.000867,1.0,False,-0.0075,0.090897
ACSPublicCoverage,geotemporal,3,LogReg,NY-2018,1,0.667,0.730667,0.063667,0.730667,0.755228,0.73694,0.737017,0.7454,0.9874,0.731733,-0.006351,-0.001067,1.0,False,0.1177,0.090897
ACSPublicCoverage,geotemporal,3,LogReg,TX-2018,1,0.819,0.730667,-0.088333,0.730667,0.752057,0.733934,0.733847,0.738,0.986,0.730333,-0.00318,0.000333,1.0,False,-0.1003,0.090897
ACSPublicCoverage,geotemporal,3,LogReg,WA-2018,1,0.7266,0.730667,0.004067,0.730667,0.75895,0.740531,0.74074,0.7584,0.9854,0.729733,-0.010073,0.000933,1.0,False,0.0463,0.090897
ACSPublicCoverage,geotemporal,3,MLP,ID,0,0.752,0.738333,-0.013667,0.738333,0.759323,0.749025,0.741048,0.7554,0.9252,0.737533,-0.002714,0.0008,0.5,True,0.0,4.770589
ACSPublicCoverage,geotemporal,3,MLP,MS-2018,1,0.7688,0.738333,-0.030467,0.738333,0.699392,0.690567,0.681116,0.5504,0.862,0.674333,0.057217,0.064,1.0,False,-0.0075,4.770589
ACSPublicCoverage,geotemporal,3,MLP,NY-2018,1,0.6754,0.738333,0.062933,0.738333,0.697439,0.688758,0.679163,0.544,0.8572,0.669533,0.05917,0.0688,1.0,False,0.1177,4.770589
ACSPublicCoverage,geotemporal,3,MLP,TX-2018,1,0.7286,0.738333,0.009733,0.738333,0.677702,0.66956,0.659426,0.4762,0.7986,0.610933,0.078907,0.1274,1.0,False,-0.1003,4.770589
ACSPublicCoverage,geotemporal,3,MLP,WA-2018,1,0.7002,0.738333,0.038133,0.738333,0.679278,0.671052,0.661002,0.4898,0.8116,0.623933,0.077331,0.1144,1.0,False,0.0463,4.770589
ACSPublicCoverage,geotemporal,3,RandForest,ID,0,0.7408,0.74,-0.0008,0.74,0.782043,0.721795,0.738399,0.7326,0.9266,0.745933,0.001601,-0.005933,0.5,True,0.0,4.313736
ACSPublicCoverage,geotemporal,3,RandForest,MS-2018,1,0.7848,0.74,-0.0448,0.74,0.777204,0.715946,0.73356,0.7222,0.9276,0.746933,0.00644,-0.006933,1.0,False,-0.0075,4.313736
ACSPublicCoverage,geotemporal,3,RandForest,NY-2018,1,0.6862,0.74,0.0538,0.74,0.793061,0.731603,0.749417,0.7524,0.9294,0.748733,-0.009417,-0.008733,1.0,False,0.1177,4.313736
ACSPublicCoverage,geotemporal,3,RandForest,TX-2018,1,0.811,0.74,-0.071,0.74,0.789372,0.727734,0.745728,0.7488,0.9204,0.739733,-0.005728,0.000267,1.0,False,-0.1003,4.313736
ACSPublicCoverage,geotemporal,3,RandForest,WA-2018,1,0.7348,0.74,0.0052,0.74,0.796135,0.735094,0.752491,0.7568,0.9344,0.753733,-0.012491,-0.013733,1.0,False,0.0463,4.313736
ACSPublicCoverage,geotemporal,3,XGBoost,ID,0,0.7498,0.747,-0.0028,0.747,0.801936,0.748851,0.747918,0.7416,0.9164,0.754067,-0.000918,-0.007067,0.5,True,0.0,1.007281
ACSPublicCoverage,geotemporal,3,XGBoost,MS-2018,1,0.7772,0.747,-0.0302,0.747,0.796196,0.743957,0.742178,0.7264,0.9058,0.743467,0.004822,0.003533,1.0,False,-0.0075,1.007281
ACSPublicCoverage,geotemporal,3,XGBoost,NY-2018,1,0.697,0.747,0.05,0.747,0.816621,0.763651,0.762603,0.7708,0.9202,0.757867,-0.015603,-0.010867,1.0,False,0.1177,1.007281
ACSPublicCoverage,geotemporal,3,XGBoost,TX-2018,1,0.8144,0.747,-0.0674,0.747,0.807269,0.753938,0.753251,0.7532,0.9176,0.755267,-0.006251,-0.008267,1.0,False,-0.1003,1.007281
ACSPublicCoverage,geotemporal,3,XGBoost,WA-2018,1,0.7512,0.747,-0.0042,0.747,0.823264,0.770312,0.769246,0.7822,0.9256,0.763267,-0.022246,-0.016267,1.0,False,0.0463,1.007281
ACSPublicCoverage,geotemporal,4,CatBoost,ID,0,0.759,0.767333,0.008333,0.767333,0.777066,0.757672,0.765741,0.7636,0.924,0.765667,0.001593,0.001667,0.5,True,0.0,2.876272
ACSPublicCoverage,geotemporal,4,CatBoost,MS-2018,1,0.8122,0.767333,-0.044867,0.767333,0.777912,0.759316,0.766587,0.7462,0.9254,0.767067,0.000746,0.000267,1.0,False,-0.0108,2.876272
ACSPublicCoverage,geotemporal,4,CatBoost,NY-2018,1,0.715,0.767333,0.052333,0.767333,0.790434,0.77106,0.77911,0.7834,0.9278,0.769467,-0.011776,-0.002133,1.0,False,0.1032,2.876272
ACSPublicCoverage,geotemporal,4,CatBoost,TX-2018,1,0.8334,0.767333,-0.066067,0.767333,0.782552,0.763244,0.771227,0.7702,0.9296,0.771267,-0.003893,-0.003933,1.0,False,-0.1168,2.876272
ACSPublicCoverage,geotemporal,4,CatBoost,WA-2018,1,0.7592,0.767333,0.008133,0.767333,0.803526,0.783916,0.792201,0.8092,0.9444,0.786067,-0.024868,-0.018733,1.0,False,0.0398,2.876272
ACSPublicCoverage,geotemporal,4,LightGBM,ID,0,0.7602,0.760333,0.000133,0.760333,0.777349,0.754714,0.759581,0.7652,0.9222,0.7692,0.000752,-0.008867,0.5,True,0.0,0.887352
ACSPublicCoverage,geotemporal,4,LightGBM,MS-2018,1,0.811,0.760333,-0.050667,0.760333,0.781004,0.758937,0.763236,0.756,0.917,0.764,-0.002903,-0.003667,1.0,False,-0.0108,0.887352
ACSPublicCoverage,geotemporal,4,LightGBM,NY-2018,1,0.7102,0.760333,0.050133,0.760333,0.795442,0.772642,0.777674,0.7956,0.9272,0.7742,-0.01734,-0.013867,1.0,False,0.1032,0.887352
ACSPublicCoverage,geotemporal,4,LightGBM,TX-2018,1,0.8312,0.760333,-0.070867,0.760333,0.783147,0.760539,0.765379,0.766,0.92,0.767,-0.005046,-0.006667,1.0,False,-0.1168,0.887352
ACSPublicCoverage,geotemporal,4,LightGBM,WA-2018,1,0.7562,0.760333,0.004133,0.760333,0.804341,0.781434,0.786573,0.81,0.9312,0.7782,-0.02624,-0.017867,1.0,False,0.0398,0.887352
ACSPublicCoverage,geotemporal,4,LogReg,ID,0,0.7432,0.747667,0.004467,0.747667,0.740961,0.738622,0.745644,0.743,0.9886,0.747267,0.002023,0.0004,0.5,True,0.0,0.096984
ACSPublicCoverage,geotemporal,4,LogReg,MS-2018,1,0.7896,0.747667,-0.041933,0.747667,0.74033,0.73802,0.745013,0.7324,0.9814,0.740067,0.002654,0.0076,1.0,False,-0.0108,0.096984
ACSPublicCoverage,geotemporal,4,LogReg,NY-2018,1,0.6876,0.747667,0.060067,0.747667,0.748817,0.746438,0.7535,0.7684,0.9858,0.744467,-0.005833,0.0032,1.0,False,0.1032,0.096984
ACSPublicCoverage,geotemporal,4,LogReg,TX-2018,1,0.8242,0.747667,-0.076533,0.747667,0.746781,0.74442,0.751464,0.7584,0.9852,0.743867,-0.003798,0.0038,1.0,False,-0.1168,0.096984
ACSPublicCoverage,geotemporal,4,LogReg,WA-2018,1,0.7326,0.747667,0.015067,0.747667,0.754744,0.752342,0.759427,0.7754,0.9854,0.744067,-0.01176,0.0036,1.0,False,0.0398,0.096984
ACSPublicCoverage,geotemporal,4,MLP,ID,0,0.7508,0.758,0.0072,0.758,0.770968,0.751328,0.756659,0.744,0.9484,0.757733,0.001341,0.000267,0.5,True,0.0,7.740836
ACSPublicCoverage,geotemporal,4,MLP,MS-2018,1,0.8044,0.758,-0.0464,0.758,0.778552,0.759285,0.764243,0.7456,0.9368,0.746133,-0.006243,0.011867,1.0,False,-0.0108,7.740836
ACSPublicCoverage,geotemporal,4,MLP,NY-2018,1,0.6994,0.758,0.0586,0.758,0.78484,0.765117,0.77053,0.7772,0.947,0.756333,-0.01253,0.001667,1.0,False,0.1032,7.740836
ACSPublicCoverage,geotemporal,4,MLP,TX-2018,1,0.8304,0.758,-0.0724,0.758,0.780308,0.760671,0.765998,0.7616,0.9476,0.756933,-0.007998,0.001067,1.0,False,-0.1168,7.740836
ACSPublicCoverage,geotemporal,4,MLP,WA-2018,1,0.7438,0.758,0.0142,0.758,0.795036,0.775226,0.780727,0.789,0.9558,0.765133,-0.022727,-0.007133,1.0,False,0.0398,7.740836
ACSPublicCoverage,geotemporal,4,RandForest,ID,0,0.7476,0.745667,-0.001933,0.745667,0.773549,0.722697,0.743931,0.7524,0.9062,0.735533,0.001736,0.010133,0.5,True,0.0,4.025109
ACSPublicCoverage,geotemporal,4,RandForest,MS-2018,1,0.7918,0.745667,-0.046133,0.745667,0.767868,0.717933,0.73825,0.7268,0.9094,0.738733,0.007417,0.006933,1.0,False,-0.0108,4.025109
ACSPublicCoverage,geotemporal,4,RandForest,NY-2018,1,0.6984,0.745667,0.047267,0.745667,0.785459,0.734119,0.75584,0.7754,0.9258,0.755133,-0.010174,-0.009467,1.0,False,0.1032,4.025109
ACSPublicCoverage,geotemporal,4,RandForest,TX-2018,1,0.804,0.745667,-0.058333,0.745667,0.780888,0.729917,0.751269,0.7544,0.9198,0.749133,-0.005603,-0.003467,1.0,False,-0.1168,4.025109
ACSPublicCoverage,geotemporal,4,RandForest,WA-2018,1,0.744,0.745667,0.001667,0.745667,0.79333,0.741799,0.763712,0.7868,0.9238,0.753133,-0.018045,-0.007467,1.0,False,0.0398,4.025109
ACSPublicCoverage,geotemporal,4,XGBoost,ID,0,0.7514,0.753333,0.001933,0.753333,0.794143,0.744256,0.751316,0.7454,0.9002,0.748867,0.002017,0.004467,0.5,True,0.0,1.019443
ACSPublicCoverage,geotemporal,4,XGBoost,MS-2018,1,0.7996,0.753333,-0.046267,0.753333,0.799057,0.750213,0.75623,0.7486,0.9046,0.753267,-0.002897,6.7e-05,1.0,False,-0.0108,1.019443
ACSPublicCoverage,geotemporal,4,XGBoost,NY-2018,1,0.704,0.753333,0.049333,0.753333,0.810113,0.759988,0.767286,0.7728,0.9154,0.764067,-0.013953,-0.010733,1.0,False,0.1032,1.019443
ACSPublicCoverage,geotemporal,4,XGBoost,TX-2018,1,0.8138,0.753333,-0.060467,0.753333,0.799642,0.749669,0.756815,0.7588,0.907,0.755667,-0.003482,-0.002333,1.0,False,-0.1168,1.019443
ACSPublicCoverage,geotemporal,4,XGBoost,WA-2018,1,0.759,0.753333,-0.005667,0.753333,0.822513,0.772104,0.779686,0.801,0.9174,0.766067,-0.026353,-0.012733,1.0,False,0.0398,1.019443
ACSPublicCoverage,temporal,0,CatBoost,ID,0,0.7468,0.772,0.0252,0.772,0.775113,0.764358,0.771274,0.773,0.9326,0.779933,0.000726,-0.007933,0.5,True,0.0,3.175593
ACSPublicCoverage,temporal,0,CatBoost,CA-2015,1,0.7218,0.772,0.0502,0.772,0.778369,0.767508,0.77453,0.7868,0.937,0.784333,-0.00253,-0.012333,0.52138,True,0.0487,3.175593
ACSPublicCoverage,temporal,0,CatBoost,CA-2016,1,0.7064,0.772,0.0656,0.772,0.780305,0.769533,0.776466,0.781,0.9334,0.780733,-0.004466,-0.008733,0.510426,True,0.0643,3.175593
ACSPublicCoverage,temporal,0,CatBoost,CA-2017,1,0.7234,0.772,0.0486,0.772,0.778727,0.767984,0.774888,0.7742,0.9358,0.783133,-0.002888,-0.011133,0.51369,True,0.0509,3.175593
ACSPublicCoverage,temporal,0,CatBoost,CA-2018,1,0.7152,0.772,0.0568,0.772,0.783594,0.772788,0.779755,0.787,0.9398,0.787133,-0.007755,-0.015133,0.532055,True,0.0591,3.175593
ACSPublicCoverage,temporal,0,LightGBM,ID,0,0.7468,0.768667,0.021867,0.768667,0.777026,0.765441,0.769478,0.7772,0.9274,0.766733,-0.000812,0.001933,0.5,True,0.0,0.852467
ACSPublicCoverage,temporal,0,LightGBM,CA-2015,1,0.726,0.768667,0.042667,0.768667,0.778002,0.766358,0.770455,0.7788,0.9328,0.772133,-0.001788,-0.003467,0.52138,True,0.0487,0.852467
ACSPublicCoverage,temporal,0,LightGBM,CA-2016,1,0.707,0.768667,0.061667,0.768667,0.780863,0.769265,0.773316,0.784,0.9306,0.769933,-0.004649,-0.001267,0.510426,True,0.0643,0.852467
ACSPublicCoverage,temporal,0,LightGBM,CA-2017,1,0.7232,0.768667,0.045467,0.768667,0.779541,0.767948,0.771993,0.7788,0.9246,0.763933,-0.003327,0.004733,0.51369,True,0.0509,0.852467
ACSPublicCoverage,temporal,0,LightGBM,CA-2018,1,0.7168,0.768667,0.051867,0.768667,0.783274,0.771652,0.775727,0.7878,0.935,0.774333,-0.00706,-0.005667,0.532055,True,0.0591,0.852467
ACSPublicCoverage,temporal,0,LogReg,ID,0,0.7222,0.740333,0.018133,0.740333,0.738494,0.732375,0.740746,0.7424,0.98,0.742667,-0.000412,-0.002333,0.5,True,0.0,0.099624
ACSPublicCoverage,temporal,0,LogReg,CA-2015,1,0.6964,0.740333,0.043933,0.740333,0.74105,0.734891,0.743301,0.7424,0.9812,0.743867,-0.002968,-0.003533,0.52138,True,0.0487,0.099624
ACSPublicCoverage,temporal,0,LogReg,CA-2016,1,0.6836,0.740333,0.056733,0.740333,0.742122,0.735935,0.744373,0.749,0.9784,0.741067,-0.00404,-0.000733,0.510426,True,0.0643,0.099624
ACSPublicCoverage,temporal,0,LogReg,CA-2017,1,0.6954,0.740333,0.044933,0.740333,0.739145,0.733031,0.741397,0.7396,0.9786,0.741267,-0.001063,-0.000933,0.51369,True,0.0509,0.099624
ACSPublicCoverage,temporal,0,LogReg,CA-2018,1,0.6976,0.740333,0.042733,0.740333,0.739506,0.733357,0.741757,0.749,0.9772,0.739867,-0.001424,0.000467,0.532055,True,0.0591,0.099624
ACSPublicCoverage,temporal,0,MLP,ID,0,0.7346,0.754667,0.020067,0.754667,0.76777,0.750639,0.753103,0.752,0.9,0.746333,0.001564,0.008333,0.5,True,0.0,8.724749
ACSPublicCoverage,temporal,0,MLP,CA-2015,1,0.7076,0.754667,0.047067,0.754667,0.772891,0.755501,0.758225,0.7738,0.9114,0.757733,-0.003558,-0.003067,0.52138,True,0.0487,8.724749
ACSPublicCoverage,temporal,0,MLP,CA-2016,1,0.6914,0.754667,0.063267,0.754667,0.772956,0.75565,0.758289,0.7656,0.908,0.754333,-0.003623,0.000333,0.510426,True,0.0643,8.724749
ACSPublicCoverage,temporal,0,MLP,CA-2017,1,0.7048,0.754667,0.049867,0.754667,0.770771,0.753612,0.756105,0.7556,0.901,0.747333,-0.001438,0.007333,0.51369,True,0.0509,8.724749
ACSPublicCoverage,temporal,0,MLP,CA-2018,1,0.7094,0.754667,0.045267,0.754667,0.775241,0.757881,0.760575,0.7662,0.9122,0.758533,-0.005908,-0.003867,0.532055,True,0.0591,8.724749
ACSPublicCoverage,temporal,0,RandForest,ID,0,0.7222,0.752667,0.030467,0.752667,0.774351,0.727255,0.753171,0.7582,0.9178,0.760133,-0.000505,-0.007467,0.5,True,0.0,3.913794
ACSPublicCoverage,temporal,0,RandForest,CA-2015,1,0.7022,0.752667,0.050467,0.752667,0.77693,0.729333,0.755751,0.767,0.9162,0.758533,-0.003084,-0.005867,0.52138,True,0.0487,3.913794
ACSPublicCoverage,temporal,0,RandForest,CA-2016,1,0.6912,0.752667,0.061467,0.752667,0.775712,0.728626,0.754532,0.7644,0.919,0.761333,-0.001866,-0.008667,0.510426,True,0.0643,3.913794
ACSPublicCoverage,temporal,0,RandForest,CA-2017,1,0.7058,0.752667,0.046867,0.752667,0.775783,0.728439,0.754604,0.7652,0.9194,0.761733,-0.001937,-0.009067,0.51369,True,0.0509,3.913794
ACSPublicCoverage,temporal,0,RandForest,CA-2018,1,0.701,0.752667,0.051667,0.752667,0.780897,0.733447,0.759718,0.7756,0.9178,0.760133,-0.007051,-0.007467,0.532055,True,0.0591,3.913794
ACSPublicCoverage,temporal,0,XGBoost,ID,0,0.7416,0.759,0.0174,0.759,0.794989,0.755248,0.759909,0.7622,0.9184,0.7644,-0.000909,-0.0054,0.5,True,0.0,0.985335
ACSPublicCoverage,temporal,0,XGBoost,CA-2015,1,0.7166,0.759,0.0424,0.759,0.795839,0.756029,0.760759,0.7664,0.9184,0.7644,-0.001759,-0.0054,0.52138,True,0.0487,0.985335
ACSPublicCoverage,temporal,0,XGBoost,CA-2016,1,0.7012,0.759,0.0578,0.759,0.798472,0.758829,0.763393,0.7692,0.9074,0.7534,-0.004393,0.0056,0.510426,True,0.0643,0.985335
ACSPublicCoverage,temporal,0,XGBoost,CA-2017,1,0.7212,0.759,0.0378,0.759,0.799526,0.759607,0.764446,0.7748,0.922,0.768,-0.005446,-0.009,0.51369,True,0.0509,0.985335
ACSPublicCoverage,temporal,0,XGBoost,CA-2018,1,0.7072,0.759,0.0518,0.759,0.801626,0.761899,0.766546,0.7828,0.922,0.768,-0.007546,-0.009,0.532055,True,0.0591,0.985335
ACSPublicCoverage,temporal,1,CatBoost,ID,0,0.7594,0.763667,0.004267,0.763667,0.778641,0.767834,0.763234,0.757,0.9268,0.7588,0.000433,0.004867,0.5,True,0.0,2.839132
ACSPublicCoverage,temporal,1,CatBoost,CA-2015,1,0.7172,0.763667,0.046467,0.763667,0.783565,0.772715,0.768159,0.7692,0.9384,0.7704,-0.004492,-0.006733,0.515475,True,0.0552,2.839132
ACSPublicCoverage,temporal,1,CatBoost,CA-2016,1,0.7098,0.763667,0.053867,0.763667,0.781239,0.770579,0.765832,0.7574,0.9314,0.7634,-0.002165,0.000267,0.545715,True,0.0598,2.839132
ACSPublicCoverage,temporal,1,CatBoost,CA-2017,1,0.706,0.763667,0.057667,0.763667,0.78496,0.774174,0.769553,0.7712,0.9264,0.7584,-0.005887,0.005267,0.554906,True,0.0714,2.839132
ACSPublicCoverage,temporal,1,CatBoost,CA-2018,1,0.7148,0.763667,0.048867,0.763667,0.789475,0.778517,0.774069,0.7826,0.937,0.769,-0.010402,-0.005333,0.555875,True,0.056,2.839132
ACSPublicCoverage,temporal,1,LightGBM,ID,0,0.756,0.759333,0.003333,0.759333,0.778758,0.76354,0.761221,0.7638,0.9266,0.767267,-0.001887,-0.007933,0.5,True,0.0,0.884188
ACSPublicCoverage,temporal,1,LightGBM,CA-2015,1,0.7116,0.759333,0.047733,0.759333,0.783742,0.768423,0.766204,0.776,0.9262,0.766867,-0.006871,-0.007533,0.515475,True,0.0552,0.884188
ACSPublicCoverage,temporal,1,LightGBM,CA-2016,1,0.7068,0.759333,0.052533,0.759333,0.781376,0.766315,0.763838,0.7626,0.9192,0.759867,-0.004505,-0.000533,0.545715,True,0.0598,0.884188
ACSPublicCoverage,temporal,1,LightGBM,CA-2017,1,0.7058,0.759333,0.053533,0.759333,0.783353,0.768238,0.765815,0.7682,0.9226,0.763267,-0.006482,-0.003933,0.554906,True,0.0714,0.884188
ACSPublicCoverage,temporal,1,LightGBM,CA-2018,1,0.716,0.759333,0.043333,0.759333,0.78811,0.772784,0.770573,0.7792,0.9268,0.767467,-0.01124,-0.008133,0.555875,True,0.056,0.884188
ACSPublicCoverage,temporal,1,LogReg,ID,0,0.7394,0.734,-0.0054,0.734,0.737453,0.739854,0.735172,0.7356,0.9898,0.736133,-0.001172,-0.002133,0.5,True,0.0,0.09113
ACSPublicCoverage,temporal,1,LogReg,CA-2015,1,0.691,0.734,0.043,0.734,0.739284,0.741706,0.737003,0.7486,0.9904,0.736733,-0.003003,-0.002733,0.515475,True,0.0552,0.09113
ACSPublicCoverage,temporal,1,LogReg,CA-2016,1,0.6814,0.734,0.0526,0.734,0.737144,0.739547,0.734863,0.7402,0.9894,0.735733,-0.000863,-0.001733,0.545715,True,0.0598,0.09113
ACSPublicCoverage,temporal,1,LogReg,CA-2017,1,0.6818,0.734,0.0522,0.734,0.740013,0.742429,0.737732,0.7442,0.988,0.734333,-0.003732,-0.000333,0.554906,True,0.0714,0.09113
ACSPublicCoverage,temporal,1,LogReg,CA-2018,1,0.6944,0.734,0.0396,0.734,0.740359,0.742783,0.738078,0.753,0.9864,0.732733,-0.004078,0.001267,0.555875,True,0.056,0.09113
ACSPublicCoverage,temporal,1,MLP,ID,0,0.7462,0.755333,0.009133,0.755333,0.78842,0.761251,0.754969,0.751,0.9196,0.748933,0.000364,0.0064,0.5,True,0.0,9.497347
ACSPublicCoverage,temporal,1,MLP,CA-2015,1,0.7142,0.755333,0.041133,0.755333,0.794123,0.766848,0.760673,0.769,0.931,0.760333,-0.005339,-0.005,0.515475,True,0.0552,9.497347
ACSPublicCoverage,temporal,1,MLP,CA-2016,1,0.6976,0.755333,0.057733,0.755333,0.792808,0.765874,0.759357,0.755,0.929,0.758333,-0.004023,-0.003,0.545715,True,0.0598,9.497347
ACSPublicCoverage,temporal,1,MLP,CA-2017,1,0.6904,0.755333,0.064933,0.755333,0.794918,0.767802,0.761468,0.7608,0.9242,0.753533,-0.006134,0.0018,0.554906,True,0.0714,9.497347
ACSPublicCoverage,temporal,1,MLP,CA-2018,1,0.7,0.755333,0.055333,0.755333,0.798077,0.770628,0.764627,0.7788,0.9298,0.759133,-0.009293,-0.0038,0.555875,True,0.056,9.497347
ACSPublicCoverage,temporal,1,RandForest,ID,0,0.7416,0.746333,0.004733,0.746333,0.779409,0.734033,0.748274,0.7488,0.924,0.745333,-0.001941,0.001,0.5,True,0.0,4.002448
ACSPublicCoverage,temporal,1,RandForest,CA-2015,1,0.707,0.746333,0.039333,0.746333,0.782382,0.737078,0.751246,0.753,0.9242,0.745533,-0.004913,0.0008,0.515475,True,0.0552,4.002448
ACSPublicCoverage,temporal,1,RandForest,CA-2016,1,0.6878,0.746333,0.058533,0.746333,0.779629,0.734554,0.748493,0.749,0.922,0.743333,-0.00216,0.003,0.545715,True,0.0598,4.002448
ACSPublicCoverage,temporal,1,RandForest,CA-2017,1,0.6972,0.746333,0.049133,0.746333,0.781271,0.735757,0.750136,0.7506,0.92,0.741333,-0.003803,0.005,0.554906,True,0.0714,4.002448
ACSPublicCoverage,temporal,1,RandForest,CA-2018,1,0.707,0.746333,0.039333,0.746333,0.784116,0.739017,0.752981,0.755,0.9224,0.743733,-0.006647,0.0026,0.555875,True,0.056,4.002448
ACSPublicCoverage,temporal,1,XGBoost,ID,0,0.7522,0.762667,0.010467,0.762667,0.798098,0.758754,0.76402,0.7552,0.9108,0.7658,-0.001353,-0.003133,0.5,True,0.0,1.035326
ACSPublicCoverage,temporal,1,XGBoost,CA-2015,1,0.7088,0.762667,0.053867,0.762667,0.801331,0.761926,0.767252,0.769,0.9218,0.7768,-0.004586,-0.014133,0.515475,True,0.0552,1.035326
ACSPublicCoverage,temporal,1,XGBoost,CA-2016,1,0.7008,0.762667,0.061867,0.762667,0.799681,0.760824,0.765603,0.7572,0.909,0.764,-0.002936,-0.001333,0.545715,True,0.0598,1.035326
ACSPublicCoverage,temporal,1,XGBoost,CA-2017,1,0.7006,0.762667,0.062067,0.762667,0.801931,0.762709,0.767853,0.7666,0.9078,0.7628,-0.005186,-0.000133,0.554906,True,0.0714,1.035326
ACSPublicCoverage,temporal,1,XGBoost,CA-2018,1,0.7112,0.762667,0.051467,0.762667,0.806384,0.766818,0.772306,0.779,0.9174,0.7724,-0.009639,-0.009733,0.555875,True,0.056,1.035326
ACSPublicCoverage,temporal,2,CatBoost,ID,0,0.769,0.760667,-0.008333,0.760667,0.783925,0.75808,0.758791,0.7496,0.9404,0.765067,0.001876,-0.0044,0.5,True,0.0,3.678761
ACSPublicCoverage,temporal,2,CatBoost,CA-2015,1,0.7256,0.760667,0.035067,0.760667,0.78865,0.762882,0.763516,0.76,0.9356,0.760267,-0.00285,0.0004,0.519546,True,0.0642,3.678761
ACSPublicCoverage,temporal,2,CatBoost,CA-2016,1,0.7094,0.760667,0.051267,0.760667,0.787785,0.761923,0.762651,0.7468,0.9376,0.762267,-0.001984,-0.0016,0.526391,True,0.0788,3.678761
ACSPublicCoverage,temporal,2,CatBoost,CA-2017,1,0.7096,0.760667,0.051067,0.760667,0.791913,0.76581,0.76678,0.7616,0.941,0.765667,-0.006113,-0.005,0.545854,True,0.0756,3.678761
ACSPublicCoverage,temporal,2,CatBoost,CA-2018,1,0.7042,0.760667,0.056467,0.760667,0.791238,0.765365,0.766104,0.7518,0.942,0.766667,-0.005437,-0.006,0.551967,True,0.0738,3.678761
ACSPublicCoverage,temporal,2,LightGBM,ID,0,0.7678,0.759333,-0.008467,0.759333,0.784893,0.756905,0.757215,0.7512,0.9376,0.7626,0.002118,-0.003267,0.5,True,0.0,0.866031
ACSPublicCoverage,temporal,2,LightGBM,CA-2015,1,0.7234,0.759333,0.035933,0.759333,0.790493,0.76265,0.762815,0.7618,0.9354,0.7604,-0.003482,-0.001067,0.519546,True,0.0642,0.866031
ACSPublicCoverage,temporal,2,LightGBM,CA-2016,1,0.714,0.759333,0.045333,0.759333,0.78886,0.76097,0.761182,0.7528,0.9292,0.7542,-0.001849,0.005133,0.526391,True,0.0788,0.866031
ACSPublicCoverage,temporal,2,LightGBM,CA-2017,1,0.7104,0.759333,0.048933,0.759333,0.79314,0.76499,0.765462,0.7726,0.9432,0.7682,-0.006129,-0.008867,0.545854,True,0.0756,0.866031
ACSPublicCoverage,temporal,2,LightGBM,CA-2018,1,0.705,0.759333,0.054333,0.759333,0.792088,0.764185,0.76441,0.7612,0.94,0.765,-0.005077,-0.005667,0.551967,True,0.0738,0.866031
ACSPublicCoverage,temporal,2,LogReg,ID,0,0.7494,0.734667,-0.014733,0.734667,0.75027,0.730128,0.733113,0.7352,0.9914,0.732067,0.001554,0.0026,0.5,True,0.0,0.208402
ACSPublicCoverage,temporal,2,LogReg,CA-2015,1,0.704,0.734667,0.030667,0.734667,0.751368,0.731165,0.73421,0.7382,0.9936,0.734267,0.000456,0.0004,0.519546,True,0.0642,0.208402
ACSPublicCoverage,temporal,2,LogReg,CA-2016,1,0.6914,0.734667,0.043267,0.734667,0.751024,0.730795,0.733866,0.741,0.9932,0.733867,0.000801,0.0008,0.526391,True,0.0788,0.208402
ACSPublicCoverage,temporal,2,LogReg,CA-2017,1,0.6796,0.734667,0.055067,0.734667,0.755569,0.735166,0.738412,0.754,0.996,0.736667,-0.003745,-0.002,0.545854,True,0.0756,0.208402
ACSPublicCoverage,temporal,2,LogReg,CA-2018,1,0.6808,0.734667,0.053867,0.734667,0.753904,0.73358,0.736747,0.7462,0.9934,0.734067,-0.00208,0.0006,0.551967,True,0.0738,0.208402
ACSPublicCoverage,temporal,2,MLP,ID,0,0.757,0.744333,-0.012667,0.744333,0.755605,0.746424,0.744125,0.7462,0.845,0.735667,0.000209,0.008667,0.5,True,0.0,14.208746
ACSPublicCoverage,temporal,2,MLP,CA-2015,1,0.7112,0.744333,0.033133,0.744333,0.758608,0.749432,0.747127,0.7534,0.8546,0.745267,-0.002794,-0.000933,0.519546,True,0.0642,14.208746
ACSPublicCoverage,temporal,2,MLP,CA-2016,1,0.6974,0.744333,0.046933,0.744333,0.757442,0.748287,0.745961,0.7498,0.8516,0.742267,-0.001628,0.002067,0.526391,True,0.0788,14.208746
ACSPublicCoverage,temporal,2,MLP,CA-2017,1,0.6866,0.744333,0.057733,0.744333,0.761792,0.752573,0.750312,0.752,0.8592,0.749867,-0.005978,-0.005533,0.545854,True,0.0756,14.208746
ACSPublicCoverage,temporal,2,MLP,CA-2018,1,0.686,0.744333,0.058333,0.744333,0.761177,0.751952,0.749696,0.7546,0.8512,0.741867,-0.005363,0.002467,0.551967,True,0.0738,14.208746
ACSPublicCoverage,temporal,2,RandForest,ID,0,0.7534,0.748,-0.0054,0.748,0.780898,0.726368,0.744567,0.726,0.9212,0.7502,0.003433,-0.0022,0.5,True,0.0,4.78322
ACSPublicCoverage,temporal,2,RandForest,CA-2015,1,0.7138,0.748,0.0342,0.748,0.783522,0.729184,0.747191,0.7386,0.9208,0.7498,0.000809,-0.0018,0.519546,True,0.0642,4.78322
ACSPublicCoverage,temporal,2,RandForest,CA-2016,1,0.6972,0.748,0.0508,0.748,0.781987,0.727947,0.745656,0.7334,0.9232,0.7522,0.002344,-0.0042,0.526391,True,0.0788,4.78322
ACSPublicCoverage,temporal,2,RandForest,CA-2017,1,0.7034,0.748,0.0446,0.748,0.789239,0.734004,0.752909,0.7534,0.9252,0.7542,-0.004909,-0.0062,0.545854,True,0.0756,4.78322
ACSPublicCoverage,temporal,2,RandForest,CA-2018,1,0.6884,0.748,0.0596,0.748,0.786747,0.731829,0.750417,0.7478,0.924,0.753,-0.002417,-0.005,0.551967,True,0.0738,4.78322
ACSPublicCoverage,temporal,2,XGBoost,ID,0,0.7598,0.751667,-0.008133,0.751667,0.800332,0.749406,0.7495,0.7348,0.9096,0.7346,0.002166,0.017067,0.5,True,0.0,1.03341
ACSPublicCoverage,temporal,2,XGBoost,CA-2015,1,0.719,0.751667,0.032667,0.751667,0.807669,0.756656,0.756838,0.7496,0.9214,0.7464,-0.005171,0.005267,0.519546,True,0.0642,1.03341
ACSPublicCoverage,temporal,2,XGBoost,CA-2016,1,0.708,0.751667,0.043667,0.751667,0.805343,0.754401,0.754511,0.7448,0.9136,0.7386,-0.002845,0.013067,0.526391,True,0.0788,1.03341
ACSPublicCoverage,temporal,2,XGBoost,CA-2017,1,0.7074,0.751667,0.044267,0.751667,0.807684,0.756342,0.756853,0.7524,0.9252,0.7502,-0.005186,0.001467,0.545854,True,0.0756,1.03341
ACSPublicCoverage,temporal,2,XGBoost,CA-2018,1,0.7058,0.751667,0.045867,0.751667,0.807553,0.757002,0.756722,0.7438,0.92,0.745,-0.005055,0.006667,0.551967,True,0.0738,1.03341
ACSPublicCoverage,temporal,3,CatBoost,ID,0,0.7598,0.752333,-0.007467,0.752333,0.782929,0.759697,0.753608,0.7504,0.9334,0.758067,-0.001274,-0.005733,0.5,True,0.0,2.860875
ACSPublicCoverage,temporal,3,CatBoost,CA-2015,1,0.719,0.752333,0.033333,0.752333,0.787141,0.763835,0.75782,0.7578,0.9276,0.752267,-0.005486,6.7e-05,0.516631,True,0.0743,2.860875
ACSPublicCoverage,temporal,3,CatBoost,CA-2016,1,0.7052,0.752333,0.047133,0.752333,0.790052,0.766633,0.760731,0.7736,0.9382,0.762867,-0.008397,-0.010533,0.506431,True,0.0743,2.860875
ACSPublicCoverage,temporal,3,CatBoost,CA-2017,1,0.7014,0.752333,0.050933,0.752333,0.790907,0.767545,0.761586,0.7726,0.9326,0.757267,-0.009252,-0.004933,0.51568,True,0.0829,2.860875
ACSPublicCoverage,temporal,3,CatBoost,CA-2018,1,0.716,0.752333,0.036333,0.752333,0.7892,0.766166,0.759879,0.7618,0.933,0.757667,-0.007546,-0.005333,0.532587,True,0.0697,2.860875
ACSPublicCoverage,temporal,3,LightGBM,ID,0,0.764,0.754667,-0.009333,0.754667,0.784678,0.759627,0.756231,0.7506,0.9268,0.749467,-0.001565,0.0052,0.5,True,0.0,0.905111
ACSPublicCoverage,temporal,3,LightGBM,CA-2015,1,0.7196,0.754667,0.035067,0.754667,0.787735,0.762599,0.759288,0.7586,0.9276,0.750267,-0.004621,0.0044,0.516631,True,0.0743,0.905111
ACSPublicCoverage,temporal,3,LightGBM,CA-2016,1,0.712,0.754667,0.042667,0.754667,0.788558,0.763523,0.760111,0.763,0.9286,0.751267,-0.005444,0.0034,0.506431,True,0.0743,0.905111
ACSPublicCoverage,temporal,3,LightGBM,CA-2017,1,0.7002,0.754667,0.054467,0.754667,0.791008,0.76579,0.762561,0.7656,0.933,0.755667,-0.007894,-0.001,0.51568,True,0.0829,0.905111
ACSPublicCoverage,temporal,3,LightGBM,CA-2018,1,0.709,0.754667,0.045667,0.754667,0.790352,0.765434,0.761905,0.7602,0.9272,0.749867,-0.007239,0.0048,0.532587,True,0.0697,0.905111
ACSPublicCoverage,temporal,3,LogReg,ID,0,0.7374,0.730667,-0.006733,0.730667,0.750963,0.732786,0.732753,0.7382,0.9856,0.734933,-0.002086,-0.004267,0.5,True,0.0,0.090976
ACSPublicCoverage,temporal,3,LogReg,CA-2015,1,0.6962,0.730667,0.034467,0.730667,0.753303,0.734986,0.735093,0.7488,0.9878,0.737133,-0.004426,-0.006467,0.516631,True,0.0743,0.090976
ACSPublicCoverage,temporal,3,LogReg,CA-2016,1,0.6888,0.730667,0.041867,0.730667,0.751691,0.73352,0.733481,0.7388,0.9858,0.735133,-0.002814,-0.004467,0.506431,True,0.0743,0.090976
ACSPublicCoverage,temporal,3,LogReg,CA-2017,1,0.6794,0.730667,0.051267,0.730667,0.753717,0.735389,0.735507,0.7574,0.9852,0.734533,-0.00484,-0.003867,0.51568,True,0.0829,0.090976
ACSPublicCoverage,temporal,3,LogReg,CA-2018,1,0.6904,0.730667,0.040267,0.730667,0.753645,0.735309,0.735435,0.7522,0.9874,0.736733,-0.004768,-0.006067,0.532587,True,0.0697,0.090976
ACSPublicCoverage,temporal,3,MLP,ID,0,0.752,0.738333,-0.013667,0.738333,0.759323,0.749025,0.741048,0.7554,0.8694,0.744067,-0.002714,-0.005733,0.5,True,0.0,7.548452
ACSPublicCoverage,temporal,3,MLP,CA-2015,1,0.7084,0.738333,0.029933,0.738333,0.762638,0.752302,0.744363,0.7574,0.8746,0.749267,-0.006029,-0.010933,0.516631,True,0.0743,7.548452
ACSPublicCoverage,temporal,3,MLP,CA-2016,1,0.6898,0.738333,0.048533,0.738333,0.763964,0.753572,0.745688,0.7676,0.8778,0.752467,-0.007355,-0.014133,0.506431,True,0.0743,7.548452
ACSPublicCoverage,temporal,3,MLP,CA-2017,1,0.6868,0.738333,0.051533,0.738333,0.765215,0.754793,0.746939,0.7716,0.8796,0.754267,-0.008605,-0.015933,0.51568,True,0.0829,7.548452
ACSPublicCoverage,temporal,3,MLP,CA-2018,1,0.6974,0.738333,0.040933,0.738333,0.765561,0.755156,0.747285,0.7662,0.8844,0.759067,-0.008952,-0.020733,0.532587,True,0.0697,7.548452
ACSPublicCoverage,temporal,3,RandForest,ID,0,0.7408,0.74,-0.0008,0.74,0.782043,0.721795,0.738399,0.7326,0.9166,0.7396,0.001601,0.0004,0.5,True,0.0,3.990678
ACSPublicCoverage,temporal,3,RandForest,CA-2015,1,0.7058,0.74,0.0342,0.74,0.783822,0.722361,0.740178,0.7342,0.9196,0.7426,-0.000178,-0.0026,0.516631,True,0.0743,3.990678
ACSPublicCoverage,temporal,3,RandForest,CA-2016,1,0.6986,0.74,0.0414,0.74,0.785256,0.723707,0.741612,0.7434,0.9242,0.7472,-0.001612,-0.0072,0.506431,True,0.0743,3.990678
ACSPublicCoverage,temporal,3,RandForest,CA-2017,1,0.6922,0.74,0.0478,0.74,0.78767,0.725855,0.744026,0.75,0.9284,0.7514,-0.004026,-0.0114,0.51568,True,0.0829,3.990678
ACSPublicCoverage,temporal,3,RandForest,CA-2018,1,0.698,0.74,0.042,0.74,0.789586,0.727947,0.745942,0.7498,0.9234,0.7464,-0.005942,-0.0064,0.532587,True,0.0697,3.990678
ACSPublicCoverage,temporal,3,XGBoost,ID,0,0.7498,0.747,-0.0028,0.747,0.801936,0.748851,0.747918,0.7416,0.911,0.759,-0.000918,-0.012,0.5,True,0.0,0.987478
ACSPublicCoverage,temporal,3,XGBoost,CA-2015,1,0.7176,0.747,0.0294,0.747,0.804192,0.750816,0.750174,0.744,0.9142,0.7622,-0.003174,-0.0152,0.516631,True,0.0743,0.987478
ACSPublicCoverage,temporal,3,XGBoost,CA-2016,1,0.7074,0.747,0.0396,0.747,0.80841,0.754898,0.754392,0.758,0.919,0.767,-0.007392,-0.02,0.506431,True,0.0743,0.987478
ACSPublicCoverage,temporal,3,XGBoost,CA-2017,1,0.6956,0.747,0.0514,0.747,0.80727,0.753877,0.753252,0.7574,0.9082,0.7562,-0.006252,-0.0092,0.51568,True,0.0829,0.987478
ACSPublicCoverage,temporal,3,XGBoost,CA-2018,1,0.713,0.747,0.034,0.747,0.805961,0.753399,0.751943,0.7514,0.9192,0.7672,-0.004943,-0.0202,0.532587,True,0.0697,0.987478
ACSPublicCoverage,temporal,4,CatBoost,ID,0,0.759,0.767333,0.008333,0.767333,0.777066,0.757672,0.765741,0.7636,0.9284,0.7674,0.001593,-6.7e-05,0.5,True,0.0,2.9447
ACSPublicCoverage,temporal,4,CatBoost,CA-2015,1,0.714,0.767333,0.053333,0.767333,0.778257,0.758854,0.766933,0.7664,0.9286,0.7676,0.000401,-0.000267,0.496162,True,0.0594,2.9447
ACSPublicCoverage,temporal,4,CatBoost,CA-2016,1,0.7062,0.767333,0.061133,0.767333,0.7783,0.75892,0.766975,0.7672,0.9296,0.7686,0.000358,-0.001267,0.513218,True,0.0744,2.9447
ACSPublicCoverage,temporal,4,CatBoost,CA-2017,1,0.6908,0.767333,0.076533,0.767333,0.78118,0.761768,0.769855,0.7762,0.9254,0.7644,-0.002522,0.002933,0.528641,True,0.0808,2.9447
ACSPublicCoverage,temporal,4,CatBoost,CA-2018,1,0.7146,0.767333,0.052733,0.767333,0.787849,0.768259,0.776524,0.7876,0.9352,0.7742,-0.009191,-0.006867,0.530771,True,0.0672,2.9447
ACSPublicCoverage,temporal,4,LightGBM,ID,0,0.7602,0.760333,0.000133,0.760333,0.777349,0.754714,0.759581,0.7652,0.9314,0.7534,0.000752,0.006933,0.5,True,0.0,0.882033
ACSPublicCoverage,temporal,4,LightGBM,CA-2015,1,0.7088,0.760333,0.051533,0.760333,0.78016,0.757376,0.762392,0.7676,0.9356,0.7576,-0.002058,0.002733,0.496162,True,0.0594,0.882033
ACSPublicCoverage,temporal,4,LightGBM,CA-2016,1,0.7024,0.760333,0.057933,0.760333,0.779683,0.756992,0.761915,0.7662,0.9294,0.7514,-0.001581,0.008933,0.513218,True,0.0744,0.882033
ACSPublicCoverage,temporal,4,LightGBM,CA-2017,1,0.6918,0.760333,0.068533,0.760333,0.781989,0.759346,0.764221,0.7692,0.9266,0.7486,-0.003888,0.011733,0.528641,True,0.0808,0.882033
ACSPublicCoverage,temporal,4,LightGBM,CA-2018,1,0.71,0.760333,0.050333,0.760333,0.787734,0.764954,0.769966,0.7838,0.9326,0.7546,-0.009633,0.005733,0.530771,True,0.0672,0.882033
ACSPublicCoverage,temporal,4,LogReg,ID,0,0.7432,0.747667,0.004467,0.747667,0.740961,0.738622,0.745644,0.743,0.9866,0.7456,0.002023,0.002067,0.5,True,0.0,0.096133
ACSPublicCoverage,temporal,4,LogReg,CA-2015,1,0.6936,0.747667,0.054067,0.747667,0.742403,0.740053,0.747086,0.753,0.987,0.746,0.00058,0.001667,0.496162,True,0.0594,0.096133
ACSPublicCoverage,temporal,4,LogReg,CA-2016,1,0.6786,0.747667,0.069067,0.747667,0.741018,0.73868,0.745701,0.7396,0.9888,0.7478,0.001965,-0.000133,0.513218,True,0.0744,0.096133
ACSPublicCoverage,temporal,4,LogReg,CA-2017,1,0.677,0.747667,0.070667,0.747667,0.740729,0.738388,0.745412,0.7416,0.9882,0.7472,0.002255,0.000467,0.528641,True,0.0808,0.096133
ACSPublicCoverage,temporal,4,LogReg,CA-2018,1,0.6938,0.747667,0.053867,0.747667,0.744782,0.742423,0.749465,0.7574,0.9872,0.7462,-0.001798,0.001467,0.530771,True,0.0672,0.096133
ACSPublicCoverage,temporal,4,MLP,ID,0,0.7508,0.758,0.0072,0.758,0.770968,0.751328,0.756659,0.744,0.8952,0.746867,0.001341,0.011133,0.5,True,0.0,10.245879
ACSPublicCoverage,temporal,4,MLP,CA-2015,1,0.6962,0.758,0.0618,0.758,0.772753,0.753107,0.758444,0.7488,0.8972,0.748867,-0.000444,0.009133,0.496162,True,0.0594,10.245879
ACSPublicCoverage,temporal,4,MLP,CA-2016,1,0.693,0.758,0.065,0.758,0.770764,0.75127,0.756454,0.7432,0.8942,0.745867,0.001546,0.012133,0.513218,True,0.0744,10.245879
ACSPublicCoverage,temporal,4,MLP,CA-2017,1,0.6812,0.758,0.0768,0.758,0.774536,0.754982,0.760226,0.7596,0.8994,0.751067,-0.002226,0.006933,0.528641,True,0.0808,10.245879
ACSPublicCoverage,temporal,4,MLP,CA-2018,1,0.7064,0.758,0.0516,0.758,0.780851,0.761057,0.766542,0.7666,0.8992,0.750867,-0.008542,0.007133,0.530771,True,0.0672,10.245879
ACSPublicCoverage,temporal,4,RandForest,ID,0,0.7476,0.745667,-0.001933,0.745667,0.773549,0.722697,0.743931,0.7524,0.9208,0.745467,0.001736,0.0002,0.5,True,0.0,5.565012
ACSPublicCoverage,temporal,4,RandForest,CA-2015,1,0.6912,0.745667,0.054467,0.745667,0.775396,0.724598,0.745778,0.7492,0.9206,0.745267,-0.000111,0.0004,0.496162,True,0.0594,5.565012
ACSPublicCoverage,temporal,4,RandForest,CA-2016,1,0.6946,0.745667,0.051067,0.745667,0.775577,0.724953,0.745959,0.7522,0.9192,0.743867,-0.000292,0.0018,0.513218,True,0.0744,5.565012
ACSPublicCoverage,temporal,4,RandForest,CA-2017,1,0.6844,0.745667,0.061267,0.745667,0.779897,0.729112,0.750279,0.7538,0.9206,0.745267,-0.004612,0.0004,0.528641,True,0.0808,5.565012
ACSPublicCoverage,temporal,4,RandForest,CA-2018,1,0.7016,0.745667,0.044067,0.745667,0.782169,0.730847,0.75255,0.7644,0.9192,0.743867,-0.006884,0.0018,0.530771,True,0.0672,5.565012
ACSPublicCoverage,temporal,4,XGBoost,ID,0,0.7514,0.753333,0.001933,0.753333,0.794143,0.744256,0.751316,0.7454,0.9022,0.741867,0.002017,0.011467,0.5,True,0.0,1.069461
ACSPublicCoverage,temporal,4,XGBoost,CA-2015,1,0.7044,0.753333,0.048933,0.753333,0.797178,0.746968,0.754351,0.7564,0.912,0.751667,-0.001018,0.001667,0.496162,True,0.0594,1.069461
ACSPublicCoverage,temporal,4,XGBoost,CA-2016,1,0.7032,0.753333,0.050133,0.753333,0.797663,0.747676,0.754836,0.7534,0.9068,0.746467,-0.001503,0.006867,0.513218,True,0.0744,1.069461
ACSPublicCoverage,temporal,4,XGBoost,CA-2017,1,0.689,0.753333,0.064333,0.753333,0.799433,0.749508,0.756606,0.7554,0.912,0.751667,-0.003273,0.001667,0.528641,True,0.0808,1.069461
ACSPublicCoverage,temporal,4,XGBoost,CA-2018,1,0.7078,0.753333,0.045533,0.753333,0.805974,0.755595,0.763147,0.7676,0.9152,0.754867,-0.009813,-0.001533,0.530771,True,0.0672,1.069461
